{"path":"C:\\Samsung Prism\\myvenv\\datasets\\images\\train\\24722.jpg","outputs":{"object":[{"name":" arrow backward","bndbox":{"xmin":24,"ymin":70,"xmax":109,"ymax":172}},{"name":" more","bndbox":{"xmin":985,"ymin":64,"xmax":1069,"ymax":175}},{"name":" edit","bndbox":{"xmin":36,"ymin":785,"xmax":148,"ymax":893}},{"name":" arrow backward","bndbox":{"xmin":60,"ymin":929,"xmax":145,"ymax":1049}},{"name":" expand more","bndbox":{"xmin":673,"ymin":496,"xmax":736,"ymax":572}},{"name":" expand more","bndbox":{"xmin":685,"ymin":785,"xmax":736,"ymax":869}},{"name":" expand more","bndbox":{"xmin":685,"ymin":1085,"xmax":760,"ymax":1157}},{"name":" expand more","bndbox":{"xmin":697,"ymin":1208,"xmax":757,"ymax":1283}},{"name":" expand more","bndbox":{"xmin":685,"ymin":1331,"xmax":769,"ymax":1412}}]},"time_labeled":1695999795173,"labeled":true,"size":{"width":1080,"height":1920,"depth":3}}