{"path":"C:\\Samsung Prism\\myvenv\\datasets\\images\\train\\24734.jpg","outputs":{"object":[{"name":" arrow backward","bndbox":{"xmin":24,"ymin":76,"xmax":72,"ymax":163}},{"name":" expand more","bndbox":{"xmin":961,"ymin":184,"xmax":1012,"ymax":244}},{"name":" expand more","bndbox":{"xmin":955,"ymin":304,"xmax":1012,"ymax":376}},{"name":" expand more","bndbox":{"xmin":961,"ymin":1301,"xmax":1012,"ymax":1331}},{"name":" expand more","bndbox":{"xmin":961,"ymin":1415,"xmax":1012,"ymax":1463}},{"name":" expand more","bndbox":{"xmin":943,"ymin":1530,"xmax":1045,"ymax":1596}},{"name":" expand more","bndbox":{"xmin":943,"ymin":1662,"xmax":1033,"ymax":1734}}]},"time_labeled":1695999805561,"labeled":true,"size":{"width":1080,"height":1920,"depth":3}}