{"path":"C:\\Samsung Prism\\myvenv\\datasets\\images\\train\\24742.jpg","outputs":{"object":[{"name":" arrow backward","bndbox":{"xmin":18,"ymin":52,"xmax":50,"ymax":87}},{"name":" search","bndbox":{"xmin":380,"ymin":117,"xmax":415,"ymax":157}},{"name":"star","bndbox":{"xmin":117,"ymin":346,"xmax":138,"ymax":371}},{"name":"star","bndbox":{"xmin":108,"ymin":473,"xmax":142,"ymax":506}},{"name":"star","bndbox":{"xmin":113,"ymin":608,"xmax":142,"ymax":631}},{"name":"star","bndbox":{"xmin":108,"ymin":746,"xmax":140,"ymax":771}}]},"time_labeled":1695999812792,"labeled":true,"size":{"width":540,"height":960,"depth":3}}