{"path":"C:\\Samsung Prism\\myvenv\\datasets\\images\\train\\24748.jpg","outputs":{"object":[{"name":" arrow backward","bndbox":{"xmin":17,"ymin":47,"xmax":60,"ymax":88}},{"name":" search","bndbox":{"xmin":392,"ymin":117,"xmax":420,"ymax":147}},{"name":"star","bndbox":{"xmin":112,"ymin":207,"xmax":137,"ymax":236}},{"name":"star","bndbox":{"xmin":117,"ymin":343,"xmax":135,"ymax":366}},{"name":"star","bndbox":{"xmin":112,"ymin":471,"xmax":137,"ymax":503}},{"name":"star","bndbox":{"xmin":112,"ymin":606,"xmax":137,"ymax":632}},{"name":"star","bndbox":{"xmin":117,"ymin":741,"xmax":140,"ymax":767}}]},"time_labeled":1695999818641,"labeled":true,"size":{"width":540,"height":960,"depth":3}}