{"path":"C:\\Samsung Prism\\myvenv\\datasets\\images\\train\\24743.jpg","outputs":{"object":[{"name":" Cart","bndbox":{"xmin":470,"ymin":47,"xmax":505,"ymax":88}},{"name":" arrow backward","bndbox":{"xmin":15,"ymin":52,"xmax":57,"ymax":85}},{"name":"star","bndbox":{"xmin":135,"ymin":187,"xmax":167,"ymax":211}},{"name":"star","bndbox":{"xmin":18,"ymin":386,"xmax":42,"ymax":406}},{"name":"star","bndbox":{"xmin":17,"ymin":536,"xmax":38,"ymax":556}},{"name":"star","bndbox":{"xmin":18,"ymin":712,"xmax":47,"ymax":746}},{"name":"star","bndbox":{"xmin":22,"ymin":862,"xmax":38,"ymax":888}}]},"time_labeled":1695999814368,"labeled":true,"size":{"width":540,"height":960,"depth":3}}