{"path":"C:\\Samsung Prism\\myvenv\\datasets\\images\\train\\24747.jpg","outputs":{"object":[{"name":" arrow backward","bndbox":{"xmin":22,"ymin":52,"xmax":60,"ymax":95}},{"name":" search","bndbox":{"xmin":420,"ymin":48,"xmax":472,"ymax":98}},{"name":" Cart","bndbox":{"xmin":492,"ymin":45,"xmax":530,"ymax":93}},{"name":" add","bndbox":{"xmin":482,"ymin":485,"xmax":522,"ymax":530}},{"name":" add","bndbox":{"xmin":480,"ymin":617,"xmax":515,"ymax":672}},{"name":" add","bndbox":{"xmin":483,"ymin":765,"xmax":515,"ymax":805}},{"name":"star","bndbox":{"xmin":142,"ymin":186,"xmax":163,"ymax":216}}]},"time_labeled":1695999817743,"labeled":true,"size":{"width":540,"height":960,"depth":3}}