{"path":"C:\\Samsung Prism\\myvenv\\datasets\\images\\train\\24744.jpg","outputs":{"object":[{"name":" arrow backward","bndbox":{"xmin":17,"ymin":50,"xmax":65,"ymax":87}},{"name":" search","bndbox":{"xmin":395,"ymin":52,"xmax":450,"ymax":97}},{"name":" Cart","bndbox":{"xmin":470,"ymin":47,"xmax":505,"ymax":87}},{"name":" add","bndbox":{"xmin":480,"ymin":487,"xmax":518,"ymax":532}},{"name":" add","bndbox":{"xmin":477,"ymin":622,"xmax":520,"ymax":668}},{"name":" add","bndbox":{"xmin":482,"ymin":758,"xmax":522,"ymax":812}},{"name":"star","bndbox":{"xmin":137,"ymin":186,"xmax":168,"ymax":216}}]},"time_labeled":1695999815377,"labeled":true,"size":{"width":540,"height":960,"depth":3}}