{"path":"C:\\Samsung Prism\\myvenv\\datasets\\images\\train\\24757.jpg","outputs":{"object":[{"name":" arrow backward","bndbox":{"xmin":22,"ymin":88,"xmax":106,"ymax":184}},{"name":" expand more","bndbox":{"xmin":1001,"ymin":256,"xmax":1040,"ymax":325}},{"name":" expand more","bndbox":{"xmin":1001,"ymin":385,"xmax":1067,"ymax":436}},{"name":" expand more","bndbox":{"xmin":989,"ymin":512,"xmax":1043,"ymax":596}},{"name":" expand more","bndbox":{"xmin":992,"ymin":797,"xmax":1037,"ymax":902}},{"name":" expand more","bndbox":{"xmin":989,"ymin":1085,"xmax":1049,"ymax":1214}},{"name":" expand more","bndbox":{"xmin":977,"ymin":1382,"xmax":1043,"ymax":1478}}]},"time_labeled":1695999825926,"labeled":true,"size":{"width":1080,"height":1920,"depth":3}}