{"path":"C:\\Samsung Prism\\myvenv\\datasets\\images\\train\\24758.jpg","outputs":{"object":[{"name":" expand more","bndbox":{"xmin":968,"ymin":253,"xmax":1049,"ymax":337}},{"name":" expand more","bndbox":{"xmin":977,"ymin":385,"xmax":1049,"ymax":457}},{"name":" expand more","bndbox":{"xmin":983,"ymin":506,"xmax":1043,"ymax":578}},{"name":" expand more","bndbox":{"xmin":977,"ymin":806,"xmax":1049,"ymax":878}},{"name":" expand more","bndbox":{"xmin":971,"ymin":1100,"xmax":1049,"ymax":1190}},{"name":" expand more","bndbox":{"xmin":953,"ymin":1394,"xmax":1055,"ymax":1478}}]},"time_labeled":1695999826603,"labeled":true,"size":{"width":1080,"height":1920,"depth":3}}