{"path":"C:\\Samsung Prism\\myvenv\\datasets\\images\\train\\24766.jpg","outputs":{"object":[{"name":" check","bndbox":{"xmin":43,"ymin":280,"xmax":118,"ymax":361}},{"name":" info","bndbox":{"xmin":929,"ymin":268,"xmax":1013,"ymax":391}},{"name":" info","bndbox":{"xmin":941,"ymin":415,"xmax":1016,"ymax":554}},{"name":" info","bndbox":{"xmin":917,"ymin":593,"xmax":1025,"ymax":704}},{"name":" info","bndbox":{"xmin":929,"ymin":746,"xmax":1031,"ymax":866}}]},"time_labeled":1695999832424,"labeled":true,"size":{"width":1080,"height":1920,"depth":3}}