{"path":"C:\\Samsung Prism\\myvenv\\datasets\\images\\train\\24760.jpg","outputs":{"object":[{"name":" arrow backward","bndbox":{"xmin":31,"ymin":85,"xmax":139,"ymax":163}},{"name":" Camera","bndbox":{"xmin":475,"ymin":265,"xmax":617,"ymax":397}},{"name":" expand more","bndbox":{"xmin":1013,"ymin":992,"xmax":1076,"ymax":1070}},{"name":" expand more","bndbox":{"xmin":1019,"ymin":1106,"xmax":1079,"ymax":1193}},{"name":" info","bndbox":{"xmin":70,"ymin":1262,"xmax":175,"ymax":1322}}]},"time_labeled":1695999828062,"labeled":true,"size":{"width":1080,"height":1920,"depth":3}}