{"path":"C:\\Samsung Prism\\myvenv\\datasets\\images\\train\\24777.jpg","outputs":{"object":[{"name":" arrow backward","bndbox":{"xmin":28,"ymin":28,"xmax":136,"ymax":133}},{"name":" home","bndbox":{"xmin":743,"ymin":40,"xmax":827,"ymax":121}},{"name":" more","bndbox":{"xmin":1004,"ymin":25,"xmax":1043,"ymax":109}},{"name":" check","bndbox":{"xmin":683,"ymin":163,"xmax":749,"ymax":253}},{"name":" more","bndbox":{"xmin":857,"ymin":533,"xmax":932,"ymax":593}}]},"time_labeled":1695999839756,"labeled":true,"size":{"width":1080,"height":1920,"depth":3}}