{"path":"C:\\Samsung Prism\\myvenv\\datasets\\images\\train\\24789.jpg","outputs":{"object":[{"name":" arrow backward","bndbox":{"xmin":31,"ymin":85,"xmax":103,"ymax":157}},{"name":" more","bndbox":{"xmin":971,"ymin":85,"xmax":1061,"ymax":175}},{"name":" search","bndbox":{"xmin":136,"ymin":88,"xmax":208,"ymax":148}},{"name":" home","bndbox":{"xmin":34,"ymin":223,"xmax":112,"ymax":313}},{"name":" settings","bndbox":{"xmin":40,"ymin":385,"xmax":100,"ymax":451}}]},"time_labeled":1695999849641,"labeled":true,"size":{"width":1080,"height":1920,"depth":3}}