{"path":"C:\\Samsung Prism\\myvenv\\datasets\\images\\train\\24787.jpg","outputs":{"object":[{"name":" menu","bndbox":{"xmin":40,"ymin":88,"xmax":124,"ymax":157}},{"name":" more","bndbox":{"xmin":968,"ymin":85,"xmax":1037,"ymax":181}},{"name":" more","bndbox":{"xmin":977,"ymin":217,"xmax":1040,"ymax":340}},{"name":" search","bndbox":{"xmin":148,"ymin":79,"xmax":196,"ymax":160}},{"name":" arrow backward","bndbox":{"xmin":211,"ymin":1557,"xmax":316,"ymax":1635}},{"name":" arrow forward","bndbox":{"xmin":929,"ymin":1551,"xmax":1025,"ymax":1659}},{"name":" refresh","bndbox":{"xmin":545,"ymin":1563,"xmax":725,"ymax":1635}}]},"time_labeled":1695999848219,"labeled":true,"size":{"width":1080,"height":1920,"depth":3}}