{"path":"C:\\Samsung Prism\\myvenv\\datasets\\images\\train\\24828.jpg","outputs":{"object":[{"name":" Skip Next","bndbox":{"xmin":391,"ymin":385,"xmax":503,"ymax":481}},{"name":" arrow forward","bndbox":{"xmin":944,"ymin":373,"xmax":1019,"ymax":469}},{"name":" arrow forward","bndbox":{"xmin":394,"ymin":608,"xmax":484,"ymax":698}},{"name":" arrow forward","bndbox":{"xmin":388,"ymin":1094,"xmax":478,"ymax":1190}},{"name":" arrow forward","bndbox":{"xmin":376,"ymin":1334,"xmax":484,"ymax":1424}},{"name":" arrow forward","bndbox":{"xmin":947,"ymin":854,"xmax":1025,"ymax":956}}]},"time_labeled":1695999872148,"labeled":true,"size":{"width":1080,"height":1920,"depth":3}}