{"path":"C:\\Samsung Prism\\myvenv\\datasets\\images\\train\\24829.jpg","outputs":{"object":[{"name":" arrow forward","bndbox":{"xmin":394,"ymin":388,"xmax":487,"ymax":487}},{"name":" arrow forward","bndbox":{"xmin":400,"ymin":620,"xmax":496,"ymax":722}},{"name":" arrow forward","bndbox":{"xmin":388,"ymin":1088,"xmax":484,"ymax":1193}},{"name":" arrow forward","bndbox":{"xmin":388,"ymin":1349,"xmax":509,"ymax":1418}},{"name":" arrow forward","bndbox":{"xmin":953,"ymin":866,"xmax":1016,"ymax":953}},{"name":" arrow forward","bndbox":{"xmin":941,"ymin":385,"xmax":1013,"ymax":469}}]},"time_labeled":1695999872667,"labeled":true,"size":{"width":1080,"height":1920,"depth":3}}