{"path":"C:\\Samsung Prism\\myvenv\\datasets\\images\\train\\24827.jpg","outputs":{"object":[{"name":" arrow backward","bndbox":{"xmin":34,"ymin":85,"xmax":100,"ymax":181}},{"name":" check","bndbox":{"xmin":16,"ymin":752,"xmax":64,"ymax":830}},{"name":" check","bndbox":{"xmin":16,"ymin":830,"xmax":76,"ymax":914}},{"name":" arrow forward","bndbox":{"xmin":992,"ymin":1190,"xmax":1049,"ymax":1322}},{"name":" arrow forward","bndbox":{"xmin":989,"ymin":1430,"xmax":1052,"ymax":1551}},{"name":" arrow forward","bndbox":{"xmin":1001,"ymin":1557,"xmax":1040,"ymax":1662}},{"name":" arrow forward","bndbox":{"xmin":983,"ymin":1674,"xmax":1061,"ymax":1779}}]},"time_labeled":1695999871212,"labeled":true,"size":{"width":1080,"height":1920,"depth":3}}