{"path":"C:\\Samsung Prism\\myvenv\\datasets\\images\\train\\24822.jpg","outputs":{"object":[{"name":" close","bndbox":{"xmin":16,"ymin":412,"xmax":100,"ymax":518}},{"name":" search","bndbox":{"xmin":965,"ymin":97,"xmax":1073,"ymax":256}},{"name":" arrow forward","bndbox":{"xmin":67,"ymin":710,"xmax":118,"ymax":809}},{"name":" arrow forward","bndbox":{"xmin":46,"ymin":956,"xmax":130,"ymax":1118}},{"name":" arrow forward","bndbox":{"xmin":52,"ymin":1250,"xmax":148,"ymax":1370}},{"name":" arrow forward","bndbox":{"xmin":64,"ymin":1527,"xmax":136,"ymax":1635}}]},"time_labeled":1695999868843,"labeled":true,"size":{"width":1080,"height":1920,"depth":3}}