{"path":"C:\\Samsung Prism\\myvenv\\datasets\\images\\train\\24837.jpg","outputs":{"object":[{"name":" arrow backward","bndbox":{"xmin":19,"ymin":85,"xmax":106,"ymax":196}},{"name":" more","bndbox":{"xmin":971,"ymin":67,"xmax":1061,"ymax":193}},{"name":" time","bndbox":{"xmin":55,"ymin":1190,"xmax":148,"ymax":1298}},{"name":" info","bndbox":{"xmin":761,"ymin":1202,"xmax":845,"ymax":1298}},{"name":"star","bndbox":{"xmin":412,"ymin":1202,"xmax":472,"ymax":1286}}]},"time_labeled":1695999877075,"labeled":true,"size":{"width":1080,"height":1920,"depth":3}}