{"path":"C:\\Samsung Prism\\myvenv\\datasets\\images\\train\\24832.jpg","outputs":{"object":[{"name":" menu","bndbox":{"xmin":31,"ymin":97,"xmax":136,"ymax":205}},{"name":" search","bndbox":{"xmin":869,"ymin":85,"xmax":989,"ymax":181}},{"name":" more","bndbox":{"xmin":1007,"ymin":85,"xmax":1037,"ymax":187}},{"name":"star","bndbox":{"xmin":106,"ymin":1385,"xmax":175,"ymax":1430}},{"name":"star","bndbox":{"xmin":560,"ymin":1370,"xmax":605,"ymax":1433}},{"name":"star","bndbox":{"xmin":1004,"ymin":1370,"xmax":1043,"ymax":1454}},{"name":" play","bndbox":{"xmin":28,"ymin":1587,"xmax":160,"ymax":1710}}]},"time_labeled":1695999874827,"labeled":true,"size":{"width":1080,"height":1920,"depth":3}}