{"path":"C:\\Samsung Prism\\myvenv\\datasets\\images\\train\\24839.jpg","outputs":{"object":[{"name":" home","bndbox":{"xmin":28,"ymin":397,"xmax":124,"ymax":506}},{"name":" search","bndbox":{"xmin":43,"ymin":926,"xmax":115,"ymax":1046}},{"name":" Cart","bndbox":{"xmin":28,"ymin":1178,"xmax":127,"ymax":1292}},{"name":" info","bndbox":{"xmin":16,"ymin":1575,"xmax":127,"ymax":1713}},{"name":" settings","bndbox":{"xmin":43,"ymin":1490,"xmax":124,"ymax":1575}},{"name":" more","bndbox":{"xmin":992,"ymin":73,"xmax":1073,"ymax":217}},{"name":" search","bndbox":{"xmin":869,"ymin":85,"xmax":953,"ymax":193}}]},"time_labeled":1695907251490,"labeled":true,"size":{"width":1080,"height":1920,"depth":3}}