{"path":"C:\\Samsung Prism\\myvenv\\datasets\\images\\train\\24834.jpg","outputs":{"object":[{"name":" arrow backward","bndbox":{"xmin":22,"ymin":97,"xmax":112,"ymax":184}},{"name":" more","bndbox":{"xmin":980,"ymin":88,"xmax":1049,"ymax":208}},{"name":" time","bndbox":{"xmin":76,"ymin":1262,"xmax":148,"ymax":1370}},{"name":" info","bndbox":{"xmin":761,"ymin":1250,"xmax":839,"ymax":1370}},{"name":"star","bndbox":{"xmin":412,"ymin":1253,"xmax":475,"ymax":1346}}]},"time_labeled":1695999875375,"labeled":true,"size":{"width":1080,"height":1920,"depth":3}}