{"path":"C:\\Samsung Prism\\myvenv\\datasets\\images\\train\\24835.jpg","outputs":{"object":[{"name":" arrow backward","bndbox":{"xmin":31,"ymin":85,"xmax":127,"ymax":187}},{"name":" more","bndbox":{"xmin":980,"ymin":88,"xmax":1052,"ymax":232}},{"name":"star","bndbox":{"xmin":160,"ymin":388,"xmax":220,"ymax":457}},{"name":"star","bndbox":{"xmin":665,"ymin":409,"xmax":728,"ymax":469}},{"name":"star","bndbox":{"xmin":172,"ymin":962,"xmax":220,"ymax":1028}},{"name":"star","bndbox":{"xmin":689,"ymin":962,"xmax":728,"ymax":1016}},{"name":"star","bndbox":{"xmin":178,"ymin":1521,"xmax":214,"ymax":1587}},{"name":"star","bndbox":{"xmin":677,"ymin":1515,"xmax":728,"ymax":1575}}]},"time_labeled":1695999875982,"labeled":true,"size":{"width":1080,"height":1920,"depth":3}}