{"path":"C:\\Samsung Prism\\myvenv\\datasets\\images\\train\\24838.jpg","outputs":{"object":[{"name":" menu","bndbox":{"xmin":40,"ymin":97,"xmax":124,"ymax":205}},{"name":" search","bndbox":{"xmin":872,"ymin":76,"xmax":995,"ymax":199}},{"name":" more","bndbox":{"xmin":1016,"ymin":97,"xmax":1061,"ymax":193}},{"name":" close","bndbox":{"xmin":496,"ymin":424,"xmax":611,"ymax":608}},{"name":"star","bndbox":{"xmin":112,"ymin":1388,"xmax":184,"ymax":1430}},{"name":"star","bndbox":{"xmin":548,"ymin":1346,"xmax":608,"ymax":1430}},{"name":" play","bndbox":{"xmin":34,"ymin":1623,"xmax":166,"ymax":1767}}]},"time_labeled":1695999877892,"labeled":true,"size":{"width":1080,"height":1920,"depth":3}}