{"path":"C:\\Samsung Prism\\myvenv\\datasets\\images\\train\\24844.jpg","outputs":{"object":[{"name":" arrow backward","bndbox":{"xmin":16,"ymin":85,"xmax":112,"ymax":229}},{"name":" more","bndbox":{"xmin":980,"ymin":100,"xmax":1061,"ymax":205}},{"name":" time","bndbox":{"xmin":64,"ymin":1226,"xmax":136,"ymax":1364}},{"name":" info","bndbox":{"xmin":761,"ymin":1250,"xmax":845,"ymax":1349}},{"name":"star","bndbox":{"xmin":427,"ymin":1253,"xmax":475,"ymax":1346}}]},"time_labeled":1695999881617,"labeled":true,"size":{"width":1080,"height":1920,"depth":3}}