{"path":"C:\\Samsung Prism\\myvenv\\datasets\\images\\train\\24842.jpg","outputs":{"object":[{"name":" menu","bndbox":{"xmin":22,"ymin":97,"xmax":136,"ymax":193}},{"name":" search","bndbox":{"xmin":821,"ymin":76,"xmax":965,"ymax":187}},{"name":" more","bndbox":{"xmin":995,"ymin":67,"xmax":1055,"ymax":181}},{"name":"star","bndbox":{"xmin":352,"ymin":1382,"xmax":436,"ymax":1430}},{"name":"star","bndbox":{"xmin":791,"ymin":1370,"xmax":869,"ymax":1442}},{"name":" play","bndbox":{"xmin":28,"ymin":1602,"xmax":172,"ymax":1719}}]},"time_labeled":1695999880454,"labeled":true,"size":{"width":1080,"height":1920,"depth":3}}