{"path":"C:\\Samsung Prism\\myvenv\\datasets\\images\\train\\24840.jpg","outputs":{"object":[{"name":" arrow backward","bndbox":{"xmin":34,"ymin":85,"xmax":100,"ymax":193}},{"name":" more","bndbox":{"xmin":1001,"ymin":85,"xmax":1061,"ymax":205}},{"name":"star","bndbox":{"xmin":160,"ymin":830,"xmax":226,"ymax":890}},{"name":"star","bndbox":{"xmin":677,"ymin":830,"xmax":737,"ymax":896}},{"name":"star","bndbox":{"xmin":154,"ymin":1394,"xmax":223,"ymax":1448}},{"name":"star","bndbox":{"xmin":677,"ymin":1385,"xmax":737,"ymax":1466}}]},"time_labeled":1695999878742,"labeled":true,"size":{"width":1080,"height":1920,"depth":3}}