{"path":"C:\\Samsung Prism\\myvenv\\datasets\\images\\train\\24862.jpg","outputs":{"object":[{"name":" share","bndbox":{"xmin":965,"ymin":1,"xmax":1073,"ymax":133}},{"name":" arrow forward","bndbox":{"xmin":953,"ymin":445,"xmax":1049,"ymax":566}},{"name":" arrow forward","bndbox":{"xmin":953,"ymin":665,"xmax":1049,"ymax":797}},{"name":" arrow forward","bndbox":{"xmin":944,"ymin":896,"xmax":1028,"ymax":1034}},{"name":" arrow forward","bndbox":{"xmin":956,"ymin":1130,"xmax":1040,"ymax":1292}},{"name":" arrow forward","bndbox":{"xmin":953,"ymin":1373,"xmax":1073,"ymax":1563}},{"name":" info","bndbox":{"xmin":136,"ymin":1683,"xmax":232,"ymax":1737}}]},"time_labeled":1695999892715,"labeled":true,"size":{"width":1080,"height":1920,"depth":3}}