{"path":"C:\\Samsung Prism\\myvenv\\datasets\\images\\train\\24903.jpg","outputs":{"object":[{"name":" search","bndbox":{"xmin":725,"ymin":67,"xmax":836,"ymax":169}},{"name":" Cart","bndbox":{"xmin":845,"ymin":73,"xmax":941,"ymax":196}},{"name":" menu","bndbox":{"xmin":965,"ymin":64,"xmax":1076,"ymax":199}},{"name":"star","bndbox":{"xmin":295,"ymin":710,"xmax":346,"ymax":761}},{"name":"star","bndbox":{"xmin":833,"ymin":713,"xmax":869,"ymax":785}},{"name":" more","bndbox":{"xmin":977,"ymin":1803,"xmax":1064,"ymax":1947}}]},"time_labeled":1695999921642,"labeled":true,"size":{"width":1080,"height":1920,"depth":3}}