{"path":"C:\\Samsung Prism\\myvenv\\datasets\\images\\train\\24917.jpg","outputs":{"object":[{"name":" play","bndbox":{"xmin":52,"ymin":193,"xmax":163,"ymax":301}},{"name":" play","bndbox":{"xmin":76,"ymin":325,"xmax":148,"ymax":415}},{"name":" play","bndbox":{"xmin":52,"ymin":439,"xmax":148,"ymax":530}},{"name":" play","bndbox":{"xmin":58,"ymin":554,"xmax":148,"ymax":656}},{"name":" play","bndbox":{"xmin":52,"ymin":698,"xmax":172,"ymax":794}},{"name":" play","bndbox":{"xmin":76,"ymin":794,"xmax":154,"ymax":896}},{"name":" play","bndbox":{"xmin":55,"ymin":896,"xmax":163,"ymax":1022}},{"name":" play","bndbox":{"xmin":64,"ymin":1034,"xmax":154,"ymax":1142}},{"name":" play","bndbox":{"xmin":70,"ymin":1154,"xmax":151,"ymax":1262}},{"name":" play","bndbox":{"xmin":76,"ymin":1286,"xmax":151,"ymax":1382}},{"name":" play","bndbox":{"xmin":55,"ymin":1418,"xmax":163,"ymax":1490}},{"name":" play","bndbox":{"xmin":76,"ymin":1527,"xmax":154,"ymax":1611}}]},"time_labeled":1695999929525,"labeled":true,"size":{"width":1080,"height":1920,"depth":3}}