{"path":"C:\\Samsung Prism\\myvenv\\datasets\\images\\train\\24920.jpg","outputs":{"object":[{"name":" arrow backward","bndbox":{"xmin":-7,"ymin":49,"xmax":28,"ymax":169}},{"name":" play","bndbox":{"xmin":79,"ymin":199,"xmax":190,"ymax":349}},{"name":" play","bndbox":{"xmin":100,"ymin":373,"xmax":208,"ymax":506}},{"name":" play","bndbox":{"xmin":100,"ymin":506,"xmax":208,"ymax":650}},{"name":" play","bndbox":{"xmin":88,"ymin":680,"xmax":205,"ymax":815}},{"name":" play","bndbox":{"xmin":100,"ymin":833,"xmax":202,"ymax":962}},{"name":" play","bndbox":{"xmin":88,"ymin":1010,"xmax":211,"ymax":1130}},{"name":" play","bndbox":{"xmin":94,"ymin":1154,"xmax":208,"ymax":1277}},{"name":" play","bndbox":{"xmin":88,"ymin":1310,"xmax":220,"ymax":1454}},{"name":" play","bndbox":{"xmin":88,"ymin":1493,"xmax":223,"ymax":1593}}]},"time_labeled":1695999932047,"labeled":true,"size":{"width":1080,"height":1920,"depth":3}}