{"path":"C:\\Samsung Prism\\myvenv\\datasets\\images\\train\\24928.jpg","outputs":{"object":[{"name":" more","bndbox":{"xmin":977,"ymin":55,"xmax":1049,"ymax":160}},{"name":" expand more","bndbox":{"xmin":977,"ymin":361,"xmax":1025,"ymax":475}},{"name":" expand more","bndbox":{"xmin":965,"ymin":557,"xmax":1037,"ymax":638}},{"name":" expand more","bndbox":{"xmin":917,"ymin":713,"xmax":1049,"ymax":848}},{"name":" expand more","bndbox":{"xmin":929,"ymin":926,"xmax":1049,"ymax":1010}},{"name":" expand more","bndbox":{"xmin":977,"ymin":1118,"xmax":1037,"ymax":1190}},{"name":" expand more","bndbox":{"xmin":953,"ymin":1274,"xmax":1037,"ymax":1382}}]},"time_labeled":1695999938372,"labeled":true,"size":{"width":1080,"height":1920,"depth":3}}