{"path":"C:\\Samsung Prism\\myvenv\\datasets\\images\\train\\24933.jpg","outputs":{"object":[{"name":" share","bndbox":{"xmin":965,"ymin":1,"xmax":1049,"ymax":109}},{"name":" arrow forward","bndbox":{"xmin":953,"ymin":277,"xmax":1025,"ymax":397}},{"name":" arrow forward","bndbox":{"xmin":941,"ymin":481,"xmax":1025,"ymax":578}},{"name":" arrow forward","bndbox":{"xmin":932,"ymin":644,"xmax":1025,"ymax":770}},{"name":" arrow forward","bndbox":{"xmin":929,"ymin":854,"xmax":1031,"ymax":962}},{"name":" arrow forward","bndbox":{"xmin":929,"ymin":986,"xmax":1025,"ymax":1145}},{"name":" arrow forward","bndbox":{"xmin":941,"ymin":1190,"xmax":1052,"ymax":1322}},{"name":" arrow forward","bndbox":{"xmin":932,"ymin":1385,"xmax":1028,"ymax":1496}},{"name":" arrow forward","bndbox":{"xmin":956,"ymin":1557,"xmax":1049,"ymax":1671}},{"name":" info","bndbox":{"xmin":220,"ymin":1674,"xmax":328,"ymax":1749}}]},"time_labeled":1695999942463,"labeled":true,"size":{"width":1080,"height":1920,"depth":3}}