{"path":"C:\\Samsung Prism\\myvenv\\datasets\\images\\train\\24938.jpg","outputs":{"object":[{"name":" menu","bndbox":{"xmin":40,"ymin":103,"xmax":118,"ymax":172}},{"name":" more","bndbox":{"xmin":947,"ymin":85,"xmax":1031,"ymax":193}},{"name":" arrow forward","bndbox":{"xmin":1004,"ymin":650,"xmax":1067,"ymax":740}},{"name":" arrow forward","bndbox":{"xmin":1001,"ymin":758,"xmax":1061,"ymax":869}},{"name":" arrow forward","bndbox":{"xmin":1013,"ymin":878,"xmax":1067,"ymax":1001}},{"name":" arrow forward","bndbox":{"xmin":983,"ymin":1016,"xmax":1067,"ymax":1124}}]},"time_labeled":1695999945937,"labeled":true,"size":{"width":1080,"height":1920,"depth":3}}