{"path":"C:\\Samsung Prism\\myvenv\\datasets\\images\\train\\24944.jpg","outputs":{"object":[{"name":" menu","bndbox":{"xmin":19,"ymin":79,"xmax":100,"ymax":181}},{"name":" more","bndbox":{"xmin":953,"ymin":85,"xmax":1028,"ymax":193}},{"name":" arrow forward","bndbox":{"xmin":941,"ymin":698,"xmax":1055,"ymax":821}},{"name":" arrow forward","bndbox":{"xmin":923,"ymin":1202,"xmax":1055,"ymax":1298}},{"name":" arrow forward","bndbox":{"xmin":941,"ymin":1088,"xmax":1055,"ymax":1190}}]},"time_labeled":1695909468011,"labeled":true,"size":{"width":1080,"height":1920,"depth":3}}