{"path":"C:\\Samsung Prism\\myvenv\\datasets\\images\\train\\24946.jpg","outputs":{"object":[{"name":" search","bndbox":{"xmin":968,"ymin":85,"xmax":1037,"ymax":157}},{"name":" notifications","bndbox":{"xmin":40,"ymin":1665,"xmax":232,"ymax":1770}},{"name":" home","bndbox":{"xmin":608,"ymin":1635,"xmax":737,"ymax":1755}},{"name":" emoji","bndbox":{"xmin":40,"ymin":319,"xmax":190,"ymax":460}},{"name":" emoji","bndbox":{"xmin":31,"ymin":794,"xmax":196,"ymax":965}},{"name":" emoji","bndbox":{"xmin":34,"ymin":1373,"xmax":196,"ymax":1539}}]},"time_labeled":1695999952079,"labeled":true,"size":{"width":1080,"height":1920,"depth":3}}