{"path":"C:\\Samsung Prism\\myvenv\\datasets\\images\\train\\24942.jpg","outputs":{"object":[{"name":" menu","bndbox":{"xmin":40,"ymin":64,"xmax":124,"ymax":187}},{"name":" more","bndbox":{"xmin":953,"ymin":85,"xmax":1049,"ymax":205}},{"name":" check","bndbox":{"xmin":947,"ymin":193,"xmax":1049,"ymax":277}},{"name":" check","bndbox":{"xmin":935,"ymin":566,"xmax":1049,"ymax":629}},{"name":" check","bndbox":{"xmin":953,"ymin":902,"xmax":1043,"ymax":998}},{"name":" check","bndbox":{"xmin":917,"ymin":1154,"xmax":1049,"ymax":1244}}]},"time_labeled":1695999949244,"labeled":true,"size":{"width":1080,"height":1920,"depth":3}}