{"path":"C:\\Samsung Prism\\myvenv\\datasets\\images\\train\\24951.jpg","outputs":{"object":[{"name":" menu","bndbox":{"xmin":31,"ymin":67,"xmax":136,"ymax":205}},{"name":"star","bndbox":{"xmin":52,"ymin":710,"xmax":118,"ymax":794}},{"name":"star","bndbox":{"xmin":572,"ymin":1551,"xmax":653,"ymax":1659}},{"name":"star","bndbox":{"xmin":665,"ymin":1539,"xmax":740,"ymax":1647}},{"name":"star","bndbox":{"xmin":749,"ymin":1539,"xmax":833,"ymax":1647}},{"name":"star","bndbox":{"xmin":839,"ymin":1539,"xmax":917,"ymax":1635}},{"name":"star","bndbox":{"xmin":932,"ymin":1542,"xmax":1004,"ymax":1635}}]},"time_labeled":1695999955521,"labeled":true,"size":{"width":1080,"height":1920,"depth":3}}