{"path":"C:\\Samsung Prism\\myvenv\\datasets\\images\\train\\24950.jpg","outputs":{"object":[{"name":" arrow backward","bndbox":{"xmin":31,"ymin":88,"xmax":115,"ymax":193}},{"name":" more","bndbox":{"xmin":968,"ymin":97,"xmax":1085,"ymax":229}},{"name":" arrow forward","bndbox":{"xmin":959,"ymin":602,"xmax":1049,"ymax":689}},{"name":" arrow forward","bndbox":{"xmin":136,"ymin":794,"xmax":232,"ymax":881}}]},"time_labeled":1695999954891,"labeled":true,"size":{"width":1080,"height":1920,"depth":3}}