{"path":"C:\\Samsung Prism\\myvenv\\datasets\\images\\train\\25009.jpg","outputs":{"object":[{"name":" check","bndbox":{"xmin":953,"ymin":229,"xmax":1064,"ymax":325}},{"name":" check","bndbox":{"xmin":965,"ymin":376,"xmax":1049,"ymax":463}},{"name":" check","bndbox":{"xmin":965,"ymin":518,"xmax":1052,"ymax":629}},{"name":" check","bndbox":{"xmin":959,"ymin":674,"xmax":1061,"ymax":782}},{"name":" check","bndbox":{"xmin":971,"ymin":794,"xmax":1073,"ymax":920}},{"name":" check","bndbox":{"xmin":953,"ymin":962,"xmax":1052,"ymax":1058}}]},"time_labeled":1695999996874,"labeled":true,"size":{"width":1080,"height":1920,"depth":3}}