{"path":"C:\\Samsung Prism\\myvenv\\datasets\\images\\train\\25000.jpg","outputs":{"object":[{"name":" menu","bndbox":{"xmin":16,"ymin":88,"xmax":142,"ymax":193}},{"name":" play","bndbox":{"xmin":16,"ymin":199,"xmax":160,"ymax":325}},{"name":"star","bndbox":{"xmin":647,"ymin":626,"xmax":821,"ymax":746}},{"name":"star","bndbox":{"xmin":659,"ymin":842,"xmax":797,"ymax":944}},{"name":"star","bndbox":{"xmin":677,"ymin":1124,"xmax":797,"ymax":1220}},{"name":"star","bndbox":{"xmin":689,"ymin":1334,"xmax":785,"ymax":1442}},{"name":" share","bndbox":{"xmin":953,"ymin":614,"xmax":1049,"ymax":728}},{"name":" share","bndbox":{"xmin":941,"ymin":878,"xmax":1061,"ymax":974}},{"name":" share","bndbox":{"xmin":941,"ymin":1106,"xmax":1061,"ymax":1217}},{"name":" share","bndbox":{"xmin":956,"ymin":1361,"xmax":1049,"ymax":1442}}]},"time_labeled":1695999991495,"labeled":true,"size":{"width":1080,"height":1920,"depth":3}}