{"path":"C:\\Samsung Prism\\myvenv\\datasets\\images\\train\\25008.jpg","outputs":{"object":[{"name":" menu","bndbox":{"xmin":16,"ymin":85,"xmax":124,"ymax":217}},{"name":" play","bndbox":{"xmin":40,"ymin":205,"xmax":154,"ymax":313}},{"name":"star","bndbox":{"xmin":653,"ymin":626,"xmax":791,"ymax":746}},{"name":"star","bndbox":{"xmin":665,"ymin":869,"xmax":797,"ymax":974}},{"name":" share","bndbox":{"xmin":953,"ymin":614,"xmax":1043,"ymax":749}},{"name":" share","bndbox":{"xmin":941,"ymin":812,"xmax":1061,"ymax":986}}]},"time_labeled":1695999995922,"labeled":true,"size":{"width":1080,"height":1920,"depth":3}}