{"path":"C:\\Samsung Prism\\myvenv\\datasets\\images\\train\\25014.jpg","outputs":{"object":[{"name":" arrow backward","bndbox":{"xmin":22,"ymin":109,"xmax":127,"ymax":181}},{"name":" arrow forward","bndbox":{"xmin":953,"ymin":518,"xmax":1037,"ymax":614}},{"name":" arrow forward","bndbox":{"xmin":947,"ymin":644,"xmax":1025,"ymax":740}},{"name":" arrow forward","bndbox":{"xmin":932,"ymin":770,"xmax":1031,"ymax":857}},{"name":" arrow forward","bndbox":{"xmin":917,"ymin":866,"xmax":1040,"ymax":974}},{"name":" arrow forward","bndbox":{"xmin":941,"ymin":998,"xmax":1037,"ymax":1094}},{"name":" arrow forward","bndbox":{"xmin":965,"ymin":1130,"xmax":1037,"ymax":1205}},{"name":" arrow forward","bndbox":{"xmin":941,"ymin":1250,"xmax":1031,"ymax":1316}}]},"time_labeled":1696000000559,"labeled":true,"size":{"width":1080,"height":1920,"depth":3}}