{"path":"C:\\Samsung Prism\\myvenv\\datasets\\images\\train\\25012.jpg","outputs":{"object":[{"name":" notifications","bndbox":{"xmin":944,"ymin":337,"xmax":1049,"ymax":460}},{"name":" notifications","bndbox":{"xmin":944,"ymin":506,"xmax":1064,"ymax":638}},{"name":" notifications","bndbox":{"xmin":959,"ymin":650,"xmax":1079,"ymax":749}},{"name":" notifications","bndbox":{"xmin":935,"ymin":794,"xmax":1064,"ymax":926}},{"name":" notifications","bndbox":{"xmin":929,"ymin":926,"xmax":1064,"ymax":1037}},{"name":" notifications","bndbox":{"xmin":911,"ymin":1064,"xmax":1064,"ymax":1190}},{"name":" notifications","bndbox":{"xmin":893,"ymin":1214,"xmax":1061,"ymax":1361}},{"name":" notifications","bndbox":{"xmin":941,"ymin":1373,"xmax":1061,"ymax":1478}}]},"time_labeled":1695999999168,"labeled":true,"size":{"width":1080,"height":1920,"depth":3}}