{"path":"C:\\Samsung Prism\\myvenv\\datasets\\images\\train\\25027.jpg","outputs":{"object":[{"name":" arrow backward","bndbox":{"xmin":40,"ymin":121,"xmax":124,"ymax":199}},{"name":" check","bndbox":{"xmin":947,"ymin":301,"xmax":1025,"ymax":409}},{"name":" check","bndbox":{"xmin":929,"ymin":626,"xmax":1025,"ymax":710}},{"name":" check","bndbox":{"xmin":941,"ymin":758,"xmax":1037,"ymax":854}},{"name":" check","bndbox":{"xmin":953,"ymin":926,"xmax":1037,"ymax":1028}},{"name":" check","bndbox":{"xmin":929,"ymin":1088,"xmax":1049,"ymax":1205}}]},"time_labeled":1696000010411,"labeled":true,"size":{"width":1080,"height":1920,"depth":3}}