{"path":"C:\\Samsung Prism\\myvenv\\datasets\\images\\train\\25067.jpg","outputs":{"object":[{"name":" arrow backward","bndbox":{"xmin":7,"ymin":73,"xmax":70,"ymax":184}},{"name":" arrow forward","bndbox":{"xmin":947,"ymin":337,"xmax":1040,"ymax":439}},{"name":" arrow forward","bndbox":{"xmin":935,"ymin":475,"xmax":1043,"ymax":578}},{"name":" arrow forward","bndbox":{"xmin":953,"ymin":590,"xmax":1028,"ymax":668}},{"name":" arrow forward","bndbox":{"xmin":920,"ymin":677,"xmax":1040,"ymax":782}},{"name":" arrow forward","bndbox":{"xmin":917,"ymin":830,"xmax":1049,"ymax":914}},{"name":" arrow forward","bndbox":{"xmin":953,"ymin":962,"xmax":1043,"ymax":1022}},{"name":" arrow forward","bndbox":{"xmin":923,"ymin":1058,"xmax":1073,"ymax":1154}},{"name":" arrow forward","bndbox":{"xmin":923,"ymin":1184,"xmax":1049,"ymax":1286}},{"name":" arrow forward","bndbox":{"xmin":941,"ymin":1298,"xmax":1049,"ymax":1406}},{"name":" arrow forward","bndbox":{"xmin":941,"ymin":1424,"xmax":1049,"ymax":1518}},{"name":" arrow forward","bndbox":{"xmin":929,"ymin":1539,"xmax":1037,"ymax":1641}}]},"time_labeled":1696000044415,"labeled":true,"size":{"width":1080,"height":1920,"depth":3}}