{"path":"C:\\Samsung Prism\\myvenv\\datasets\\images\\train\\25065.jpg","outputs":{"object":[{"name":" arrow backward","bndbox":{"xmin":-1,"ymin":85,"xmax":76,"ymax":172}},{"name":"star","bndbox":{"xmin":28,"ymin":448,"xmax":118,"ymax":584}},{"name":"star","bndbox":{"xmin":19,"ymin":608,"xmax":124,"ymax":710}},{"name":"star","bndbox":{"xmin":52,"ymin":758,"xmax":118,"ymax":878}},{"name":"star","bndbox":{"xmin":34,"ymin":893,"xmax":124,"ymax":1022}},{"name":"star","bndbox":{"xmin":34,"ymin":1064,"xmax":112,"ymax":1160}},{"name":"star","bndbox":{"xmin":22,"ymin":1226,"xmax":130,"ymax":1322}},{"name":"star","bndbox":{"xmin":40,"ymin":1361,"xmax":94,"ymax":1424}},{"name":"star","bndbox":{"xmin":43,"ymin":1490,"xmax":106,"ymax":1593}},{"name":"star","bndbox":{"xmin":-19,"ymin":1671,"xmax":136,"ymax":1725}}]},"time_labeled":1696000041831,"labeled":true,"size":{"width":1080,"height":1920,"depth":3}}