{"path":"C:\\Samsung Prism\\myvenv\\datasets\\images\\train\\25064.jpg","outputs":{"object":[{"name":" arrow backward","bndbox":{"xmin":19,"ymin":85,"xmax":79,"ymax":169}},{"name":"star","bndbox":{"xmin":64,"ymin":229,"xmax":115,"ymax":313}},{"name":"star","bndbox":{"xmin":43,"ymin":349,"xmax":115,"ymax":469}},{"name":"star","bndbox":{"xmin":52,"ymin":500,"xmax":112,"ymax":602}},{"name":"star","bndbox":{"xmin":64,"ymin":644,"xmax":118,"ymax":770}},{"name":"star","bndbox":{"xmin":64,"ymin":806,"xmax":127,"ymax":908}},{"name":"star","bndbox":{"xmin":34,"ymin":950,"xmax":127,"ymax":1046}},{"name":"star","bndbox":{"xmin":43,"ymin":1070,"xmax":124,"ymax":1202}},{"name":"star","bndbox":{"xmin":52,"ymin":1253,"xmax":136,"ymax":1358}},{"name":"star","bndbox":{"xmin":40,"ymin":1418,"xmax":136,"ymax":1503}},{"name":"star","bndbox":{"xmin":34,"ymin":1545,"xmax":124,"ymax":1638}},{"name":"star","bndbox":{"xmin":70,"ymin":1683,"xmax":106,"ymax":1818}}]},"time_labeled":1696000040739,"labeled":true,"size":{"width":1080,"height":1920,"depth":3}}