{"path":"C:\\Samsung Prism\\myvenv\\datasets\\images\\train\\25074.jpg","outputs":{"object":[{"name":" arrow backward","bndbox":{"xmin":28,"ymin":85,"xmax":79,"ymax":181}},{"name":" add","bndbox":{"xmin":965,"ymin":277,"xmax":1073,"ymax":373}},{"name":" add","bndbox":{"xmin":953,"ymin":884,"xmax":1067,"ymax":1013}},{"name":"star","bndbox":{"xmin":10,"ymin":500,"xmax":88,"ymax":581}},{"name":"star","bndbox":{"xmin":4,"ymin":626,"xmax":88,"ymax":722}},{"name":"star","bndbox":{"xmin":16,"ymin":734,"xmax":88,"ymax":842}},{"name":"star","bndbox":{"xmin":4,"ymin":1136,"xmax":76,"ymax":1256}}]},"time_labeled":1696000050732,"labeled":true,"size":{"width":1080,"height":1920,"depth":3}}