{"path":"C:\\Samsung Prism\\myvenv\\datasets\\images\\train\\25082.jpg","outputs":{"object":[{"name":" menu","bndbox":{"xmin":821,"ymin":67,"xmax":941,"ymax":193}},{"name":" settings","bndbox":{"xmin":977,"ymin":97,"xmax":1043,"ymax":211}},{"name":" expand more","bndbox":{"xmin":965,"ymin":572,"xmax":1025,"ymax":677}},{"name":" expand more","bndbox":{"xmin":953,"ymin":692,"xmax":1019,"ymax":836}},{"name":" expand more","bndbox":{"xmin":953,"ymin":836,"xmax":1028,"ymax":938}},{"name":" expand more","bndbox":{"xmin":941,"ymin":980,"xmax":1025,"ymax":1106}},{"name":" arrow backward","bndbox":{"xmin":-19,"ymin":1626,"xmax":76,"ymax":1749}},{"name":" arrow forward","bndbox":{"xmin":953,"ymin":1647,"xmax":1085,"ymax":1749}}]},"time_labeled":1695912068886,"labeled":true,"size":{"width":1080,"height":1920,"depth":3}}