{"path":"C:\\Samsung Prism\\myvenv\\datasets\\images\\train\\25083.jpg","outputs":{"object":[{"name":" menu","bndbox":{"xmin":815,"ymin":85,"xmax":932,"ymax":193}},{"name":" settings","bndbox":{"xmin":968,"ymin":76,"xmax":1049,"ymax":181}},{"name":" arrow forward","bndbox":{"xmin":977,"ymin":1635,"xmax":1073,"ymax":1749}},{"name":" arrow backward","bndbox":{"xmin":-19,"ymin":1659,"xmax":100,"ymax":1749}}]},"time_labeled":1696000057599,"labeled":true,"size":{"width":1080,"height":1920,"depth":3}}