{"path":"C:\\Samsung Prism\\myvenv\\datasets\\images\\train\\25089.jpg","outputs":{"object":[{"name":" menu","bndbox":{"xmin":833,"ymin":85,"xmax":929,"ymax":205}},{"name":" arrow forward","bndbox":{"xmin":1001,"ymin":518,"xmax":1061,"ymax":614}},{"name":" refresh","bndbox":{"xmin":16,"ymin":259,"xmax":136,"ymax":376}},{"name":" share","bndbox":{"xmin":16,"ymin":821,"xmax":76,"ymax":884}},{"name":" info","bndbox":{"xmin":16,"ymin":914,"xmax":88,"ymax":1004}}]},"time_labeled":1696000070529,"labeled":true,"size":{"width":1080,"height":1920,"depth":3}}