{"path":"C:\\Samsung Prism\\myvenv\\datasets\\images\\train\\25085.jpg","outputs":{"object":[{"name":" menu","bndbox":{"xmin":809,"ymin":85,"xmax":947,"ymax":211}},{"name":" settings","bndbox":{"xmin":953,"ymin":76,"xmax":1040,"ymax":217}},{"name":" expand more","bndbox":{"xmin":941,"ymin":710,"xmax":1031,"ymax":806}},{"name":" expand more","bndbox":{"xmin":953,"ymin":980,"xmax":1013,"ymax":1130}},{"name":" arrow forward","bndbox":{"xmin":1001,"ymin":1659,"xmax":1049,"ymax":1746}}]},"time_labeled":1696000066229,"labeled":true,"size":{"width":1080,"height":1920,"depth":3}}