{"path":"C:\\Samsung Prism\\myvenv\\datasets\\images\\train\\25140.jpg","outputs":{"object":[{"name":" arrow backward","bndbox":{"xmin":22,"ymin":76,"xmax":94,"ymax":175}},{"name":" check","bndbox":{"xmin":920,"ymin":968,"xmax":1049,"ymax":1100}},{"name":" check","bndbox":{"xmin":920,"ymin":1136,"xmax":1025,"ymax":1262}},{"name":" check","bndbox":{"xmin":917,"ymin":1265,"xmax":1040,"ymax":1394}},{"name":" check","bndbox":{"xmin":941,"ymin":1394,"xmax":1037,"ymax":1527}}]},"time_labeled":1696000118818,"labeled":true,"size":{"width":1080,"height":1920,"depth":3}}