{"path":"C:\\Samsung Prism\\myvenv\\datasets\\images\\train\\25182.jpg","outputs":{"object":[{"name":" check","bndbox":{"xmin":37,"ymin":123,"xmax":87,"ymax":181}},{"name":" check","bndbox":{"xmin":35,"ymin":191,"xmax":90,"ymax":236}},{"name":" check","bndbox":{"xmin":43,"ymin":251,"xmax":82,"ymax":301}},{"name":" check","bndbox":{"xmin":47,"ymin":306,"xmax":102,"ymax":366}},{"name":" check","bndbox":{"xmin":50,"ymin":378,"xmax":95,"ymax":431}},{"name":" check","bndbox":{"xmin":40,"ymin":437,"xmax":97,"ymax":486}},{"name":" check","bndbox":{"xmin":47,"ymin":501,"xmax":88,"ymax":546}},{"name":" check","bndbox":{"xmin":48,"ymin":566,"xmax":92,"ymax":616}},{"name":" check","bndbox":{"xmin":35,"ymin":636,"xmax":107,"ymax":686}},{"name":" check","bndbox":{"xmin":37,"ymin":692,"xmax":92,"ymax":742}},{"name":" check","bndbox":{"xmin":42,"ymin":752,"xmax":97,"ymax":801}}]},"time_labeled":1696000154619,"labeled":true,"size":{"width":540,"height":960,"depth":3}}