{"path":"C:\\Samsung Prism\\myvenv\\datasets\\images\\train\\25196.jpg","outputs":{"object":[{"name":" more","bndbox":{"xmin":492,"ymin":38,"xmax":527,"ymax":96}},{"name":" expand more","bndbox":{"xmin":512,"ymin":226,"xmax":532,"ymax":273}},{"name":" expand more","bndbox":{"xmin":507,"ymin":296,"xmax":537,"ymax":336}},{"name":" expand more","bndbox":{"xmin":515,"ymin":341,"xmax":532,"ymax":386}},{"name":" expand more","bndbox":{"xmin":512,"ymin":393,"xmax":542,"ymax":441}},{"name":" expand more","bndbox":{"xmin":510,"ymin":441,"xmax":532,"ymax":491}},{"name":" expand more","bndbox":{"xmin":507,"ymin":502,"xmax":542,"ymax":541}},{"name":" expand more","bndbox":{"xmin":505,"ymin":546,"xmax":537,"ymax":583}},{"name":" expand more","bndbox":{"xmin":505,"ymin":608,"xmax":543,"ymax":652}},{"name":" expand more","bndbox":{"xmin":502,"ymin":656,"xmax":542,"ymax":696}},{"name":" expand more","bndbox":{"xmin":487,"ymin":711,"xmax":542,"ymax":746}},{"name":" expand more","bndbox":{"xmin":478,"ymin":756,"xmax":547,"ymax":792}},{"name":" expand more","bndbox":{"xmin":505,"ymin":806,"xmax":547,"ymax":856}},{"name":" expand more","bndbox":{"xmin":507,"ymin":861,"xmax":537,"ymax":897}}]},"time_labeled":1695918237560,"labeled":true,"size":{"width":540,"height":960,"depth":3}}