{"path":"C:\\Samsung Prism\\myvenv\\datasets\\images\\train\\25199.jpg","outputs":{"object":[{"name":" arrow backward","bndbox":{"xmin":16,"ymin":88,"xmax":136,"ymax":157}},{"name":" menu","bndbox":{"xmin":941,"ymin":85,"xmax":1037,"ymax":187}},{"name":" Save/Bookmark","bndbox":{"xmin":28,"ymin":421,"xmax":136,"ymax":566}},{"name":" share","bndbox":{"xmin":941,"ymin":866,"xmax":989,"ymax":908}},{"name":" share","bndbox":{"xmin":929,"ymin":1614,"xmax":1031,"ymax":1755}}]},"time_labeled":1695918368410,"labeled":true,"size":{"width":1080,"height":1920,"depth":3}}