{"path":"C:\\Samsung Prism\\myvenv\\datasets\\images\\train\\25197.jpg","outputs":{"object":[{"name":" more","bndbox":{"xmin":629,"ymin":722,"xmax":701,"ymax":806}},{"name":" more","bndbox":{"xmin":629,"ymin":824,"xmax":689,"ymax":902}},{"name":" more","bndbox":{"xmin":623,"ymin":938,"xmax":677,"ymax":1034}},{"name":" menu","bndbox":{"xmin":593,"ymin":554,"xmax":692,"ymax":662}},{"name":" expand more","bndbox":{"xmin":629,"ymin":1202,"xmax":692,"ymax":1304}},{"name":" search","bndbox":{"xmin":809,"ymin":85,"xmax":941,"ymax":187}},{"name":" Save/Bookmark","bndbox":{"xmin":46,"ymin":1683,"xmax":139,"ymax":1755}},{"name":" settings","bndbox":{"xmin":370,"ymin":1683,"xmax":478,"ymax":1767}}]},"time_labeled":1695918294366,"labeled":true,"size":{"width":1080,"height":1920,"depth":3}}