{"path":"C:\\Samsung Prism\\myvenv\\datasets\\images\\train\\25209.jpg","outputs":{"object":[{"name":" arrow backward","bndbox":{"xmin":43,"ymin":91,"xmax":106,"ymax":169}},{"name":" Save/Bookmark","bndbox":{"xmin":989,"ymin":79,"xmax":1052,"ymax":205}},{"name":" menu","bndbox":{"xmin":31,"ymin":436,"xmax":115,"ymax":557}},{"name":" share","bndbox":{"xmin":941,"ymin":854,"xmax":977,"ymax":926}},{"name":" share","bndbox":{"xmin":935,"ymin":1617,"xmax":1016,"ymax":1755}}]},"time_labeled":1695918635635,"labeled":true,"size":{"width":1080,"height":1920,"depth":3}}