{"path":"C:\\Samsung Prism\\myvenv\\datasets\\images\\train\\25204.jpg","outputs":{"object":[{"name":" search","bndbox":{"xmin":839,"ymin":91,"xmax":941,"ymax":196}},{"name":" more","bndbox":{"xmin":593,"ymin":710,"xmax":689,"ymax":785}},{"name":" more","bndbox":{"xmin":617,"ymin":818,"xmax":704,"ymax":914}},{"name":" more","bndbox":{"xmin":605,"ymin":932,"xmax":701,"ymax":1022}},{"name":" menu","bndbox":{"xmin":617,"ymin":545,"xmax":689,"ymax":650}},{"name":" expand more","bndbox":{"xmin":605,"ymin":1214,"xmax":701,"ymax":1310}}]},"time_labeled":1695918466927,"labeled":true,"size":{"width":1080,"height":1920,"depth":3}}