{"path":"C:\\Samsung Prism\\myvenv\\datasets\\images\\train\\25208.jpg","outputs":{"object":[{"name":" search","bndbox":{"xmin":845,"ymin":97,"xmax":929,"ymax":205}},{"name":" menu","bndbox":{"xmin":605,"ymin":560,"xmax":701,"ymax":638}},{"name":" more","bndbox":{"xmin":623,"ymin":692,"xmax":677,"ymax":794}},{"name":" more","bndbox":{"xmin":641,"ymin":812,"xmax":677,"ymax":902}},{"name":" more","bndbox":{"xmin":617,"ymin":929,"xmax":677,"ymax":1025}},{"name":" expand more","bndbox":{"xmin":605,"ymin":1226,"xmax":683,"ymax":1298}},{"name":" Save/Bookmark","bndbox":{"xmin":58,"ymin":1710,"xmax":148,"ymax":1767}},{"name":" settings","bndbox":{"xmin":424,"ymin":1677,"xmax":496,"ymax":1779}}]},"time_labeled":1695918599071,"labeled":true,"size":{"width":1080,"height":1920,"depth":3}}