{"path":"C:\\Samsung Prism\\myvenv\\datasets\\images\\train\\25216.jpg","outputs":{"object":[{"name":"star","bndbox":{"xmin":920,"ymin":61,"xmax":1076,"ymax":145}},{"name":"star","bndbox":{"xmin":884,"ymin":253,"xmax":965,"ymax":340}},{"name":"star","bndbox":{"xmin":932,"ymin":439,"xmax":1007,"ymax":518}},{"name":"star","bndbox":{"xmin":953,"ymin":662,"xmax":1013,"ymax":734}},{"name":"star","bndbox":{"xmin":905,"ymin":893,"xmax":968,"ymax":1004}},{"name":"star","bndbox":{"xmin":956,"ymin":1106,"xmax":1013,"ymax":1214}},{"name":"star","bndbox":{"xmin":884,"ymin":1322,"xmax":965,"ymax":1418}},{"name":"star","bndbox":{"xmin":893,"ymin":1539,"xmax":965,"ymax":1623}},{"name":"star","bndbox":{"xmin":977,"ymin":1527,"xmax":1037,"ymax":1617}},{"name":"star","bndbox":{"xmin":989,"ymin":1310,"xmax":1037,"ymax":1418}},{"name":"star","bndbox":{"xmin":980,"ymin":914,"xmax":1031,"ymax":1028}},{"name":"star","bndbox":{"xmin":905,"ymin":722,"xmax":965,"ymax":818}},{"name":"star","bndbox":{"xmin":977,"ymin":259,"xmax":1040,"ymax":355}}]},"time_labeled":1695918779197,"labeled":true,"size":{"width":1080,"height":1920,"depth":3}}