{"path":"C:\\Samsung Prism\\myvenv\\datasets\\images\\train\\25219.jpg","outputs":{"object":[{"name":" add","bndbox":{"xmin":851,"ymin":61,"xmax":947,"ymax":181}},{"name":" more","bndbox":{"xmin":977,"ymin":61,"xmax":1043,"ymax":193}},{"name":" close","bndbox":{"xmin":977,"ymin":217,"xmax":1073,"ymax":385}},{"name":" menu","bndbox":{"xmin":-1,"ymin":208,"xmax":136,"ymax":313}},{"name":" info","bndbox":{"xmin":154,"ymin":512,"xmax":274,"ymax":614}},{"name":" arrow backward","bndbox":{"xmin":58,"ymin":1533,"xmax":172,"ymax":1671}},{"name":" play","bndbox":{"xmin":460,"ymin":1527,"xmax":617,"ymax":1659}},{"name":" time","bndbox":{"xmin":244,"ymin":1515,"xmax":379,"ymax":1683}},{"name":"star","bndbox":{"xmin":695,"ymin":1506,"xmax":809,"ymax":1683}},{"name":" arrow forward","bndbox":{"xmin":881,"ymin":1518,"xmax":1037,"ymax":1683}}]},"time_labeled":1695918909968,"labeled":true,"size":{"width":1080,"height":1920,"depth":3}}