{"path":"C:\\Samsung Prism\\myvenv\\datasets\\images\\train\\25223.jpg","outputs":{"object":[{"name":" menu","bndbox":{"xmin":-7,"ymin":217,"xmax":160,"ymax":349}},{"name":" arrow backward","bndbox":{"xmin":19,"ymin":1539,"xmax":178,"ymax":1674}},{"name":" time","bndbox":{"xmin":244,"ymin":1533,"xmax":400,"ymax":1695}},{"name":" play","bndbox":{"xmin":448,"ymin":1551,"xmax":665,"ymax":1683}},{"name":"star","bndbox":{"xmin":689,"ymin":1530,"xmax":833,"ymax":1710}},{"name":" arrow forward","bndbox":{"xmin":893,"ymin":1527,"xmax":1043,"ymax":1683}}]},"time_labeled":1695919146188,"labeled":true,"size":{"width":1080,"height":1920,"depth":3}}