{"path":"C:\\Samsung Prism\\myvenv\\datasets\\images\\train\\25220.jpg","outputs":{"object":[{"name":" add","bndbox":{"xmin":857,"ymin":85,"xmax":980,"ymax":205}},{"name":" arrow forward","bndbox":{"xmin":983,"ymin":85,"xmax":1061,"ymax":169}},{"name":" menu","bndbox":{"xmin":-16,"ymin":193,"xmax":124,"ymax":337}},{"name":" close","bndbox":{"xmin":977,"ymin":229,"xmax":1103,"ymax":364}},{"name":" arrow backward","bndbox":{"xmin":28,"ymin":1530,"xmax":172,"ymax":1686}},{"name":" arrow forward","bndbox":{"xmin":908,"ymin":1518,"xmax":1040,"ymax":1686}},{"name":" play","bndbox":{"xmin":436,"ymin":1515,"xmax":593,"ymax":1722}},{"name":"star","bndbox":{"xmin":689,"ymin":1515,"xmax":812,"ymax":1683}}]},"time_labeled":1695918962585,"labeled":true,"size":{"width":1080,"height":1920,"depth":3}}