{"path":"C:\\Samsung Prism\\myvenv\\datasets\\images\\train\\25222.jpg","outputs":{"object":[{"name":" menu","bndbox":{"xmin":-13,"ymin":208,"xmax":166,"ymax":325}},{"name":" add","bndbox":{"xmin":869,"ymin":73,"xmax":977,"ymax":169}},{"name":" more","bndbox":{"xmin":1001,"ymin":103,"xmax":1049,"ymax":163}},{"name":" close","bndbox":{"xmin":941,"ymin":205,"xmax":1097,"ymax":337}},{"name":" arrow backward","bndbox":{"xmin":43,"ymin":1551,"xmax":184,"ymax":1671}},{"name":" time","bndbox":{"xmin":280,"ymin":1527,"xmax":376,"ymax":1671}},{"name":" pause","bndbox":{"xmin":475,"ymin":1527,"xmax":623,"ymax":1671}},{"name":"star","bndbox":{"xmin":692,"ymin":1521,"xmax":821,"ymax":1683}},{"name":" arrow forward","bndbox":{"xmin":908,"ymin":1515,"xmax":1028,"ymax":1689}}]},"time_labeled":1695919089713,"labeled":true,"size":{"width":1080,"height":1920,"depth":3}}