{"path":"C:\\Samsung Prism\\myvenv\\datasets\\images\\train\\25221.jpg","outputs":{"object":[{"name":" add","bndbox":{"xmin":863,"ymin":73,"xmax":953,"ymax":196}},{"name":" more","bndbox":{"xmin":968,"ymin":85,"xmax":1055,"ymax":181}},{"name":" menu","bndbox":{"xmin":-7,"ymin":211,"xmax":112,"ymax":319}},{"name":" close","bndbox":{"xmin":965,"ymin":217,"xmax":1073,"ymax":340}},{"name":" arrow backward","bndbox":{"xmin":22,"ymin":1539,"xmax":208,"ymax":1662}},{"name":" time","bndbox":{"xmin":256,"ymin":1527,"xmax":382,"ymax":1698}},{"name":" pause","bndbox":{"xmin":472,"ymin":1527,"xmax":605,"ymax":1695}},{"name":"star","bndbox":{"xmin":677,"ymin":1539,"xmax":845,"ymax":1683}},{"name":" arrow forward","bndbox":{"xmin":908,"ymin":1542,"xmax":1049,"ymax":1707}}]},"time_labeled":1695919033530,"labeled":true,"size":{"width":1080,"height":1920,"depth":3}}