{"path":"C:\\Samsung Prism\\myvenv\\datasets\\images\\train\\10295.jpg","outputs":{"object":[{"name":" arrow backward","bndbox":{"xmin":36,"ymin":92,"xmax":132,"ymax":180}},{"name":" check","bndbox":{"xmin":952,"ymin":88,"xmax":1076,"ymax":164}},{"name":" call","bndbox":{"xmin":16,"ymin":1120,"xmax":124,"ymax":1228}},{"name":" expand more","bndbox":{"xmin":460,"ymin":1268,"xmax":568,"ymax":1376}},{"name":" close","bndbox":{"xmin":980,"ymin":1208,"xmax":1056,"ymax":1260}},{"name":" Camera","bndbox":{"xmin":940,"ymin":548,"xmax":1076,"ymax":644}},{"name":" expand more","bndbox":{"xmin":948,"ymin":972,"xmax":1084,"ymax":1064}}]},"time_labeled":1697280423102,"labeled":true,"size":{"width":1080,"height":1920,"depth":3}}