{"path":"C:\\Samsung Prism\\myvenv\\datasets\\images\\train\\10305.jpg","outputs":{"object":[{"name":"star","bndbox":{"xmin":120,"ymin":236,"xmax":228,"ymax":332}},{"name":" search","bndbox":{"xmin":36,"ymin":100,"xmax":120,"ymax":176}},{"name":" Microphone","bndbox":{"xmin":848,"ymin":96,"xmax":920,"ymax":176}},{"name":" more","bndbox":{"xmin":956,"ymin":112,"xmax":1012,"ymax":172}},{"name":" time","bndbox":{"xmin":484,"ymin":244,"xmax":584,"ymax":328}}]},"time_labeled":1697282184011,"labeled":true,"size":{"width":1080,"height":1920,"depth":3}}