{"path":"C:\\Samsung Prism\\myvenv\\datasets\\images\\train\\10319.jpg","outputs":{"object":[{"name":" menu","bndbox":{"xmin":12,"ymin":48,"xmax":54,"ymax":90}},{"name":" close","bndbox":{"xmin":486,"ymin":118,"xmax":526,"ymax":144}},{"name":" search","bndbox":{"xmin":24,"ymin":196,"xmax":74,"ymax":238}},{"name":" Microphone","bndbox":{"xmin":422,"ymin":192,"xmax":454,"ymax":240}},{"name":" add","bndbox":{"xmin":204,"ymin":754,"xmax":250,"ymax":794}},{"name":" close","bndbox":{"xmin":442,"ymin":810,"xmax":482,"ymax":848}},{"name":" Camera","bndbox":{"xmin":486,"ymin":806,"xmax":522,"ymax":858}}]},"time_labeled":1697283194349,"labeled":true,"size":{"width":540,"height":960,"depth":3}}