{"path":"C:\\Samsung Prism\\myvenv\\datasets\\images\\train\\10320.jpg","outputs":{"object":[{"name":" arrow forward","bndbox":{"xmin":404,"ymin":42,"xmax":438,"ymax":78}},{"name":" arrow forward","bndbox":{"xmin":406,"ymin":104,"xmax":440,"ymax":146}},{"name":" arrow forward","bndbox":{"xmin":408,"ymin":166,"xmax":436,"ymax":208}},{"name":" add","bndbox":{"xmin":20,"ymin":170,"xmax":62,"ymax":204}},{"name":" home","bndbox":{"xmin":18,"ymin":292,"xmax":62,"ymax":330}},{"name":" Cart","bndbox":{"xmin":16,"ymin":476,"xmax":66,"ymax":522}}]},"time_labeled":1697283319222,"labeled":true,"size":{"width":540,"height":960,"depth":3}}