{"path":"C:\\Samsung Prism\\myvenv\\datasets\\images\\train\\10347.jpg","outputs":{"object":[{"name":" arrow forward","bndbox":{"xmin":980,"ymin":1012,"xmax":1060,"ymax":1080}},{"name":" arrow forward","bndbox":{"xmin":992,"ymin":1112,"xmax":1048,"ymax":1192}},{"name":" arrow forward","bndbox":{"xmin":996,"ymin":1224,"xmax":1040,"ymax":1304}},{"name":" arrow forward","bndbox":{"xmin":1000,"ymin":1324,"xmax":1036,"ymax":1404}},{"name":" arrow forward","bndbox":{"xmin":1004,"ymin":1440,"xmax":1052,"ymax":1524}},{"name":" arrow forward","bndbox":{"xmin":1004,"ymin":1552,"xmax":1040,"ymax":1632}},{"name":" arrow forward","bndbox":{"xmin":984,"ymin":1636,"xmax":1044,"ymax":1732}}]},"time_labeled":1697283644228,"labeled":true,"size":{"width":1080,"height":1920,"depth":3}}