{"path":"C:\\Samsung Prism\\myvenv\\datasets\\images\\train\\10357.jpg","outputs":{"object":[{"name":" arrow backward","bndbox":{"xmin":28,"ymin":100,"xmax":120,"ymax":172}},{"name":" arrow backward","bndbox":{"xmin":12,"ymin":308,"xmax":64,"ymax":400}},{"name":" arrow forward","bndbox":{"xmin":952,"ymin":304,"xmax":1068,"ymax":384}},{"name":" more","bndbox":{"xmin":984,"ymin":80,"xmax":1048,"ymax":172}}]},"time_labeled":1697290985650,"labeled":true,"size":{"width":1080,"height":1920,"depth":3}}