{"path":"C:\\Samsung Prism\\myvenv\\datasets\\images\\train\\10364.jpg","outputs":{"object":[{"name":" menu","bndbox":{"xmin":24,"ymin":104,"xmax":120,"ymax":164}},{"name":"star","bndbox":{"xmin":780,"ymin":96,"xmax":872,"ymax":164}},{"name":" more","bndbox":{"xmin":984,"ymin":96,"xmax":1064,"ymax":172}},{"name":" more","bndbox":{"xmin":992,"ymin":960,"xmax":1064,"ymax":1032}},{"name":" more","bndbox":{"xmin":1008,"ymin":1272,"xmax":1052,"ymax":1344}},{"name":" search","bndbox":{"xmin":912,"ymin":1496,"xmax":1012,"ymax":1596}}]},"time_labeled":1697291297206,"labeled":true,"size":{"width":1080,"height":1920,"depth":3}}