{"path":"C:\\Samsung Prism\\myvenv\\datasets\\images\\train\\10369.jpg","outputs":{"object":[{"name":" arrow backward","bndbox":{"xmin":4,"ymin":80,"xmax":44,"ymax":172}},{"name":" time","bndbox":{"xmin":32,"ymin":1680,"xmax":112,"ymax":1768}},{"name":"star","bndbox":{"xmin":632,"ymin":1692,"xmax":752,"ymax":1780}},{"name":" share","bndbox":{"xmin":940,"ymin":1684,"xmax":1056,"ymax":1772}},{"name":" Cart","bndbox":{"xmin":332,"ymin":1684,"xmax":428,"ymax":1772}}]},"time_labeled":1697291443008,"labeled":true,"size":{"width":1080,"height":1920,"depth":3}}