{"path":"C:\\Samsung Prism\\myvenv\\datasets\\images\\train\\10371.jpg","outputs":{"object":[{"name":" arrow backward","bndbox":{"xmin":4,"ymin":84,"xmax":48,"ymax":164}},{"name":" time","bndbox":{"xmin":32,"ymin":1692,"xmax":116,"ymax":1780}},{"name":" Cart","bndbox":{"xmin":336,"ymin":1668,"xmax":420,"ymax":1768}},{"name":"star","bndbox":{"xmin":640,"ymin":1676,"xmax":728,"ymax":1772}},{"name":" share","bndbox":{"xmin":948,"ymin":1680,"xmax":1060,"ymax":1784}}]},"time_labeled":1697291525300,"labeled":true,"size":{"width":1080,"height":1920,"depth":3}}