{"path":"C:\\Samsung Prism\\myvenv\\datasets\\images\\train\\10384.jpg","outputs":{"object":[{"name":" settings","bndbox":{"xmin":956,"ymin":180,"xmax":1064,"ymax":288}},{"name":" close","bndbox":{"xmin":104,"ymin":144,"xmax":164,"ymax":200}},{"name":" arrow backward","bndbox":{"xmin":8,"ymin":1696,"xmax":72,"ymax":1784}},{"name":" info","bndbox":{"xmin":124,"ymin":348,"xmax":252,"ymax":508}},{"name":" info","bndbox":{"xmin":140,"ymin":704,"xmax":240,"ymax":872}},{"name":" info","bndbox":{"xmin":132,"ymin":1068,"xmax":248,"ymax":1232}},{"name":" info","bndbox":{"xmin":132,"ymin":1436,"xmax":244,"ymax":1596}}]},"time_labeled":1697292049524,"labeled":true,"size":{"width":1080,"height":1920,"depth":3}}