{"path":"C:\\Samsung Prism\\myvenv\\datasets\\images\\train\\10388.jpg","outputs":{"object":[{"name":" arrow backward","bndbox":{"xmin":8,"ymin":204,"xmax":80,"ymax":268}},{"name":" close","bndbox":{"xmin":116,"ymin":140,"xmax":156,"ymax":200}},{"name":" arrow backward","bndbox":{"xmin":8,"ymin":1688,"xmax":96,"ymax":1780}},{"name":" arrow forward","bndbox":{"xmin":980,"ymin":1680,"xmax":1060,"ymax":1788}},{"name":" add","bndbox":{"xmin":952,"ymin":1596,"xmax":1008,"ymax":1636}}]},"time_labeled":1697292309785,"labeled":true,"size":{"width":1080,"height":1920,"depth":3}}