{"path":"C:\\Samsung Prism\\myvenv\\datasets\\images\\train\\10394.jpg","outputs":{"object":[{"name":" settings","bndbox":{"xmin":952,"ymin":188,"xmax":1072,"ymax":284}},{"name":" share","bndbox":{"xmin":8,"ymin":1380,"xmax":108,"ymax":1468}},{"name":" play","bndbox":{"xmin":480,"ymin":1380,"xmax":588,"ymax":1468}},{"name":" arrow forward","bndbox":{"xmin":992,"ymin":1684,"xmax":1072,"ymax":1772}},{"name":" close","bndbox":{"xmin":108,"ymin":140,"xmax":164,"ymax":200}}]},"time_labeled":1697292746155,"labeled":true,"size":{"width":1080,"height":1920,"depth":3}}