{"path":"C:\\Samsung Prism\\myvenv\\datasets\\images\\train\\10409.jpg","outputs":{"object":[{"name":" arrow backward","bndbox":{"xmin":4,"ymin":396,"xmax":44,"ymax":488}},{"name":" arrow backward","bndbox":{"xmin":-4,"ymin":620,"xmax":44,"ymax":712}},{"name":" arrow backward","bndbox":{"xmin":-4,"ymin":788,"xmax":52,"ymax":876}},{"name":" arrow backward","bndbox":{"xmin":-4,"ymin":940,"xmax":48,"ymax":1024}},{"name":" arrow backward","bndbox":{"xmin":8,"ymin":1096,"xmax":40,"ymax":1204}},{"name":" arrow backward","bndbox":{"xmin":8,"ymin":1276,"xmax":36,"ymax":1360}},{"name":" arrow backward","bndbox":{"xmin":4,"ymin":1436,"xmax":44,"ymax":1516}},{"name":" arrow backward","bndbox":{"xmin":0,"ymin":1592,"xmax":36,"ymax":1688}},{"name":" arrow backward","bndbox":{"xmin":948,"ymin":92,"xmax":1056,"ymax":200}}]},"time_labeled":1697292908734,"labeled":true,"size":{"width":1080,"height":1920,"depth":3}}