{"path":"C:\\Samsung Prism\\myvenv\\datasets\\images\\train\\10418.jpg","outputs":{"object":[{"name":" home","bndbox":{"xmin":12,"ymin":96,"xmax":88,"ymax":164}},{"name":" Camera","bndbox":{"xmin":0,"ymin":220,"xmax":84,"ymax":296}},{"name":" play","bndbox":{"xmin":4,"ymin":344,"xmax":80,"ymax":432}},{"name":" settings","bndbox":{"xmin":12,"ymin":628,"xmax":80,"ymax":728}},{"name":" menu","bndbox":{"xmin":944,"ymin":68,"xmax":1048,"ymax":212}},{"name":" arrow forward","bndbox":{"xmin":848,"ymin":92,"xmax":924,"ymax":168}},{"name":" arrow forward","bndbox":{"xmin":844,"ymin":204,"xmax":920,"ymax":292}},{"name":" arrow forward","bndbox":{"xmin":856,"ymin":340,"xmax":916,"ymax":428}},{"name":" arrow forward","bndbox":{"xmin":856,"ymin":480,"xmax":908,"ymax":564}},{"name":" arrow forward","bndbox":{"xmin":852,"ymin":636,"xmax":916,"ymax":712}}]},"time_labeled":1697293529545,"labeled":true,"size":{"width":1080,"height":1920,"depth":3}}