{"path":"C:\\Samsung Prism\\myvenv\\datasets\\images\\train\\10415.jpg","outputs":{"object":[{"name":" home","bndbox":{"xmin":12,"ymin":92,"xmax":72,"ymax":172}},{"name":" Camera","bndbox":{"xmin":12,"ymin":220,"xmax":68,"ymax":296}},{"name":" play","bndbox":{"xmin":0,"ymin":332,"xmax":80,"ymax":436}},{"name":" settings","bndbox":{"xmin":8,"ymin":636,"xmax":76,"ymax":708}},{"name":" menu","bndbox":{"xmin":944,"ymin":88,"xmax":1048,"ymax":200}},{"name":" arrow forward","bndbox":{"xmin":844,"ymin":84,"xmax":912,"ymax":164}},{"name":" arrow forward","bndbox":{"xmin":860,"ymin":204,"xmax":908,"ymax":304}},{"name":" arrow forward","bndbox":{"xmin":856,"ymin":348,"xmax":916,"ymax":436}},{"name":" arrow forward","bndbox":{"xmin":852,"ymin":480,"xmax":912,"ymax":548}},{"name":" arrow forward","bndbox":{"xmin":852,"ymin":616,"xmax":912,"ymax":712}}]},"time_labeled":1697293338365,"labeled":true,"size":{"width":1080,"height":1920,"depth":3}}