{"path":"C:\\Samsung Prism\\myvenv\\datasets\\images\\train\\10412.jpg","outputs":{"object":[{"name":" play","bndbox":{"xmin":600,"ymin":96,"xmax":652,"ymax":140}},{"name":" menu","bndbox":{"xmin":16,"ymin":88,"xmax":128,"ymax":184}},{"name":" arrow forward","bndbox":{"xmin":964,"ymin":288,"xmax":1020,"ymax":352}},{"name":" arrow forward","bndbox":{"xmin":968,"ymin":380,"xmax":1020,"ymax":448}},{"name":" arrow forward","bndbox":{"xmin":972,"ymin":460,"xmax":1016,"ymax":536}}]},"time_labeled":1697293159472,"labeled":true,"size":{"width":1080,"height":1920,"depth":3}}