{"path":"C:\\Samsung Prism\\myvenv\\datasets\\images\\train\\10433.jpg","outputs":{"object":[{"name":" close","bndbox":{"xmin":932,"ymin":8,"xmax":1048,"ymax":152}},{"name":"star","bndbox":{"xmin":196,"ymin":1096,"xmax":248,"ymax":1164}},{"name":"star","bndbox":{"xmin":256,"ymin":1096,"xmax":316,"ymax":1160}},{"name":"star","bndbox":{"xmin":324,"ymin":1084,"xmax":364,"ymax":1172}},{"name":"star","bndbox":{"xmin":372,"ymin":1068,"xmax":428,"ymax":1168}},{"name":"star","bndbox":{"xmin":432,"ymin":1072,"xmax":488,"ymax":1176}}]},"time_labeled":1697294622807,"labeled":true,"size":{"width":1080,"height":1920,"depth":3}}