{"path":"C:\\Samsung Prism\\myvenv\\datasets\\images\\train\\10430.jpg","outputs":{"object":[{"name":" info","bndbox":{"xmin":908,"ymin":268,"xmax":1008,"ymax":372}},{"name":" info","bndbox":{"xmin":924,"ymin":456,"xmax":1004,"ymax":568}},{"name":" info","bndbox":{"xmin":904,"ymin":628,"xmax":1012,"ymax":728}},{"name":" info","bndbox":{"xmin":920,"ymin":812,"xmax":1004,"ymax":904}},{"name":" info","bndbox":{"xmin":928,"ymin":1004,"xmax":1000,"ymax":1088}},{"name":" info","bndbox":{"xmin":924,"ymin":1172,"xmax":1008,"ymax":1272}},{"name":" settings","bndbox":{"xmin":904,"ymin":1676,"xmax":980,"ymax":1768}},{"name":" menu","bndbox":{"xmin":316,"ymin":1688,"xmax":404,"ymax":1748}}]},"time_labeled":1697294062982,"labeled":true,"size":{"width":1080,"height":1920,"depth":3}}