{"path":"C:\\Samsung Prism\\myvenv\\datasets\\images\\train\\10446.jpg","outputs":{"object":[{"name":" close","bndbox":{"xmin":518,"ymin":84,"xmax":540,"ymax":114}},{"name":" time","bndbox":{"xmin":130,"ymin":824,"xmax":188,"ymax":880}},{"name":"star","bndbox":{"xmin":24,"ymin":832,"xmax":76,"ymax":882}},{"name":" settings","bndbox":{"xmin":456,"ymin":826,"xmax":518,"ymax":884}},{"name":"star","bndbox":{"xmin":118,"ymin":150,"xmax":132,"ymax":170}},{"name":"star","bndbox":{"xmin":134,"ymin":148,"xmax":146,"ymax":168}},{"name":"star","bndbox":{"xmin":148,"ymin":136,"xmax":160,"ymax":180}},{"name":"star","bndbox":{"xmin":162,"ymin":146,"xmax":172,"ymax":176}},{"name":"star","bndbox":{"xmin":174,"ymin":138,"xmax":192,"ymax":180}}]},"time_labeled":1697294888431,"labeled":true,"size":{"width":540,"height":960,"depth":3}}