{"path":"C:\\Samsung Prism\\myvenv\\datasets\\images\\train\\10442.jpg","outputs":{"object":[{"name":" arrow forward","bndbox":{"xmin":88,"ymin":336,"xmax":120,"ymax":376}},{"name":" arrow forward","bndbox":{"xmin":80,"ymin":474,"xmax":120,"ymax":520}},{"name":" arrow forward","bndbox":{"xmin":88,"ymin":556,"xmax":116,"ymax":604}},{"name":" add","bndbox":{"xmin":6,"ymin":626,"xmax":54,"ymax":676}},{"name":" add","bndbox":{"xmin":-4,"ymin":382,"xmax":56,"ymax":454}},{"name":" close","bndbox":{"xmin":516,"ymin":676,"xmax":538,"ymax":728}},{"name":"star","bndbox":{"xmin":116,"ymin":744,"xmax":132,"ymax":772}},{"name":"star","bndbox":{"xmin":134,"ymin":750,"xmax":148,"ymax":772}},{"name":"star","bndbox":{"xmin":150,"ymin":746,"xmax":162,"ymax":780}},{"name":"star","bndbox":{"xmin":164,"ymin":750,"xmax":174,"ymax":768}},{"name":"star","bndbox":{"xmin":178,"ymin":746,"xmax":194,"ymax":774}}]},"time_labeled":1697294566672,"labeled":true,"size":{"width":540,"height":960,"depth":3}}