{"path":"C:\\Samsung Prism\\myvenv\\datasets\\images\\train\\10469.jpg","outputs":{"object":[{"name":" play","bndbox":{"xmin":212,"ymin":314,"xmax":330,"ymax":432}},{"name":" close","bndbox":{"xmin":460,"ymin":26,"xmax":508,"ymax":84}},{"name":" arrow forward","bndbox":{"xmin":436,"ymin":580,"xmax":466,"ymax":618}},{"name":" play","bndbox":{"xmin":60,"ymin":486,"xmax":92,"ymax":530}},{"name":" close","bndbox":{"xmin":432,"ymin":136,"xmax":474,"ymax":186}}]},"time_labeled":1697295465297,"labeled":true,"size":{"width":540,"height":960,"depth":3}}