{"path":"C:\\Samsung Prism\\myvenv\\datasets\\images\\train\\10463.jpg","outputs":{"object":[{"name":" call","bndbox":{"xmin":228,"ymin":818,"xmax":302,"ymax":892}},{"name":" more","bndbox":{"xmin":480,"ymin":296,"xmax":522,"ymax":342}},{"name":" close","bndbox":{"xmin":472,"ymin":120,"xmax":528,"ymax":170}},{"name":" close","bndbox":{"xmin":372,"ymin":732,"xmax":504,"ymax":810}},{"name":" Microphone","bndbox":{"xmin":470,"ymin":42,"xmax":532,"ymax":88}},{"name":" menu","bndbox":{"xmin":8,"ymin":38,"xmax":68,"ymax":92}}]},"time_labeled":1697295220164,"labeled":true,"size":{"width":540,"height":960,"depth":3}}