{"path":"C:\\Samsung Prism\\myvenv\\datasets\\images\\train\\10477.jpg","outputs":{"object":[{"name":" info","bndbox":{"xmin":206,"ymin":254,"xmax":246,"ymax":294}},{"name":" info","bndbox":{"xmin":478,"ymin":258,"xmax":516,"ymax":300}},{"name":" info","bndbox":{"xmin":210,"ymin":570,"xmax":240,"ymax":616}},{"name":" info","bndbox":{"xmin":478,"ymin":570,"xmax":512,"ymax":618}},{"name":" search","bndbox":{"xmin":486,"ymin":44,"xmax":526,"ymax":98}},{"name":" menu","bndbox":{"xmin":12,"ymin":44,"xmax":60,"ymax":98}},{"name":" more","bndbox":{"xmin":478,"ymin":174,"xmax":506,"ymax":228}}]},"time_labeled":1697298034510,"labeled":true,"size":{"width":540,"height":960,"depth":3}}