{"path":"C:\\Samsung Prism\\myvenv\\datasets\\images\\train\\10494.jpg","outputs":{"object":[{"name":" home","bndbox":{"xmin":40,"ymin":384,"xmax":116,"ymax":476}},{"name":" check","bndbox":{"xmin":544,"ymin":352,"xmax":616,"ymax":436}},{"name":" search","bndbox":{"xmin":24,"ymin":232,"xmax":116,"ymax":340}},{"name":" search","bndbox":{"xmin":668,"ymin":1660,"xmax":760,"ymax":1756}},{"name":" menu","bndbox":{"xmin":16,"ymin":92,"xmax":96,"ymax":188}}]},"time_labeled":1697298807494,"labeled":true,"size":{"width":1080,"height":1920,"depth":3}}