{"path":"C:\\Samsung Prism\\myvenv\\datasets\\images\\train\\10509.jpg","outputs":{"object":[{"name":" arrow backward","bndbox":{"xmin":24,"ymin":1504,"xmax":144,"ymax":1648}},{"name":" arrow forward","bndbox":{"xmin":912,"ymin":1492,"xmax":1060,"ymax":1660}},{"name":" arrow forward","bndbox":{"xmin":988,"ymin":844,"xmax":1072,"ymax":940}},{"name":" info","bndbox":{"xmin":960,"ymin":136,"xmax":1068,"ymax":248}},{"name":" add","bndbox":{"xmin":228,"ymin":1572,"xmax":308,"ymax":1648}},{"name":" close","bndbox":{"xmin":1032,"ymin":1660,"xmax":1084,"ymax":1708}},{"name":" arrow forward","bndbox":{"xmin":552,"ymin":1664,"xmax":648,"ymax":1784}}]},"time_labeled":1697299381942,"labeled":true,"size":{"width":1080,"height":1920,"depth":3}}