{"path":"C:\\Samsung Prism\\myvenv\\datasets\\images\\train\\10501.jpg","outputs":{"object":[{"name":" arrow backward","bndbox":{"xmin":28,"ymin":84,"xmax":104,"ymax":156}},{"name":" more","bndbox":{"xmin":968,"ymin":76,"xmax":1036,"ymax":172}},{"name":" edit","bndbox":{"xmin":44,"ymin":1688,"xmax":120,"ymax":1776}},{"name":" share","bndbox":{"xmin":980,"ymin":1688,"xmax":1044,"ymax":1760}},{"name":" chat","bndbox":{"xmin":816,"ymin":1680,"xmax":872,"ymax":1764}},{"name":" add","bndbox":{"xmin":956,"ymin":1172,"xmax":1012,"ymax":1256}}]},"time_labeled":1697299191992,"labeled":true,"size":{"width":1080,"height":1920,"depth":3}}