{"path":"C:\\Samsung Prism\\myvenv\\datasets\\images\\train\\10510.jpg","outputs":{"object":[{"name":" close","bndbox":{"xmin":928,"ymin":4,"xmax":1072,"ymax":124}},{"name":" arrow backward","bndbox":{"xmin":692,"ymin":196,"xmax":820,"ymax":312}},{"name":" arrow forward","bndbox":{"xmin":888,"ymin":208,"xmax":1008,"ymax":304}},{"name":" share","bndbox":{"xmin":52,"ymin":1360,"xmax":216,"ymax":1544}},{"name":" Camera","bndbox":{"xmin":248,"ymin":356,"xmax":428,"ymax":540}}]},"time_labeled":1697299523301,"labeled":true,"size":{"width":1080,"height":1920,"depth":3}}