{"path":"C:\\Samsung Prism\\myvenv\\datasets\\images\\train\\10515.jpg","outputs":{"object":[{"name":" arrow forward","bndbox":{"xmin":1000,"ymin":848,"xmax":1072,"ymax":940}},{"name":" arrow forward","bndbox":{"xmin":548,"ymin":1660,"xmax":652,"ymax":1784}},{"name":" share","bndbox":{"xmin":8,"ymin":1504,"xmax":136,"ymax":1652}},{"name":" info","bndbox":{"xmin":952,"ymin":132,"xmax":1068,"ymax":252}},{"name":" close","bndbox":{"xmin":1036,"ymin":1640,"xmax":1080,"ymax":1708}}]},"time_labeled":1697299932622,"labeled":true,"size":{"width":1080,"height":1920,"depth":3}}