{"path":"C:\\Samsung Prism\\myvenv\\datasets\\images\\train\\10517.jpg","outputs":{"object":[{"name":" arrow forward","bndbox":{"xmin":540,"ymin":1660,"xmax":664,"ymax":1792}},{"name":" arrow forward","bndbox":{"xmin":1004,"ymin":820,"xmax":1068,"ymax":992}},{"name":" arrow forward","bndbox":{"xmin":904,"ymin":1508,"xmax":1056,"ymax":1652}},{"name":" arrow backward","bndbox":{"xmin":12,"ymin":1500,"xmax":160,"ymax":1652}},{"name":" add","bndbox":{"xmin":236,"ymin":1580,"xmax":300,"ymax":1632}},{"name":" info","bndbox":{"xmin":956,"ymin":132,"xmax":1080,"ymax":260}},{"name":" close","bndbox":{"xmin":1032,"ymin":1660,"xmax":1072,"ymax":1704}}]},"time_labeled":1697300173412,"labeled":true,"size":{"width":1080,"height":1920,"depth":3}}