{"path":"C:\\Samsung Prism\\myvenv\\datasets\\images\\train\\10512.jpg","outputs":{"object":[{"name":" info","bndbox":{"xmin":952,"ymin":132,"xmax":1072,"ymax":260}},{"name":" arrow forward","bndbox":{"xmin":992,"ymin":828,"xmax":1076,"ymax":952}},{"name":" arrow backward","bndbox":{"xmin":8,"ymin":1500,"xmax":160,"ymax":1652}},{"name":" arrow forward","bndbox":{"xmin":924,"ymin":1520,"xmax":1072,"ymax":1632}},{"name":" arrow forward","bndbox":{"xmin":548,"ymin":1660,"xmax":660,"ymax":1788}},{"name":" check","bndbox":{"xmin":452,"ymin":1504,"xmax":612,"ymax":1652}},{"name":" add","bndbox":{"xmin":240,"ymin":1568,"xmax":304,"ymax":1652}},{"name":" close","bndbox":{"xmin":1032,"ymin":1648,"xmax":1080,"ymax":1708}}]},"time_labeled":1697299801964,"labeled":true,"size":{"width":1080,"height":1920,"depth":3}}