{"path":"C:\\Samsung Prism\\myvenv\\datasets\\images\\train\\10518.jpg","outputs":{"object":[{"name":" arrow forward","bndbox":{"xmin":396,"ymin":876,"xmax":460,"ymax":952}},{"name":" arrow forward","bndbox":{"xmin":892,"ymin":876,"xmax":960,"ymax":964}},{"name":" arrow forward","bndbox":{"xmin":388,"ymin":1544,"xmax":460,"ymax":1616}},{"name":" arrow forward","bndbox":{"xmin":940,"ymin":1656,"xmax":1060,"ymax":1780}},{"name":" home","bndbox":{"xmin":744,"ymin":1656,"xmax":896,"ymax":1784}},{"name":" arrow backward","bndbox":{"xmin":24,"ymin":1652,"xmax":144,"ymax":1776}},{"name":" arrow forward","bndbox":{"xmin":896,"ymin":1544,"xmax":952,"ymax":1624}}]},"time_labeled":1697300313827,"labeled":true,"size":{"width":1080,"height":1920,"depth":3}}