{"path":"C:\\Samsung Prism\\myvenv\\datasets\\images\\train\\10519.jpg","outputs":{"object":[{"name":" arrow forward","bndbox":{"xmin":420,"ymin":760,"xmax":474,"ymax":808}},{"name":" arrow backward","bndbox":{"xmin":62,"ymin":762,"xmax":112,"ymax":810}},{"name":" share","bndbox":{"xmin":238,"ymin":762,"xmax":306,"ymax":810}},{"name":" arrow forward","bndbox":{"xmin":134,"ymin":826,"xmax":198,"ymax":890}},{"name":" close","bndbox":{"xmin":518,"ymin":810,"xmax":538,"ymax":862}},{"name":" arrow backward","bndbox":{"xmin":16,"ymin":46,"xmax":52,"ymax":88}},{"name":" add","bndbox":{"xmin":198,"ymin":128,"xmax":228,"ymax":148}},{"name":" edit","bndbox":{"xmin":302,"ymin":108,"xmax":370,"ymax":148}},{"name":"star","bndbox":{"xmin":444,"ymin":108,"xmax":496,"ymax":152}}]},"time_labeled":1697300490524,"labeled":true,"size":{"width":540,"height":960,"depth":3}}