{"path":"C:\\Samsung Prism\\myvenv\\datasets\\images\\train\\10514.jpg","outputs":{"object":[{"name":" arrow backward","bndbox":{"xmin":1000,"ymin":836,"xmax":1072,"ymax":956}},{"name":" share","bndbox":{"xmin":0,"ymin":1508,"xmax":148,"ymax":1652}},{"name":" arrow forward","bndbox":{"xmin":540,"ymin":1664,"xmax":664,"ymax":1788}},{"name":" close","bndbox":{"xmin":1032,"ymin":1652,"xmax":1084,"ymax":1704}}]},"time_labeled":1697299786166,"labeled":true,"size":{"width":1080,"height":1920,"depth":3}}