{"path":"C:\\Samsung Prism\\myvenv\\datasets\\images\\train\\10520.jpg","outputs":{"object":[{"name":" edit","bndbox":{"xmin":310,"ymin":104,"xmax":364,"ymax":154}},{"name":"star","bndbox":{"xmin":444,"ymin":106,"xmax":500,"ymax":150}},{"name":" add","bndbox":{"xmin":202,"ymin":126,"xmax":222,"ymax":156}},{"name":" menu","bndbox":{"xmin":8,"ymin":38,"xmax":60,"ymax":90}},{"name":" arrow backward","bndbox":{"xmin":64,"ymin":760,"xmax":108,"ymax":810}},{"name":" arrow forward","bndbox":{"xmin":412,"ymin":756,"xmax":476,"ymax":808}},{"name":" share","bndbox":{"xmin":242,"ymin":758,"xmax":294,"ymax":810}},{"name":" close","bndbox":{"xmin":518,"ymin":814,"xmax":538,"ymax":856}},{"name":" arrow forward","bndbox":{"xmin":138,"ymin":820,"xmax":208,"ymax":892}}]},"time_labeled":1697300649240,"labeled":true,"size":{"width":540,"height":960,"depth":3}}