{"path":"C:\\Samsung Prism\\myvenv\\datasets\\images\\train\\10526.jpg","outputs":{"object":[{"name":" arrow backward","bndbox":{"xmin":14,"ymin":50,"xmax":60,"ymax":86}},{"name":" add","bndbox":{"xmin":264,"ymin":122,"xmax":296,"ymax":154}},{"name":" share","bndbox":{"xmin":414,"ymin":108,"xmax":492,"ymax":150}},{"name":" arrow forward","bndbox":{"xmin":132,"ymin":820,"xmax":200,"ymax":892}},{"name":" close","bndbox":{"xmin":520,"ymin":810,"xmax":536,"ymax":854}}]},"time_labeled":1697301083696,"labeled":true,"size":{"width":540,"height":960,"depth":3}}