{"path":"C:\\Samsung Prism\\myvenv\\datasets\\images\\train\\10524.jpg","outputs":{"object":[{"name":" arrow backward","bndbox":{"xmin":12,"ymin":44,"xmax":64,"ymax":92}},{"name":" add","bndbox":{"xmin":260,"ymin":122,"xmax":294,"ymax":152}},{"name":" share","bndbox":{"xmin":420,"ymin":102,"xmax":478,"ymax":150}},{"name":" arrow forward","bndbox":{"xmin":132,"ymin":820,"xmax":202,"ymax":892}},{"name":" close","bndbox":{"xmin":518,"ymin":804,"xmax":538,"ymax":854}}]},"time_labeled":1697300915465,"labeled":true,"size":{"width":540,"height":960,"depth":3}}