{"path":"C:\\Samsung Prism\\myvenv\\datasets\\images\\train\\10522.jpg","outputs":{"object":[{"name":" arrow forward","bndbox":{"xmin":134,"ymin":826,"xmax":198,"ymax":886}},{"name":" close","bndbox":{"xmin":520,"ymin":818,"xmax":538,"ymax":864}},{"name":" add","bndbox":{"xmin":266,"ymin":124,"xmax":292,"ymax":150}},{"name":" share","bndbox":{"xmin":414,"ymin":106,"xmax":488,"ymax":152}},{"name":" arrow backward","bndbox":{"xmin":6,"ymin":42,"xmax":64,"ymax":88}}]},"time_labeled":1697300790512,"labeled":true,"size":{"width":540,"height":960,"depth":3}}