{"path":"C:\\Samsung Prism\\myvenv\\datasets\\images\\train\\10535.jpg","outputs":{"object":[{"name":" more","bndbox":{"xmin":908,"ymin":1676,"xmax":1016,"ymax":1740}},{"name":" add","bndbox":{"xmin":756,"ymin":76,"xmax":840,"ymax":152}},{"name":" expand more","bndbox":{"xmin":236,"ymin":200,"xmax":292,"ymax":240}},{"name":" expand more","bndbox":{"xmin":760,"ymin":204,"xmax":792,"ymax":244}},{"name":" menu","bndbox":{"xmin":1004,"ymin":80,"xmax":1060,"ymax":156}}]},"time_labeled":1697301537342,"labeled":true,"size":{"width":1080,"height":1920,"depth":3}}