{"path":"C:\\Samsung Prism\\myvenv\\datasets\\images\\train\\10539.jpg","outputs":{"object":[{"name":" close","bndbox":{"xmin":2,"ymin":638,"xmax":50,"ymax":678}},{"name":" check","bndbox":{"xmin":486,"ymin":230,"xmax":524,"ymax":274}},{"name":" expand more","bndbox":{"xmin":460,"ymin":166,"xmax":498,"ymax":206}},{"name":" expand more","bndbox":{"xmin":172,"ymin":172,"xmax":202,"ymax":202}},{"name":" add","bndbox":{"xmin":454,"ymin":664,"xmax":490,"ymax":698}}]},"time_labeled":1697301743312,"labeled":true,"size":{"width":540,"height":960,"depth":3}}