{"path":"C:\\Samsung Prism\\myvenv\\datasets\\images\\train\\10540.jpg","outputs":{"object":[{"name":" expand more","bndbox":{"xmin":388,"ymin":426,"xmax":430,"ymax":472}},{"name":" expand more","bndbox":{"xmin":388,"ymin":360,"xmax":436,"ymax":392}},{"name":" home","bndbox":{"xmin":20,"ymin":276,"xmax":62,"ymax":330}},{"name":" info","bndbox":{"xmin":20,"ymin":638,"xmax":60,"ymax":698}},{"name":" menu","bndbox":{"xmin":496,"ymin":40,"xmax":534,"ymax":86}}]},"time_labeled":1697301834819,"labeled":true,"size":{"width":540,"height":960,"depth":3}}