{"path":"C:\\Samsung Prism\\myvenv\\datasets\\images\\train\\10546.jpg","outputs":{"object":[{"name":" close","bndbox":{"xmin":4,"ymin":640,"xmax":54,"ymax":674}},{"name":" close","bndbox":{"xmin":492,"ymin":636,"xmax":536,"ymax":674}},{"name":" check","bndbox":{"xmin":486,"ymin":400,"xmax":528,"ymax":450}},{"name":" check","bndbox":{"xmin":490,"ymin":232,"xmax":524,"ymax":284}},{"name":" expand more","bndbox":{"xmin":460,"ymin":166,"xmax":508,"ymax":202}},{"name":" expand more","bndbox":{"xmin":176,"ymin":168,"xmax":206,"ymax":210}}]},"time_labeled":1697302073333,"labeled":true,"size":{"width":540,"height":960,"depth":3}}