{"path":"C:\\Samsung Prism\\myvenv\\datasets\\images\\train\\10558.jpg","outputs":{"object":[{"name":" close","bndbox":{"xmin":490,"ymin":640,"xmax":536,"ymax":672}},{"name":" close","bndbox":{"xmin":6,"ymin":638,"xmax":42,"ymax":676}},{"name":" check","bndbox":{"xmin":484,"ymin":400,"xmax":526,"ymax":450}},{"name":" check","bndbox":{"xmin":482,"ymin":234,"xmax":530,"ymax":284}},{"name":" expand more","bndbox":{"xmin":460,"ymin":168,"xmax":504,"ymax":206}},{"name":" expand more","bndbox":{"xmin":170,"ymin":174,"xmax":214,"ymax":206}}]},"time_labeled":1697303043688,"labeled":true,"size":{"width":540,"height":960,"depth":3}}