{"path":"C:\\Samsung Prism\\myvenv\\datasets\\images\\train\\10556.jpg","outputs":{"object":[{"name":" arrow forward","bndbox":{"xmin":410,"ymin":192,"xmax":454,"ymax":250}},{"name":" arrow forward","bndbox":{"xmin":410,"ymin":678,"xmax":452,"ymax":740}},{"name":" arrow forward","bndbox":{"xmin":410,"ymin":816,"xmax":450,"ymax":870}},{"name":" menu","bndbox":{"xmin":484,"ymin":40,"xmax":532,"ymax":98}},{"name":" menu","bndbox":{"xmin":10,"ymin":42,"xmax":64,"ymax":94}},{"name":" close","bndbox":{"xmin":6,"ymin":792,"xmax":90,"ymax":890}}]},"time_labeled":1697302939679,"labeled":true,"size":{"width":540,"height":960,"depth":3}}