{"path":"C:\\Samsung Prism\\myvenv\\datasets\\images\\train\\10551.jpg","outputs":{"object":[{"name":" expand more","bndbox":{"xmin":172,"ymin":728,"xmax":206,"ymax":768}},{"name":" expand more","bndbox":{"xmin":458,"ymin":722,"xmax":504,"ymax":772}},{"name":" Camera","bndbox":{"xmin":420,"ymin":506,"xmax":488,"ymax":570}},{"name":" time","bndbox":{"xmin":154,"ymin":514,"xmax":236,"ymax":570}},{"name":"star","bndbox":{"xmin":6,"ymin":332,"xmax":26,"ymax":362}},{"name":"star","bndbox":{"xmin":30,"ymin":338,"xmax":52,"ymax":366}},{"name":"star","bndbox":{"xmin":52,"ymin":332,"xmax":72,"ymax":374}},{"name":"star","bndbox":{"xmin":74,"ymin":334,"xmax":92,"ymax":370}},{"name":"star","bndbox":{"xmin":96,"ymin":332,"xmax":116,"ymax":370}},{"name":" share","bndbox":{"xmin":484,"ymin":36,"xmax":534,"ymax":90}},{"name":" arrow backward","bndbox":{"xmin":10,"ymin":40,"xmax":48,"ymax":92}}]},"time_labeled":1697302484060,"labeled":true,"size":{"width":540,"height":960,"depth":3}}