{"path":"C:\\Samsung Prism\\myvenv\\datasets\\images\\train\\10553.jpg","outputs":{"object":[{"name":" home","bndbox":{"xmin":18,"ymin":276,"xmax":64,"ymax":332}},{"name":" menu","bndbox":{"xmin":482,"ymin":36,"xmax":532,"ymax":98}},{"name":" expand more","bndbox":{"xmin":386,"ymin":350,"xmax":434,"ymax":396}},{"name":" search","bndbox":{"xmin":20,"ymin":478,"xmax":64,"ymax":532}},{"name":" info","bndbox":{"xmin":18,"ymin":796,"xmax":64,"ymax":850}}]},"time_labeled":1697302682314,"labeled":true,"size":{"width":540,"height":960,"depth":3}}