{"path":"C:\\Samsung Prism\\myvenv\\datasets\\images\\train\\10560.jpg","outputs":{"object":[{"name":" close","bndbox":{"xmin":48,"ymin":704,"xmax":136,"ymax":784}},{"name":" check","bndbox":{"xmin":48,"ymin":308,"xmax":264,"ymax":548}},{"name":" arrow backward","bndbox":{"xmin":16,"ymin":84,"xmax":124,"ymax":192}},{"name":" info","bndbox":{"xmin":908,"ymin":544,"xmax":988,"ymax":648}},{"name":" Attach file","bndbox":{"xmin":824,"ymin":688,"xmax":920,"ymax":788}},{"name":" send","bndbox":{"xmin":936,"ymin":700,"xmax":1020,"ymax":776}}]},"time_labeled":1697303228405,"labeled":true,"size":{"width":1080,"height":1920,"depth":3}}