{"path":"C:\\Samsung Prism\\myvenv\\datasets\\images\\train\\10569.jpg","outputs":{"object":[{"name":" menu","bndbox":{"xmin":20,"ymin":96,"xmax":112,"ymax":164}},{"name":" more","bndbox":{"xmin":976,"ymin":96,"xmax":1060,"ymax":184}},{"name":" play","bndbox":{"xmin":48,"ymin":548,"xmax":172,"ymax":660}},{"name":" play","bndbox":{"xmin":48,"ymin":780,"xmax":184,"ymax":916}},{"name":" play","bndbox":{"xmin":76,"ymin":1040,"xmax":164,"ymax":1156}},{"name":" play","bndbox":{"xmin":64,"ymin":1272,"xmax":164,"ymax":1404}},{"name":" play","bndbox":{"xmin":48,"ymin":1540,"xmax":184,"ymax":1644}}]},"time_labeled":1697303587800,"labeled":true,"size":{"width":1080,"height":1920,"depth":3}}