{"path":"C:\\Samsung Prism\\myvenv\\datasets\\images\\train\\10563.jpg","outputs":{"object":[{"name":" arrow backward","bndbox":{"xmin":36,"ymin":96,"xmax":116,"ymax":168}},{"name":" share","bndbox":{"xmin":972,"ymin":96,"xmax":1076,"ymax":200}},{"name":" play","bndbox":{"xmin":452,"ymin":336,"xmax":628,"ymax":536}},{"name":" play","bndbox":{"xmin":204,"ymin":1152,"xmax":336,"ymax":1276}},{"name":" play","bndbox":{"xmin":732,"ymin":1136,"xmax":884,"ymax":1288}},{"name":" play","bndbox":{"xmin":192,"ymin":1532,"xmax":344,"ymax":1680}},{"name":" play","bndbox":{"xmin":732,"ymin":1544,"xmax":876,"ymax":1664}}]},"time_labeled":1697303338493,"labeled":true,"size":{"width":1080,"height":1920,"depth":3}}