{"path":"C:\\Samsung Prism\\myvenv\\datasets\\images\\train\\10572.jpg","outputs":{"object":[{"name":" more","bndbox":{"xmin":984,"ymin":84,"xmax":1060,"ymax":188}},{"name":" menu","bndbox":{"xmin":24,"ymin":88,"xmax":108,"ymax":176}},{"name":" play","bndbox":{"xmin":56,"ymin":896,"xmax":168,"ymax":1004}},{"name":" play","bndbox":{"xmin":52,"ymin":1132,"xmax":164,"ymax":1256}},{"name":" play","bndbox":{"xmin":56,"ymin":1388,"xmax":172,"ymax":1496}},{"name":" play","bndbox":{"xmin":56,"ymin":1628,"xmax":172,"ymax":1752}}]},"time_labeled":1697303702027,"labeled":true,"size":{"width":1080,"height":1920,"depth":3}}