{"path":"C:\\Samsung Prism\\myvenv\\datasets\\images\\train\\10575.jpg","outputs":{"object":[{"name":" menu","bndbox":{"xmin":28,"ymin":88,"xmax":112,"ymax":172}},{"name":" more","bndbox":{"xmin":980,"ymin":88,"xmax":1056,"ymax":188}},{"name":" play","bndbox":{"xmin":36,"ymin":900,"xmax":180,"ymax":1000}},{"name":" play","bndbox":{"xmin":60,"ymin":1124,"xmax":164,"ymax":1268}},{"name":" play","bndbox":{"xmin":60,"ymin":1388,"xmax":168,"ymax":1500}},{"name":" play","bndbox":{"xmin":60,"ymin":1628,"xmax":168,"ymax":1748}},{"name":" play","bndbox":{"xmin":60,"ymin":540,"xmax":164,"ymax":656}}]},"time_labeled":1697303802521,"labeled":true,"size":{"width":1080,"height":1920,"depth":3}}