{"path":"C:\\Samsung Prism\\myvenv\\datasets\\images\\train\\10587.jpg","outputs":{"object":[{"name":" call","bndbox":{"xmin":446,"ymin":498,"xmax":506,"ymax":546}},{"name":" time","bndbox":{"xmin":454,"ymin":572,"xmax":500,"ymax":620}},{"name":" chat","bndbox":{"xmin":454,"ymin":640,"xmax":496,"ymax":686}},{"name":" close","bndbox":{"xmin":448,"ymin":734,"xmax":504,"ymax":796}},{"name":" call","bndbox":{"xmin":60,"ymin":830,"xmax":112,"ymax":888}},{"name":" menu","bndbox":{"xmin":10,"ymin":36,"xmax":58,"ymax":94}}]},"time_labeled":1697304691841,"labeled":true,"size":{"width":540,"height":960,"depth":3}}