{"path":"C:\\Samsung Prism\\myvenv\\datasets\\images\\train\\10585.jpg","outputs":{"object":[{"name":" add","bndbox":{"xmin":464,"ymin":230,"xmax":512,"ymax":268}},{"name":" add","bndbox":{"xmin":468,"ymin":314,"xmax":506,"ymax":358}},{"name":" add","bndbox":{"xmin":464,"ymin":394,"xmax":512,"ymax":454}},{"name":" add","bndbox":{"xmin":470,"ymin":494,"xmax":506,"ymax":538}},{"name":" add","bndbox":{"xmin":302,"ymin":314,"xmax":326,"ymax":352}}]},"time_labeled":1697304499896,"labeled":true,"size":{"width":540,"height":960,"depth":3}}