{"path":"C:\\Samsung Prism\\myvenv\\datasets\\images\\train\\10592.jpg","outputs":{"object":[{"name":" add","bndbox":{"xmin":454,"ymin":156,"xmax":518,"ymax":216}},{"name":" add","bndbox":{"xmin":474,"ymin":256,"xmax":502,"ymax":306}},{"name":" add","bndbox":{"xmin":470,"ymin":330,"xmax":510,"ymax":398}},{"name":" add","bndbox":{"xmin":458,"ymin":432,"xmax":516,"ymax":488}},{"name":" add","bndbox":{"xmin":302,"ymin":260,"xmax":324,"ymax":290}},{"name":" arrow backward","bndbox":{"xmin":12,"ymin":46,"xmax":60,"ymax":98}}]},"time_labeled":1697304928134,"labeled":true,"size":{"width":540,"height":960,"depth":3}}