{"path":"C:\\Samsung Prism\\myvenv\\datasets\\images\\train\\10598.jpg","outputs":{"object":[{"name":" arrow backward","bndbox":{"xmin":10,"ymin":44,"xmax":58,"ymax":90}},{"name":" refresh","bndbox":{"xmin":482,"ymin":42,"xmax":530,"ymax":94}},{"name":"star","bndbox":{"xmin":190,"ymin":382,"xmax":220,"ymax":422}},{"name":"star","bndbox":{"xmin":222,"ymin":376,"xmax":242,"ymax":418}},{"name":"star","bndbox":{"xmin":244,"ymin":344,"xmax":290,"ymax":416}},{"name":"star","bndbox":{"xmin":292,"ymin":364,"xmax":314,"ymax":414}},{"name":"star","bndbox":{"xmin":316,"ymin":390,"xmax":358,"ymax":426}}]},"time_labeled":1697305341992,"labeled":true,"size":{"width":540,"height":960,"depth":3}}