{"path":"C:\\Samsung Prism\\myvenv\\datasets\\images\\train\\10609.jpg","outputs":{"object":[{"name":" arrow backward","bndbox":{"xmin":24,"ymin":80,"xmax":108,"ymax":184}},{"name":" notifications","bndbox":{"xmin":948,"ymin":84,"xmax":1056,"ymax":200}},{"name":"star","bndbox":{"xmin":16,"ymin":692,"xmax":96,"ymax":772}},{"name":" chat","bndbox":{"xmin":12,"ymin":812,"xmax":96,"ymax":908}},{"name":" close","bndbox":{"xmin":896,"ymin":1108,"xmax":948,"ymax":1212}},{"name":" add","bndbox":{"xmin":168,"ymin":240,"xmax":212,"ymax":300}}]},"time_labeled":1697306082007,"labeled":true,"size":{"width":1080,"height":1920,"depth":3}}