{"path":"C:\\Samsung Prism\\myvenv\\datasets\\images\\train\\10602.jpg","outputs":{"object":[{"name":" menu","bndbox":{"xmin":28,"ymin":88,"xmax":112,"ymax":168}},{"name":" notifications","bndbox":{"xmin":964,"ymin":80,"xmax":1044,"ymax":184}},{"name":" close","bndbox":{"xmin":888,"ymin":1096,"xmax":948,"ymax":1196}},{"name":" add","bndbox":{"xmin":372,"ymin":1556,"xmax":432,"ymax":1648}},{"name":"star","bndbox":{"xmin":500,"ymin":1252,"xmax":568,"ymax":1316}}]},"time_labeled":1697305653233,"labeled":true,"size":{"width":1080,"height":1920,"depth":3}}