{"path":"C:\\Samsung Prism\\myvenv\\datasets\\images\\train\\10603.jpg","outputs":{"object":[{"name":" arrow backward","bndbox":{"xmin":32,"ymin":104,"xmax":92,"ymax":180}},{"name":" notifications","bndbox":{"xmin":940,"ymin":76,"xmax":1064,"ymax":184}},{"name":" close","bndbox":{"xmin":892,"ymin":1100,"xmax":940,"ymax":1204}},{"name":"star","bndbox":{"xmin":24,"ymin":1300,"xmax":96,"ymax":1400}},{"name":" share","bndbox":{"xmin":24,"ymin":912,"xmax":100,"ymax":1004}},{"name":" settings","bndbox":{"xmin":20,"ymin":784,"xmax":96,"ymax":876}},{"name":" notifications","bndbox":{"xmin":20,"ymin":656,"xmax":100,"ymax":740}},{"name":" add","bndbox":{"xmin":164,"ymin":248,"xmax":200,"ymax":296}}]},"time_labeled":1697305859836,"labeled":true,"size":{"width":1080,"height":1920,"depth":3}}