{"path":"C:\\Samsung Prism\\myvenv\\datasets\\images\\train\\10649.jpg","outputs":{"object":[{"name":" time","bndbox":{"xmin":856,"ymin":180,"xmax":944,"ymax":268}},{"name":" chat","bndbox":{"xmin":956,"ymin":64,"xmax":1068,"ymax":148}},{"name":" edit","bndbox":{"xmin":928,"ymin":1568,"xmax":1048,"ymax":1708}},{"name":" chat","bndbox":{"xmin":204,"ymin":704,"xmax":284,"ymax":792}},{"name":" chat","bndbox":{"xmin":200,"ymin":1064,"xmax":304,"ymax":1180}},{"name":" chat","bndbox":{"xmin":200,"ymin":1596,"xmax":284,"ymax":1680}},{"name":" emoji","bndbox":{"xmin":144,"ymin":600,"xmax":208,"ymax":688}},{"name":" arrow forward","bndbox":{"xmin":716,"ymin":1712,"xmax":776,"ymax":1792}},{"name":" more","bndbox":{"xmin":932,"ymin":684,"xmax":1048,"ymax":796}},{"name":" more","bndbox":{"xmin":924,"ymin":1056,"xmax":1056,"ymax":1156}}]},"time_labeled":1697307478030,"labeled":true,"size":{"width":1080,"height":1920,"depth":3}}