{"path":"C:\\Samsung Prism\\myvenv\\datasets\\images\\train\\10641.jpg","outputs":{"object":[{"name":" menu","bndbox":{"xmin":14,"ymin":50,"xmax":62,"ymax":86}},{"name":"star","bndbox":{"xmin":86,"ymin":52,"xmax":130,"ymax":84}},{"name":" time","bndbox":{"xmin":456,"ymin":246,"xmax":506,"ymax":296}},{"name":" arrow forward","bndbox":{"xmin":326,"ymin":248,"xmax":354,"ymax":288}},{"name":" arrow backward","bndbox":{"xmin":168,"ymin":246,"xmax":220,"ymax":304}}]},"time_labeled":1697306995363,"labeled":true,"size":{"width":540,"height":960,"depth":3}}