{"path":"C:\\Samsung Prism\\myvenv\\datasets\\images\\train\\10640.jpg","outputs":{"object":[{"name":"star","bndbox":{"xmin":480,"ymin":164,"xmax":528,"ymax":230}},{"name":"star","bndbox":{"xmin":484,"ymin":298,"xmax":534,"ymax":352}},{"name":"star","bndbox":{"xmin":490,"ymin":366,"xmax":526,"ymax":412}},{"name":"star","bndbox":{"xmin":488,"ymin":426,"xmax":526,"ymax":474}},{"name":"star","bndbox":{"xmin":490,"ymin":496,"xmax":526,"ymax":534}},{"name":"star","bndbox":{"xmin":486,"ymin":558,"xmax":526,"ymax":598}},{"name":"star","bndbox":{"xmin":490,"ymin":622,"xmax":530,"ymax":662}},{"name":"star","bndbox":{"xmin":490,"ymin":688,"xmax":526,"ymax":726}},{"name":"star","bndbox":{"xmin":494,"ymin":742,"xmax":524,"ymax":784}},{"name":"star","bndbox":{"xmin":488,"ymin":808,"xmax":532,"ymax":846}},{"name":" arrow backward","bndbox":{"xmin":14,"ymin":50,"xmax":58,"ymax":90}}]},"time_labeled":1697306835733,"labeled":true,"size":{"width":540,"height":960,"depth":3}}