{"path":"C:\\Samsung Prism\\myvenv\\datasets\\images\\train\\10646.jpg","outputs":{"object":[{"name":" search","bndbox":{"xmin":24,"ymin":72,"xmax":120,"ymax":168}},{"name":" search","bndbox":{"xmin":24,"ymin":192,"xmax":112,"ymax":292}},{"name":"star","bndbox":{"xmin":20,"ymin":332,"xmax":128,"ymax":412}},{"name":" notifications","bndbox":{"xmin":28,"ymin":456,"xmax":128,"ymax":548}},{"name":" edit","bndbox":{"xmin":36,"ymin":764,"xmax":104,"ymax":848}},{"name":" info","bndbox":{"xmin":32,"ymin":1260,"xmax":100,"ymax":1360}},{"name":" info","bndbox":{"xmin":956,"ymin":244,"xmax":1064,"ymax":352}},{"name":" more","bndbox":{"xmin":984,"ymin":80,"xmax":1060,"ymax":192}}]},"time_labeled":1697307203224,"labeled":true,"size":{"width":1080,"height":1920,"depth":3}}