{"path":"C:\\Samsung Prism\\myvenv\\datasets\\images\\train\\10657.jpg","outputs":{"object":[{"name":" home","bndbox":{"xmin":664,"ymin":440,"xmax":740,"ymax":548}},{"name":" video cam","bndbox":{"xmin":660,"ymin":612,"xmax":752,"ymax":688}},{"name":" time","bndbox":{"xmin":668,"ymin":764,"xmax":740,"ymax":856}},{"name":" info","bndbox":{"xmin":644,"ymin":900,"xmax":756,"ymax":1020}},{"name":" time","bndbox":{"xmin":992,"ymin":912,"xmax":1064,"ymax":1028}},{"name":" time","bndbox":{"xmin":988,"ymin":516,"xmax":1060,"ymax":596}}]},"time_labeled":1697308244225,"labeled":true,"size":{"width":1080,"height":1920,"depth":3}}