{"path":"C:\\Samsung Prism\\myvenv\\datasets\\images\\train\\10652.jpg","outputs":{"object":[{"name":" arrow backward","bndbox":{"xmin":8,"ymin":60,"xmax":112,"ymax":180}},{"name":" share","bndbox":{"xmin":788,"ymin":72,"xmax":900,"ymax":176}},{"name":" more","bndbox":{"xmin":936,"ymin":88,"xmax":1060,"ymax":160}},{"name":" emoji","bndbox":{"xmin":760,"ymin":700,"xmax":860,"ymax":828}},{"name":" more","bndbox":{"xmin":812,"ymin":1576,"xmax":976,"ymax":1688}},{"name":" add","bndbox":{"xmin":64,"ymin":1708,"xmax":144,"ymax":1780}},{"name":" chat","bndbox":{"xmin":352,"ymin":1692,"xmax":460,"ymax":1772}}]},"time_labeled":1697308029915,"labeled":true,"size":{"width":1080,"height":1920,"depth":3}}