{"path":"C:\\Samsung Prism\\myvenv\\datasets\\images\\train\\10650.jpg","outputs":{"object":[{"name":" chat","bndbox":{"xmin":348,"ymin":1228,"xmax":484,"ymax":1348}},{"name":" more","bndbox":{"xmin":848,"ymin":1212,"xmax":976,"ymax":1360}},{"name":" more","bndbox":{"xmin":916,"ymin":92,"xmax":1076,"ymax":172}},{"name":" share","bndbox":{"xmin":784,"ymin":76,"xmax":904,"ymax":160}},{"name":" arrow backward","bndbox":{"xmin":12,"ymin":56,"xmax":108,"ymax":172}},{"name":" chat","bndbox":{"xmin":340,"ymin":1688,"xmax":464,"ymax":1776}},{"name":" add","bndbox":{"xmin":76,"ymin":1680,"xmax":136,"ymax":1788}},{"name":" emoji","bndbox":{"xmin":764,"ymin":352,"xmax":856,"ymax":440}}]},"time_labeled":1697307814774,"labeled":true,"size":{"width":1080,"height":1920,"depth":3}}