{"path":"C:\\Samsung Prism\\myvenv\\datasets\\images\\train\\10667.jpg","outputs":{"object":[{"name":" search","bndbox":{"xmin":20,"ymin":88,"xmax":144,"ymax":204}},{"name":" close","bndbox":{"xmin":756,"ymin":224,"xmax":848,"ymax":356}},{"name":" add","bndbox":{"xmin":964,"ymin":860,"xmax":1048,"ymax":940}},{"name":" Microphone","bndbox":{"xmin":36,"ymin":1464,"xmax":132,"ymax":1568}},{"name":" menu","bndbox":{"xmin":28,"ymin":1608,"xmax":140,"ymax":1716}}]},"time_labeled":1697308651546,"labeled":true,"size":{"width":1080,"height":1920,"depth":3}}