{"path":"C:\\Samsung Prism\\myvenv\\datasets\\images\\train\\10660.jpg","outputs":{"object":[{"name":" home","bndbox":{"xmin":648,"ymin":448,"xmax":740,"ymax":544}},{"name":" video cam","bndbox":{"xmin":656,"ymin":592,"xmax":748,"ymax":708}},{"name":" time","bndbox":{"xmin":664,"ymin":760,"xmax":740,"ymax":856}},{"name":" info","bndbox":{"xmin":660,"ymin":908,"xmax":756,"ymax":1036}},{"name":" time","bndbox":{"xmin":936,"ymin":464,"xmax":1020,"ymax":588}},{"name":" time","bndbox":{"xmin":940,"ymin":1240,"xmax":1032,"ymax":1340}}]},"time_labeled":1697308419067,"labeled":true,"size":{"width":1080,"height":1920,"depth":3}}