{"path":"C:\\Samsung Prism\\myvenv\\datasets\\images\\train\\10677.jpg","outputs":{"object":[{"name":" add","bndbox":{"xmin":840,"ymin":520,"xmax":940,"ymax":628}},{"name":" add","bndbox":{"xmin":908,"ymin":816,"xmax":1020,"ymax":944}},{"name":" add","bndbox":{"xmin":200,"ymin":224,"xmax":300,"ymax":328}},{"name":" refresh","bndbox":{"xmin":140,"ymin":640,"xmax":212,"ymax":728}},{"name":" play","bndbox":{"xmin":912,"ymin":1556,"xmax":1032,"ymax":1696}}]},"time_labeled":1697309398119,"labeled":true,"size":{"width":1080,"height":1920,"depth":3}}