{"path":"C:\\Samsung Prism\\myvenv\\datasets\\images\\train\\10672.jpg","outputs":{"object":[{"name":" add","bndbox":{"xmin":848,"ymin":540,"xmax":932,"ymax":628}},{"name":" refresh","bndbox":{"xmin":128,"ymin":624,"xmax":232,"ymax":736}},{"name":" Cart","bndbox":{"xmin":240,"ymin":636,"xmax":336,"ymax":748}},{"name":" arrow backward","bndbox":{"xmin":44,"ymin":1560,"xmax":152,"ymax":1684}},{"name":" arrow forward","bndbox":{"xmin":920,"ymin":1560,"xmax":1036,"ymax":1672}}]},"time_labeled":1697308825798,"labeled":true,"size":{"width":1080,"height":1920,"depth":3}}