{"path":"C:\\Samsung Prism\\myvenv\\datasets\\images\\train\\10684.jpg","outputs":{"object":[{"name":" arrow backward","bndbox":{"xmin":4,"ymin":104,"xmax":104,"ymax":204}},{"name":" call","bndbox":{"xmin":316,"ymin":92,"xmax":416,"ymax":220}},{"name":" delete","bndbox":{"xmin":24,"ymin":228,"xmax":140,"ymax":360}},{"name":" menu","bndbox":{"xmin":20,"ymin":368,"xmax":128,"ymax":472}},{"name":" Microphone","bndbox":{"xmin":36,"ymin":488,"xmax":128,"ymax":616}},{"name":" Microphone","bndbox":{"xmin":32,"ymin":628,"xmax":116,"ymax":756}},{"name":" check","bndbox":{"xmin":136,"ymin":504,"xmax":208,"ymax":608}},{"name":" check","bndbox":{"xmin":132,"ymin":640,"xmax":200,"ymax":740}},{"name":"star","bndbox":{"xmin":8,"ymin":864,"xmax":128,"ymax":1008}}]},"time_labeled":1697309675151,"labeled":true,"size":{"width":1080,"height":1920,"depth":3}}