{"path":"C:\\Samsung Prism\\myvenv\\datasets\\images\\train\\10685.jpg","outputs":{"object":[{"name":" pause","bndbox":{"xmin":124,"ymin":1628,"xmax":236,"ymax":1724}},{"name":" expand more","bndbox":{"xmin":872,"ymin":204,"xmax":944,"ymax":284}},{"name":" add","bndbox":{"xmin":816,"ymin":328,"xmax":884,"ymax":396}},{"name":" expand more","bndbox":{"xmin":436,"ymin":204,"xmax":488,"ymax":288}},{"name":" arrow backward","bndbox":{"xmin":0,"ymin":100,"xmax":60,"ymax":168}}]},"time_labeled":1697309749473,"labeled":true,"size":{"width":1080,"height":1920,"depth":3}}