{"path":"C:\\Samsung Prism\\myvenv\\datasets\\images\\train\\10704.jpg","outputs":{"object":[{"name":" play","bndbox":{"xmin":228,"ymin":348,"xmax":318,"ymax":432}},{"name":" search","bndbox":{"xmin":448,"ymin":40,"xmax":498,"ymax":90}},{"name":" more","bndbox":{"xmin":502,"ymin":40,"xmax":538,"ymax":96}},{"name":" share","bndbox":{"xmin":458,"ymin":558,"xmax":518,"ymax":600}},{"name":" Copy","bndbox":{"xmin":136,"ymin":554,"xmax":188,"ymax":604}},{"name":" menu","bndbox":{"xmin":6,"ymin":40,"xmax":66,"ymax":94}}]},"time_labeled":1697310500100,"labeled":true,"size":{"width":540,"height":960,"depth":3}}