{"path":"C:\\Samsung Prism\\myvenv\\datasets\\images\\train\\10703.jpg","outputs":{"object":[{"name":" share","bndbox":{"xmin":460,"ymin":740,"xmax":526,"ymax":782}},{"name":" share","bndbox":{"xmin":458,"ymin":524,"xmax":522,"ymax":572}},{"name":" share","bndbox":{"xmin":464,"ymin":320,"xmax":518,"ymax":372}},{"name":" menu","bndbox":{"xmin":10,"ymin":34,"xmax":60,"ymax":88}},{"name":" search","bndbox":{"xmin":450,"ymin":44,"xmax":494,"ymax":90}},{"name":" more","bndbox":{"xmin":504,"ymin":48,"xmax":538,"ymax":94}},{"name":" Copy","bndbox":{"xmin":128,"ymin":322,"xmax":190,"ymax":360}},{"name":" Copy","bndbox":{"xmin":136,"ymin":522,"xmax":184,"ymax":574}},{"name":" Copy","bndbox":{"xmin":134,"ymin":740,"xmax":194,"ymax":784}}]},"time_labeled":1697310388846,"labeled":true,"size":{"width":540,"height":960,"depth":3}}