{"path":"C:\\Samsung Prism\\myvenv\\datasets\\images\\train\\10701.jpg","outputs":{"object":[{"name":" search","bndbox":{"xmin":864,"ymin":84,"xmax":1020,"ymax":212}},{"name":" call","bndbox":{"xmin":104,"ymin":1628,"xmax":204,"ymax":1712}},{"name":" chat","bndbox":{"xmin":696,"ymin":1604,"xmax":768,"ymax":1716}},{"name":" delete","bndbox":{"xmin":856,"ymin":1260,"xmax":956,"ymax":1388}},{"name":" settings","bndbox":{"xmin":352,"ymin":1252,"xmax":476,"ymax":1396}},{"name":" Cart","bndbox":{"xmin":608,"ymin":952,"xmax":712,"ymax":1076}},{"name":" Camera","bndbox":{"xmin":124,"ymin":1268,"xmax":252,"ymax":1384}}]},"time_labeled":1697310241528,"labeled":true,"size":{"width":1080,"height":1920,"depth":3}}