{"path":"C:\\Samsung Prism\\myvenv\\datasets\\images\\train\\10702.jpg","outputs":{"object":[{"name":" search","bndbox":{"xmin":446,"ymin":38,"xmax":496,"ymax":88}},{"name":" menu","bndbox":{"xmin":12,"ymin":44,"xmax":62,"ymax":88}},{"name":" more","bndbox":{"xmin":506,"ymin":38,"xmax":538,"ymax":94}},{"name":" share","bndbox":{"xmin":462,"ymin":582,"xmax":512,"ymax":622}},{"name":" Copy","bndbox":{"xmin":146,"ymin":576,"xmax":176,"ymax":630}}]},"time_labeled":1697310404774,"labeled":true,"size":{"width":540,"height":960,"depth":3}}