{"path":"C:\\Samsung Prism\\myvenv\\datasets\\images\\train\\10714.jpg","outputs":{"object":[{"name":" Bluetooth","bndbox":{"xmin":176,"ymin":752,"xmax":242,"ymax":824}},{"name":" share","bndbox":{"xmin":460,"ymin":310,"xmax":520,"ymax":374}},{"name":" Copy","bndbox":{"xmin":126,"ymin":306,"xmax":188,"ymax":362}},{"name":" search","bndbox":{"xmin":438,"ymin":38,"xmax":496,"ymax":92}},{"name":" more","bndbox":{"xmin":500,"ymin":42,"xmax":536,"ymax":96}},{"name":" menu","bndbox":{"xmin":2,"ymin":40,"xmax":62,"ymax":96}}]},"time_labeled":1697310958649,"labeled":true,"size":{"width":540,"height":960,"depth":3}}