{"path":"C:\\Samsung Prism\\myvenv\\datasets\\images\\train\\10711.jpg","outputs":{"object":[{"name":" share","bndbox":{"xmin":458,"ymin":314,"xmax":518,"ymax":372}},{"name":" share","bndbox":{"xmin":462,"ymin":526,"xmax":518,"ymax":580}},{"name":" share","bndbox":{"xmin":462,"ymin":732,"xmax":512,"ymax":784}},{"name":" Copy","bndbox":{"xmin":130,"ymin":314,"xmax":192,"ymax":362}},{"name":" Copy","bndbox":{"xmin":140,"ymin":522,"xmax":180,"ymax":572}},{"name":" Copy","bndbox":{"xmin":136,"ymin":738,"xmax":180,"ymax":778}}]},"time_labeled":1697310832564,"labeled":true,"size":{"width":540,"height":960,"depth":3}}