{"path":"C:\\Samsung Prism\\myvenv\\datasets\\images\\train\\10719.jpg","outputs":{"object":[{"name":" share","bndbox":{"xmin":450,"ymin":506,"xmax":516,"ymax":552}},{"name":" share","bndbox":{"xmin":462,"ymin":794,"xmax":512,"ymax":840}},{"name":" Copy","bndbox":{"xmin":134,"ymin":510,"xmax":184,"ymax":552}},{"name":" Copy","bndbox":{"xmin":136,"ymin":792,"xmax":188,"ymax":836}},{"name":" arrow backward","bndbox":{"xmin":16,"ymin":40,"xmax":54,"ymax":92}},{"name":" close","bndbox":{"xmin":54,"ymin":872,"xmax":84,"ymax":898}}]},"time_labeled":1697311241962,"labeled":true,"size":{"width":540,"height":960,"depth":3}}