{"path":"C:\\Samsung Prism\\myvenv\\datasets\\images\\train\\10720.jpg","outputs":{"object":[{"name":" check","bndbox":{"xmin":724,"ymin":96,"xmax":800,"ymax":204}},{"name":"star","bndbox":{"xmin":16,"ymin":548,"xmax":124,"ymax":640}},{"name":" send","bndbox":{"xmin":16,"ymin":1048,"xmax":104,"ymax":1140}},{"name":" delete","bndbox":{"xmin":36,"ymin":1180,"xmax":120,"ymax":1268}},{"name":" settings","bndbox":{"xmin":32,"ymin":1452,"xmax":112,"ymax":1536}},{"name":" edit","bndbox":{"xmin":880,"ymin":1572,"xmax":1052,"ymax":1788}},{"name":"star","bndbox":{"xmin":960,"ymin":348,"xmax":1064,"ymax":428}},{"name":"star","bndbox":{"xmin":972,"ymin":588,"xmax":1056,"ymax":696}},{"name":"star","bndbox":{"xmin":976,"ymin":840,"xmax":1048,"ymax":932}},{"name":"star","bndbox":{"xmin":964,"ymin":1100,"xmax":1056,"ymax":1180}},{"name":"star","bndbox":{"xmin":968,"ymin":1332,"xmax":1052,"ymax":1436}}]},"time_labeled":1697311380278,"labeled":true,"size":{"width":1080,"height":1920,"depth":3}}