{"path":"C:\\Samsung Prism\\myvenv\\datasets\\images\\train\\10726.jpg","outputs":{"object":[{"name":" expand more","bndbox":{"xmin":944,"ymin":364,"xmax":1044,"ymax":472}},{"name":" more","bndbox":{"xmin":972,"ymin":88,"xmax":1068,"ymax":176}},{"name":" send","bndbox":{"xmin":852,"ymin":92,"xmax":964,"ymax":180}},{"name":" Attach file","bndbox":{"xmin":720,"ymin":72,"xmax":836,"ymax":188}},{"name":" arrow backward","bndbox":{"xmin":16,"ymin":80,"xmax":128,"ymax":188}}]},"time_labeled":1697311628385,"labeled":true,"size":{"width":1080,"height":1920,"depth":3}}