{"path":"C:\\Samsung Prism\\myvenv\\datasets\\images\\train\\10727.jpg","outputs":{"object":[{"name":" edit","bndbox":{"xmin":892,"ymin":1596,"xmax":1024,"ymax":1744}},{"name":"star","bndbox":{"xmin":960,"ymin":336,"xmax":1040,"ymax":428}},{"name":"star","bndbox":{"xmin":976,"ymin":588,"xmax":1052,"ymax":676}},{"name":"star","bndbox":{"xmin":968,"ymin":836,"xmax":1064,"ymax":920}},{"name":"star","bndbox":{"xmin":968,"ymin":1072,"xmax":1040,"ymax":1184}},{"name":"star","bndbox":{"xmin":960,"ymin":1324,"xmax":1060,"ymax":1424}},{"name":"star","bndbox":{"xmin":752,"ymin":292,"xmax":816,"ymax":384}},{"name":"star","bndbox":{"xmin":164,"ymin":292,"xmax":260,"ymax":372}},{"name":" menu","bndbox":{"xmin":20,"ymin":80,"xmax":132,"ymax":204}},{"name":" search","bndbox":{"xmin":964,"ymin":76,"xmax":1072,"ymax":204}}]},"time_labeled":1697311728863,"labeled":true,"size":{"width":1080,"height":1920,"depth":3}}