{"path":"C:\\Samsung Prism\\myvenv\\datasets\\images\\train\\10760.jpg","outputs":{"object":[{"name":" search","bndbox":{"xmin":40,"ymin":496,"xmax":112,"ymax":580}},{"name":" settings","bndbox":{"xmin":48,"ymin":980,"xmax":104,"ymax":1096}},{"name":" add","bndbox":{"xmin":960,"ymin":1552,"xmax":1036,"ymax":1648}},{"name":" edit","bndbox":{"xmin":952,"ymin":576,"xmax":1040,"ymax":664}},{"name":" search","bndbox":{"xmin":836,"ymin":84,"xmax":932,"ymax":176}}]},"time_labeled":1697312836431,"labeled":true,"size":{"width":1080,"height":1920,"depth":3}}