{"path":"C:\\Samsung Prism\\myvenv\\datasets\\images\\train\\10779.jpg","outputs":{"object":[{"name":" arrow forward","bndbox":{"xmin":984,"ymin":412,"xmax":1064,"ymax":520}},{"name":" arrow forward","bndbox":{"xmin":992,"ymin":576,"xmax":1068,"ymax":672}},{"name":" arrow forward","bndbox":{"xmin":984,"ymin":736,"xmax":1064,"ymax":844}},{"name":" check","bndbox":{"xmin":960,"ymin":1284,"xmax":1044,"ymax":1376}},{"name":" check","bndbox":{"xmin":952,"ymin":1704,"xmax":1060,"ymax":1792}}]},"time_labeled":1697314792141,"labeled":true,"size":{"width":1080,"height":1920,"depth":3}}