{"path":"C:\\Samsung Prism\\myvenv\\datasets\\images\\train\\10785.jpg","outputs":{"object":[{"name":" arrow backward","bndbox":{"xmin":124,"ymin":1204,"xmax":260,"ymax":1308}},{"name":" arrow forward","bndbox":{"xmin":800,"ymin":1208,"xmax":964,"ymax":1320}},{"name":" arrow backward","bndbox":{"xmin":28,"ymin":88,"xmax":96,"ymax":180}},{"name":" arrow forward","bndbox":{"xmin":788,"ymin":200,"xmax":956,"ymax":348}}]},"time_labeled":1697315002585,"labeled":true,"size":{"width":1080,"height":1920,"depth":3}}