{"path":"C:\\Samsung Prism\\myvenv\\datasets\\images\\train\\10792.jpg","outputs":{"object":[{"name":" share","bndbox":{"xmin":796,"ymin":64,"xmax":904,"ymax":180}},{"name":" more","bndbox":{"xmin":952,"ymin":72,"xmax":1056,"ymax":184}},{"name":" arrow forward","bndbox":{"xmin":484,"ymin":1664,"xmax":596,"ymax":1784}},{"name":" close","bndbox":{"xmin":1028,"ymin":1636,"xmax":1084,"ymax":1704}},{"name":" Cart","bndbox":{"xmin":8,"ymin":972,"xmax":168,"ymax":1172}}]},"time_labeled":1697315306177,"labeled":true,"size":{"width":1080,"height":1920,"depth":3}}