{"path":"C:\\Samsung Prism\\myvenv\\datasets\\images\\train\\10807.jpg","outputs":{"object":[{"name":" arrow backward","bndbox":{"xmin":16,"ymin":88,"xmax":112,"ymax":196}},{"name":" play","bndbox":{"xmin":916,"ymin":404,"xmax":1036,"ymax":520}},{"name":" play","bndbox":{"xmin":924,"ymin":608,"xmax":1040,"ymax":704}},{"name":" play","bndbox":{"xmin":924,"ymin":788,"xmax":1032,"ymax":900}},{"name":" play","bndbox":{"xmin":52,"ymin":1648,"xmax":180,"ymax":1752}},{"name":" pause","bndbox":{"xmin":92,"ymin":1480,"xmax":168,"ymax":1552}}]},"time_labeled":1697316119273,"labeled":true,"size":{"width":1080,"height":1920,"depth":3}}