{"path":"C:\\Samsung Prism\\myvenv\\datasets\\images\\train\\10804.jpg","outputs":{"object":[{"name":" search","bndbox":{"xmin":36,"ymin":476,"xmax":124,"ymax":568}},{"name":" close","bndbox":{"xmin":896,"ymin":1532,"xmax":988,"ymax":1600}},{"name":" close","bndbox":{"xmin":704,"ymin":1648,"xmax":768,"ymax":1724}},{"name":" close","bndbox":{"xmin":604,"ymin":1532,"xmax":672,"ymax":1608}},{"name":" close","bndbox":{"xmin":252,"ymin":1528,"xmax":356,"ymax":1608}},{"name":" close","bndbox":{"xmin":208,"ymin":1656,"xmax":292,"ymax":1740}},{"name":" close","bndbox":{"xmin":436,"ymin":1652,"xmax":548,"ymax":1736}},{"name":" more","bndbox":{"xmin":832,"ymin":1644,"xmax":924,"ymax":1764}}]},"time_labeled":1697315962256,"labeled":true,"size":{"width":1080,"height":1920,"depth":3}}