{"path":"C:\\Samsung Prism\\myvenv\\datasets\\images\\train\\10819.jpg","outputs":{"object":[{"name":" notifications","bndbox":{"xmin":916,"ymin":264,"xmax":1016,"ymax":392}},{"name":" close","bndbox":{"xmin":256,"ymin":1536,"xmax":344,"ymax":1616}},{"name":" close","bndbox":{"xmin":600,"ymin":1528,"xmax":676,"ymax":1616}},{"name":" close","bndbox":{"xmin":896,"ymin":1528,"xmax":988,"ymax":1624}},{"name":" close","bndbox":{"xmin":208,"ymin":1648,"xmax":280,"ymax":1772}},{"name":" close","bndbox":{"xmin":456,"ymin":1660,"xmax":544,"ymax":1760}},{"name":" close","bndbox":{"xmin":692,"ymin":1656,"xmax":780,"ymax":1736}},{"name":" more","bndbox":{"xmin":820,"ymin":1660,"xmax":916,"ymax":1744}},{"name":" check","bndbox":{"xmin":64,"ymin":288,"xmax":136,"ymax":348}},{"name":" check","bndbox":{"xmin":356,"ymin":296,"xmax":428,"ymax":352}},{"name":" check","bndbox":{"xmin":620,"ymin":276,"xmax":728,"ymax":360}}]},"time_labeled":1697316661246,"labeled":true,"size":{"width":1080,"height":1920,"depth":3}}