{"path":"C:\\Samsung Prism\\myvenv\\datasets\\images\\train\\10810.jpg","outputs":{"object":[{"name":" add","bndbox":{"xmin":756,"ymin":1304,"xmax":840,"ymax":1392}},{"name":" play","bndbox":{"xmin":32,"ymin":220,"xmax":132,"ymax":300}},{"name":" search","bndbox":{"xmin":888,"ymin":204,"xmax":996,"ymax":304}},{"name":" more","bndbox":{"xmin":1004,"ymin":212,"xmax":1076,"ymax":312}},{"name":" more","bndbox":{"xmin":972,"ymin":76,"xmax":1048,"ymax":172}},{"name":" expand more","bndbox":{"xmin":988,"ymin":1096,"xmax":1064,"ymax":1180}}]},"time_labeled":1697316345262,"labeled":true,"size":{"width":1080,"height":1920,"depth":3}}