{"path":"C:\\Samsung Prism\\myvenv\\datasets\\images\\train\\10824.jpg","outputs":{"object":[{"name":" check","bndbox":{"xmin":60,"ymin":276,"xmax":140,"ymax":364}},{"name":" check","bndbox":{"xmin":336,"ymin":288,"xmax":448,"ymax":360}},{"name":" close","bndbox":{"xmin":236,"ymin":1528,"xmax":336,"ymax":1612}},{"name":" close","bndbox":{"xmin":540,"ymin":1528,"xmax":624,"ymax":1628}},{"name":" close","bndbox":{"xmin":836,"ymin":1520,"xmax":916,"ymax":1624}},{"name":" close","bndbox":{"xmin":156,"ymin":1648,"xmax":224,"ymax":1756}},{"name":" close","bndbox":{"xmin":396,"ymin":1636,"xmax":460,"ymax":1748}},{"name":" close","bndbox":{"xmin":672,"ymin":1640,"xmax":788,"ymax":1748}},{"name":" search","bndbox":{"xmin":40,"ymin":480,"xmax":132,"ymax":572}}]},"time_labeled":1697316881184,"labeled":true,"size":{"width":1080,"height":1920,"depth":3}}