{"path":"C:\\Samsung Prism\\myvenv\\datasets\\images\\train\\10828.jpg","outputs":{"object":[{"name":"star","bndbox":{"xmin":486,"ymin":242,"xmax":534,"ymax":312}},{"name":"star","bndbox":{"xmin":488,"ymin":322,"xmax":536,"ymax":378}},{"name":"star","bndbox":{"xmin":492,"ymin":400,"xmax":534,"ymax":454}},{"name":"star","bndbox":{"xmin":488,"ymin":478,"xmax":532,"ymax":526}},{"name":"star","bndbox":{"xmin":496,"ymin":550,"xmax":530,"ymax":600}},{"name":"star","bndbox":{"xmin":492,"ymin":628,"xmax":528,"ymax":678}},{"name":"star","bndbox":{"xmin":484,"ymin":702,"xmax":532,"ymax":756}},{"name":" arrow backward","bndbox":{"xmin":12,"ymin":36,"xmax":58,"ymax":92}}]},"time_labeled":1697317147423,"labeled":true,"size":{"width":540,"height":960,"depth":3}}