{"path":"C:\\Samsung Prism\\myvenv\\datasets\\images\\train\\10822.jpg","outputs":{"object":[{"name":" add","bndbox":{"xmin":896,"ymin":1476,"xmax":1028,"ymax":1620}},{"name":" more","bndbox":{"xmin":968,"ymin":72,"xmax":1068,"ymax":196}},{"name":" menu","bndbox":{"xmin":8,"ymin":84,"xmax":132,"ymax":212}},{"name":" expand more","bndbox":{"xmin":364,"ymin":116,"xmax":436,"ymax":220}},{"name":" arrow forward","bndbox":{"xmin":820,"ymin":1696,"xmax":900,"ymax":1760}}]},"time_labeled":1697316782181,"labeled":true,"size":{"width":1080,"height":1920,"depth":3}}