{"path":"C:\\Samsung Prism\\myvenv\\datasets\\images\\train\\10826.jpg","outputs":{"object":[{"name":" arrow backward","bndbox":{"xmin":10,"ymin":38,"xmax":62,"ymax":88}},{"name":" play","bndbox":{"xmin":450,"ymin":802,"xmax":514,"ymax":876}},{"name":"star","bndbox":{"xmin":490,"ymin":248,"xmax":534,"ymax":296}},{"name":"star","bndbox":{"xmin":488,"ymin":316,"xmax":530,"ymax":370}},{"name":"star","bndbox":{"xmin":494,"ymin":398,"xmax":528,"ymax":454}},{"name":"star","bndbox":{"xmin":494,"ymin":476,"xmax":524,"ymax":524}},{"name":"star","bndbox":{"xmin":490,"ymin":548,"xmax":530,"ymax":606}},{"name":"star","bndbox":{"xmin":490,"ymin":628,"xmax":536,"ymax":680}},{"name":"star","bndbox":{"xmin":488,"ymin":702,"xmax":536,"ymax":748}}]},"time_labeled":1697317084894,"labeled":true,"size":{"width":540,"height":960,"depth":3}}