{"path":"C:\\Samsung Prism\\myvenv\\datasets\\images\\train\\10842.jpg","outputs":{"object":[{"name":" home","bndbox":{"xmin":24,"ymin":220,"xmax":124,"ymax":340}},{"name":" chat","bndbox":{"xmin":28,"ymin":620,"xmax":120,"ymax":724}},{"name":" settings","bndbox":{"xmin":36,"ymin":1708,"xmax":112,"ymax":1796}},{"name":" expand more","bndbox":{"xmin":636,"ymin":360,"xmax":708,"ymax":480}},{"name":" arrow backward","bndbox":{"xmin":32,"ymin":88,"xmax":116,"ymax":176}}]},"time_labeled":1697317724586,"labeled":true,"size":{"width":1080,"height":1920,"depth":3}}