{"path":"C:\\Samsung Prism\\myvenv\\datasets\\images\\train\\10846.jpg","outputs":{"object":[{"name":" arrow backward","bndbox":{"xmin":4,"ymin":92,"xmax":140,"ymax":180}},{"name":" chat","bndbox":{"xmin":840,"ymin":76,"xmax":940,"ymax":196}},{"name":" chat","bndbox":{"xmin":16,"ymin":620,"xmax":132,"ymax":724}},{"name":" home","bndbox":{"xmin":28,"ymin":252,"xmax":108,"ymax":352}},{"name":" expand more","bndbox":{"xmin":620,"ymin":368,"xmax":720,"ymax":460}},{"name":" expand more","bndbox":{"xmin":636,"ymin":988,"xmax":716,"ymax":1096}},{"name":" settings","bndbox":{"xmin":24,"ymin":1368,"xmax":116,"ymax":1476}},{"name":" close","bndbox":{"xmin":20,"ymin":1636,"xmax":128,"ymax":1728}}]},"time_labeled":1697317969217,"labeled":true,"size":{"width":1080,"height":1920,"depth":3}}