{"path":"C:\\Samsung Prism\\myvenv\\datasets\\images\\train\\10847.jpg","outputs":{"object":[{"name":" expand more","bndbox":{"xmin":628,"ymin":360,"xmax":712,"ymax":460}},{"name":" expand more","bndbox":{"xmin":612,"ymin":984,"xmax":720,"ymax":1120}},{"name":" arrow backward","bndbox":{"xmin":8,"ymin":96,"xmax":144,"ymax":176}},{"name":" home","bndbox":{"xmin":36,"ymin":248,"xmax":120,"ymax":348}},{"name":" chat","bndbox":{"xmin":24,"ymin":616,"xmax":108,"ymax":716}},{"name":" settings","bndbox":{"xmin":28,"ymin":1376,"xmax":124,"ymax":1476}},{"name":" close","bndbox":{"xmin":32,"ymin":1624,"xmax":128,"ymax":1752}}]},"time_labeled":1697318105719,"labeled":true,"size":{"width":1080,"height":1920,"depth":3}}