{"path":"C:\\Samsung Prism\\myvenv\\datasets\\images\\train\\10843.jpg","outputs":{"object":[{"name":" arrow backward","bndbox":{"xmin":4,"ymin":88,"xmax":140,"ymax":204}},{"name":" expand more","bndbox":{"xmin":628,"ymin":356,"xmax":728,"ymax":496}},{"name":" close","bndbox":{"xmin":32,"ymin":1636,"xmax":124,"ymax":1716}},{"name":" settings","bndbox":{"xmin":28,"ymin":1364,"xmax":104,"ymax":1472}},{"name":" chat","bndbox":{"xmin":16,"ymin":620,"xmax":112,"ymax":728}},{"name":" home","bndbox":{"xmin":16,"ymin":240,"xmax":120,"ymax":344}},{"name":" expand more","bndbox":{"xmin":616,"ymin":988,"xmax":724,"ymax":1100}}]},"time_labeled":1697317836032,"labeled":true,"size":{"width":1080,"height":1920,"depth":3}}