{"path":"C:\\Samsung Prism\\myvenv\\datasets\\images\\train\\10859.jpg","outputs":{"object":[{"name":" menu","bndbox":{"xmin":12,"ymin":232,"xmax":112,"ymax":348}},{"name":" arrow backward","bndbox":{"xmin":32,"ymin":76,"xmax":104,"ymax":180}},{"name":" expand more","bndbox":{"xmin":596,"ymin":372,"xmax":708,"ymax":468}},{"name":" chat","bndbox":{"xmin":28,"ymin":612,"xmax":112,"ymax":724}},{"name":" settings","bndbox":{"xmin":24,"ymin":1704,"xmax":120,"ymax":1792}}]},"time_labeled":1697348743582,"labeled":true,"size":{"width":1080,"height":1920,"depth":3}}