{"path":"C:\\Samsung Prism\\myvenv\\datasets\\images\\train\\10855.jpg","outputs":{"object":[{"name":" arrow backward","bndbox":{"xmin":16,"ymin":84,"xmax":120,"ymax":180}},{"name":" home","bndbox":{"xmin":8,"ymin":240,"xmax":136,"ymax":352}},{"name":" expand more","bndbox":{"xmin":628,"ymin":352,"xmax":716,"ymax":468}},{"name":" expand more","bndbox":{"xmin":612,"ymin":988,"xmax":732,"ymax":1100}},{"name":" chat","bndbox":{"xmin":12,"ymin":604,"xmax":116,"ymax":712}},{"name":" settings","bndbox":{"xmin":28,"ymin":1380,"xmax":116,"ymax":1472}},{"name":" close","bndbox":{"xmin":40,"ymin":1636,"xmax":108,"ymax":1728}}]},"time_labeled":1697348609723,"labeled":true,"size":{"width":1080,"height":1920,"depth":3}}