{"path":"C:\\Samsung Prism\\myvenv\\datasets\\images\\train\\10869.jpg","outputs":{"object":[{"name":" arrow backward","bndbox":{"xmin":12,"ymin":84,"xmax":108,"ymax":172}},{"name":" home","bndbox":{"xmin":20,"ymin":240,"xmax":116,"ymax":336}},{"name":" expand more","bndbox":{"xmin":628,"ymin":384,"xmax":712,"ymax":448}},{"name":" expand more","bndbox":{"xmin":632,"ymin":988,"xmax":720,"ymax":1088}},{"name":" chat","bndbox":{"xmin":20,"ymin":616,"xmax":116,"ymax":712}},{"name":" settings","bndbox":{"xmin":28,"ymin":1364,"xmax":96,"ymax":1460}},{"name":" close","bndbox":{"xmin":24,"ymin":1632,"xmax":116,"ymax":1724}},{"name":" chat","bndbox":{"xmin":916,"ymin":1612,"xmax":1012,"ymax":1740}}]},"time_labeled":1697349219761,"labeled":true,"size":{"width":1080,"height":1920,"depth":3}}