{"path":"C:\\Samsung Prism\\myvenv\\datasets\\images\\train\\10860.jpg","outputs":{"object":[{"name":" home","bndbox":{"xmin":20,"ymin":244,"xmax":128,"ymax":344}},{"name":" arrow backward","bndbox":{"xmin":28,"ymin":88,"xmax":100,"ymax":172}},{"name":" expand more","bndbox":{"xmin":620,"ymin":356,"xmax":712,"ymax":464}},{"name":" chat","bndbox":{"xmin":20,"ymin":604,"xmax":112,"ymax":712}},{"name":" expand more","bndbox":{"xmin":620,"ymin":992,"xmax":708,"ymax":1092}},{"name":" settings","bndbox":{"xmin":32,"ymin":1368,"xmax":104,"ymax":1488}},{"name":" close","bndbox":{"xmin":36,"ymin":1624,"xmax":100,"ymax":1740}}]},"time_labeled":1697348850856,"labeled":true,"size":{"width":1080,"height":1920,"depth":3}}