{"path":"C:\\Samsung Prism\\myvenv\\datasets\\images\\train\\10862.jpg","outputs":{"object":[{"name":" expand more","bndbox":{"xmin":628,"ymin":368,"xmax":716,"ymax":456}},{"name":" expand more","bndbox":{"xmin":624,"ymin":980,"xmax":720,"ymax":1092}},{"name":" arrow backward","bndbox":{"xmin":28,"ymin":84,"xmax":100,"ymax":176}},{"name":" home","bndbox":{"xmin":12,"ymin":232,"xmax":124,"ymax":332}},{"name":" chat","bndbox":{"xmin":28,"ymin":616,"xmax":108,"ymax":716}},{"name":" settings","bndbox":{"xmin":36,"ymin":1372,"xmax":116,"ymax":1468}},{"name":" close","bndbox":{"xmin":20,"ymin":1636,"xmax":128,"ymax":1720}}]},"time_labeled":1697348941240,"labeled":true,"size":{"width":1080,"height":1920,"depth":3}}