{"path":"C:\\Samsung Prism\\myvenv\\datasets\\images\\train\\21518.jpg","outputs":{"object":[{"name":" arrow forward","bndbox":{"xmin":988,"ymin":336,"xmax":1052,"ymax":408}},{"name":" arrow forward","bndbox":{"xmin":980,"ymin":464,"xmax":1044,"ymax":536}},{"name":" arrow forward","bndbox":{"xmin":980,"ymin":584,"xmax":1060,"ymax":680}},{"name":" arrow forward","bndbox":{"xmin":988,"ymin":848,"xmax":1044,"ymax":920}},{"name":" arrow forward","bndbox":{"xmin":972,"ymin":984,"xmax":1036,"ymax":1056}},{"name":" arrow forward","bndbox":{"xmin":988,"ymin":1104,"xmax":1044,"ymax":1160}},{"name":" arrow forward","bndbox":{"xmin":980,"ymin":1216,"xmax":1044,"ymax":1296}},{"name":" arrow forward","bndbox":{"xmin":988,"ymin":1480,"xmax":1044,"ymax":1552}},{"name":" arrow forward","bndbox":{"xmin":980,"ymin":1600,"xmax":1044,"ymax":1680}},{"name":" arrow forward","bndbox":{"xmin":988,"ymin":1728,"xmax":1052,"ymax":1792}},{"name":" arrow backward","bndbox":{"xmin":20,"ymin":72,"xmax":92,"ymax":160}},{"name":" arrow forward","bndbox":{"xmin":972,"ymin":200,"xmax":1052,"ymax":288}}]},"time_labeled":1696088036781,"labeled":true,"size":{"width":1080,"height":1920,"depth":3}}