{"path":"C:\\Samsung Prism\\myvenv\\datasets\\images\\train\\21519.jpg","outputs":{"object":[{"name":" arrow backward","bndbox":{"xmin":12,"ymin":80,"xmax":84,"ymax":152}},{"name":" search","bndbox":{"xmin":124,"ymin":88,"xmax":172,"ymax":152}},{"name":" close","bndbox":{"xmin":1020,"ymin":96,"xmax":1068,"ymax":136}},{"name":" close","bndbox":{"xmin":1012,"ymin":192,"xmax":1044,"ymax":256}},{"name":" close","bndbox":{"xmin":1004,"ymin":416,"xmax":1060,"ymax":472}}]},"time_labeled":1696092123184,"labeled":true,"size":{"width":1080,"height":1920,"depth":3}}