{"path":"C:\\Samsung Prism\\myvenv\\datasets\\images\\train\\21546.jpg","outputs":{"object":[{"name":" arrow backward","bndbox":{"xmin":12,"ymin":80,"xmax":60,"ymax":160}},{"name":" arrow forward","bndbox":{"xmin":972,"ymin":376,"xmax":1036,"ymax":464}},{"name":" arrow forward","bndbox":{"xmin":956,"ymin":600,"xmax":1020,"ymax":688}},{"name":" arrow forward","bndbox":{"xmin":940,"ymin":784,"xmax":1028,"ymax":888}}]},"time_labeled":1696093065553,"labeled":true,"size":{"width":1080,"height":1920,"depth":3}}