{"path":"C:\\Samsung Prism\\myvenv\\datasets\\images\\train\\21548.jpg","outputs":{"object":[{"name":" arrow backward","bndbox":{"xmin":12,"ymin":88,"xmax":60,"ymax":152}},{"name":" arrow forward","bndbox":{"xmin":940,"ymin":888,"xmax":1004,"ymax":936}},{"name":" arrow forward","bndbox":{"xmin":940,"ymin":1032,"xmax":1020,"ymax":1120}},{"name":" arrow forward","bndbox":{"xmin":932,"ymin":1208,"xmax":1012,"ymax":1272}},{"name":" arrow forward","bndbox":{"xmin":948,"ymin":1368,"xmax":1012,"ymax":1440}},{"name":" add","bndbox":{"xmin":68,"ymin":712,"xmax":100,"ymax":792}}]},"time_labeled":1696093059280,"labeled":true,"size":{"width":1080,"height":1920,"depth":3}}