{"path":"C:\\Samsung Prism\\myvenv\\datasets\\images\\train\\21543.jpg","outputs":{"object":[{"name":" arrow backward","bndbox":{"xmin":12,"ymin":88,"xmax":52,"ymax":160}},{"name":" expand more","bndbox":{"xmin":956,"ymin":360,"xmax":1028,"ymax":472}},{"name":" expand more","bndbox":{"xmin":948,"ymin":576,"xmax":1036,"ymax":672}},{"name":" expand more","bndbox":{"xmin":908,"ymin":800,"xmax":1044,"ymax":904}},{"name":" expand more","bndbox":{"xmin":964,"ymin":1000,"xmax":1044,"ymax":1096}},{"name":" expand more","bndbox":{"xmin":948,"ymin":1240,"xmax":1020,"ymax":1320}},{"name":" expand more","bndbox":{"xmin":948,"ymin":1440,"xmax":1036,"ymax":1536}},{"name":" expand more","bndbox":{"xmin":948,"ymin":1648,"xmax":1036,"ymax":1752}}]},"time_labeled":1696093074589,"labeled":true,"size":{"width":1080,"height":1920,"depth":3}}