{"path":"C:\\Samsung Prism\\myvenv\\datasets\\images\\train\\21564.jpg","outputs":{"object":[{"name":" more","bndbox":{"xmin":980,"ymin":64,"xmax":1060,"ymax":168}},{"name":" arrow forward","bndbox":{"xmin":972,"ymin":272,"xmax":1076,"ymax":352}},{"name":" arrow forward","bndbox":{"xmin":980,"ymin":480,"xmax":1076,"ymax":584}},{"name":" arrow forward","bndbox":{"xmin":964,"ymin":696,"xmax":1076,"ymax":808}},{"name":" arrow forward","bndbox":{"xmin":972,"ymin":928,"xmax":1068,"ymax":1040}},{"name":" close","bndbox":{"xmin":996,"ymin":1176,"xmax":1060,"ymax":1264}},{"name":" info","bndbox":{"xmin":908,"ymin":1648,"xmax":1028,"ymax":1736}}]},"time_labeled":1696093018941,"labeled":true,"size":{"width":1080,"height":1920,"depth":3}}