{"path":"C:\\Samsung Prism\\myvenv\\datasets\\images\\train\\21567.jpg","outputs":{"object":[{"name":" arrow backward","bndbox":{"xmin":-2,"ymin":48,"xmax":18,"ymax":72}},{"name":" info","bndbox":{"xmin":406,"ymin":36,"xmax":446,"ymax":84}},{"name":" more","bndbox":{"xmin":490,"ymin":44,"xmax":514,"ymax":76}},{"name":" arrow forward","bndbox":{"xmin":390,"ymin":156,"xmax":430,"ymax":192}},{"name":" close","bndbox":{"xmin":446,"ymin":136,"xmax":466,"ymax":156}}]},"time_labeled":1696093123194,"labeled":true,"size":{"width":540,"height":960,"depth":3}}