{"path":"C:\\Samsung Prism\\myvenv\\datasets\\images\\train\\21572.jpg","outputs":{"object":[{"name":" check","bndbox":{"xmin":22,"ymin":132,"xmax":58,"ymax":168}},{"name":" arrow backward","bndbox":{"xmin":-2,"ymin":44,"xmax":18,"ymax":76}},{"name":" arrow forward","bndbox":{"xmin":510,"ymin":136,"xmax":538,"ymax":168}},{"name":" arrow forward","bndbox":{"xmin":510,"ymin":228,"xmax":534,"ymax":268}},{"name":" arrow forward","bndbox":{"xmin":510,"ymin":312,"xmax":538,"ymax":348}},{"name":" arrow forward","bndbox":{"xmin":506,"ymin":384,"xmax":534,"ymax":420}},{"name":" arrow forward","bndbox":{"xmin":510,"ymin":464,"xmax":538,"ymax":496}},{"name":" arrow forward","bndbox":{"xmin":510,"ymin":540,"xmax":534,"ymax":572}},{"name":" arrow forward","bndbox":{"xmin":510,"ymin":636,"xmax":538,"ymax":676}},{"name":" arrow forward","bndbox":{"xmin":514,"ymin":736,"xmax":534,"ymax":776}},{"name":" arrow forward","bndbox":{"xmin":510,"ymin":840,"xmax":534,"ymax":868}}]},"time_labeled":1696093273399,"labeled":true,"size":{"width":540,"height":960,"depth":3}}