{"path":"C:\\Samsung Prism\\myvenv\\datasets\\images\\train\\21576.jpg","outputs":{"object":[{"name":" more","bndbox":{"xmin":442,"ymin":40,"xmax":498,"ymax":72}},{"name":" arrow forward","bndbox":{"xmin":506,"ymin":184,"xmax":534,"ymax":212}},{"name":" arrow forward","bndbox":{"xmin":502,"ymin":712,"xmax":538,"ymax":756}},{"name":" arrow forward","bndbox":{"xmin":506,"ymin":808,"xmax":538,"ymax":844}},{"name":" search","bndbox":{"xmin":486,"ymin":844,"xmax":522,"ymax":888}}]},"time_labeled":1696093339239,"labeled":true,"size":{"width":540,"height":960,"depth":3}}