{"path":"C:\\Samsung Prism\\myvenv\\datasets\\images\\train\\21613.jpg","outputs":{"object":[{"name":" arrow backward","bndbox":{"xmin":28,"ymin":88,"xmax":108,"ymax":168}},{"name":" expand more","bndbox":{"xmin":428,"ymin":88,"xmax":508,"ymax":176}},{"name":"star","bndbox":{"xmin":796,"ymin":80,"xmax":908,"ymax":192}},{"name":" search","bndbox":{"xmin":956,"ymin":80,"xmax":1044,"ymax":200}},{"name":" share","bndbox":{"xmin":876,"ymin":544,"xmax":948,"ymax":632}},{"name":" close","bndbox":{"xmin":1028,"ymin":664,"xmax":1084,"ymax":712}}]},"time_labeled":1696094277754,"labeled":true,"size":{"width":1080,"height":1920,"depth":3}}