{"path":"C:\\Samsung Prism\\myvenv\\datasets\\images\\train\\21615.jpg","outputs":{"object":[{"name":" arrow backward","bndbox":{"xmin":20,"ymin":96,"xmax":116,"ymax":176}},{"name":" expand more","bndbox":{"xmin":412,"ymin":96,"xmax":524,"ymax":176}},{"name":"star","bndbox":{"xmin":804,"ymin":96,"xmax":900,"ymax":192}},{"name":" search","bndbox":{"xmin":956,"ymin":80,"xmax":1044,"ymax":184}},{"name":" share","bndbox":{"xmin":868,"ymin":992,"xmax":956,"ymax":1080}},{"name":" share","bndbox":{"xmin":876,"ymin":1504,"xmax":948,"ymax":1568}}]},"time_labeled":1696094365006,"labeled":true,"size":{"width":1080,"height":1920,"depth":3}}