{"path":"C:\\Samsung Prism\\myvenv\\datasets\\images\\train\\21612.jpg","outputs":{"object":[{"name":" edit","bndbox":{"xmin":124,"ymin":272,"xmax":204,"ymax":392}},{"name":" add","bndbox":{"xmin":604,"ymin":280,"xmax":708,"ymax":384}},{"name":" more","bndbox":{"xmin":868,"ymin":448,"xmax":940,"ymax":528}},{"name":" settings","bndbox":{"xmin":956,"ymin":464,"xmax":1012,"ymax":528}},{"name":" settingsr","bndbox":{"xmin":956,"ymin":1176,"xmax":1020,"ymax":1248}},{"name":" close","bndbox":{"xmin":1004,"ymin":1656,"xmax":1044,"ymax":1696}},{"name":" menu","bndbox":{"xmin":20,"ymin":88,"xmax":124,"ymax":184}},{"name":" more","bndbox":{"xmin":972,"ymin":88,"xmax":1060,"ymax":184}}]},"time_labeled":1696094232281,"labeled":true,"size":{"width":1080,"height":1920,"depth":3}}