{"path":"C:\\Samsung Prism\\myvenv\\datasets\\images\\train\\21635.jpg","outputs":{"object":[{"name":" add","bndbox":{"xmin":708,"ymin":80,"xmax":820,"ymax":176}},{"name":" more","bndbox":{"xmin":980,"ymin":88,"xmax":1044,"ymax":176}},{"name":" Save/Bookmark","bndbox":{"xmin":844,"ymin":80,"xmax":924,"ymax":168}},{"name":" close","bndbox":{"xmin":740,"ymin":680,"xmax":828,"ymax":736}},{"name":" search","bndbox":{"xmin":732,"ymin":176,"xmax":780,"ymax":232}},{"name":" more","bndbox":{"xmin":804,"ymin":200,"xmax":844,"ymax":224}},{"name":" search","bndbox":{"xmin":644,"ymin":760,"xmax":692,"ymax":816}},{"name":" menu","bndbox":{"xmin":780,"ymin":760,"xmax":852,"ymax":816}},{"name":" search","bndbox":{"xmin":244,"ymin":936,"xmax":300,"ymax":984}}]},"time_labeled":1696095168883,"labeled":true,"size":{"width":1080,"height":1920,"depth":3}}