{"path":"C:\\Samsung Prism\\myvenv\\datasets\\images\\train\\21639.jpg","outputs":{"object":[{"name":" more","bndbox":{"xmin":980,"ymin":80,"xmax":1068,"ymax":168}},{"name":" check","bndbox":{"xmin":908,"ymin":432,"xmax":964,"ymax":488}},{"name":" check","bndbox":{"xmin":908,"ymin":512,"xmax":972,"ymax":568}},{"name":" check","bndbox":{"xmin":908,"ymin":600,"xmax":972,"ymax":664}},{"name":" expand more","bndbox":{"xmin":1012,"ymin":1424,"xmax":1068,"ymax":1488}},{"name":" arrow forward","bndbox":{"xmin":532,"ymin":1200,"xmax":564,"ymax":1240}},{"name":" Camera","bndbox":{"xmin":20,"ymin":1688,"xmax":76,"ymax":1744}}]},"time_labeled":1696095396124,"labeled":true,"size":{"width":1080,"height":1920,"depth":3}}