{"path":"C:\\Samsung Prism\\myvenv\\datasets\\images\\train\\21640.jpg","outputs":{"object":[{"name":" close","bndbox":{"xmin":20,"ymin":72,"xmax":116,"ymax":176}},{"name":" more","bndbox":{"xmin":980,"ymin":80,"xmax":1052,"ymax":176}},{"name":" check","bndbox":{"xmin":908,"ymin":432,"xmax":972,"ymax":496}},{"name":" check","bndbox":{"xmin":908,"ymin":520,"xmax":972,"ymax":568}},{"name":" check","bndbox":{"xmin":908,"ymin":616,"xmax":964,"ymax":656}},{"name":" expand more","bndbox":{"xmin":996,"ymin":1424,"xmax":1060,"ymax":1488}},{"name":" search","bndbox":{"xmin":28,"ymin":1680,"xmax":68,"ymax":1744}}]},"time_labeled":1696095430924,"labeled":true,"size":{"width":1080,"height":1920,"depth":3}}