{"path":"C:\\Samsung Prism\\myvenv\\datasets\\images\\train\\21659.jpg","outputs":{"object":[{"name":" menu","bndbox":{"xmin":4,"ymin":208,"xmax":132,"ymax":312}},{"name":" more","bndbox":{"xmin":964,"ymin":208,"xmax":1076,"ymax":312}},{"name":" play","bndbox":{"xmin":956,"ymin":992,"xmax":1036,"ymax":1080}},{"name":" play","bndbox":{"xmin":956,"ymin":1488,"xmax":1044,"ymax":1576}},{"name":" expand more","bndbox":{"xmin":148,"ymin":392,"xmax":228,"ymax":456}}]},"time_labeled":1696095681708,"labeled":true,"size":{"width":1080,"height":1920,"depth":3}}