{"path":"C:\\Samsung Prism\\myvenv\\datasets\\images\\train\\21660.jpg","outputs":{"object":[{"name":" menu","bndbox":{"xmin":12,"ymin":208,"xmax":116,"ymax":320}},{"name":" more","bndbox":{"xmin":988,"ymin":208,"xmax":1068,"ymax":304}},{"name":" play","bndbox":{"xmin":956,"ymin":976,"xmax":1052,"ymax":1088}},{"name":" play","bndbox":{"xmin":940,"ymin":1464,"xmax":1052,"ymax":1584}},{"name":" expand more","bndbox":{"xmin":148,"ymin":384,"xmax":236,"ymax":448}}]},"time_labeled":1696095709953,"labeled":true,"size":{"width":1080,"height":1920,"depth":3}}