{"path":"C:\\Samsung Prism\\myvenv\\datasets\\images\\train\\21661.jpg","outputs":{"object":[{"name":" share","bndbox":{"xmin":892,"ymin":216,"xmax":980,"ymax":320}},{"name":" edit","bndbox":{"xmin":884,"ymin":1448,"xmax":1052,"ymax":1624}},{"name":" arrow backward","bndbox":{"xmin":36,"ymin":224,"xmax":116,"ymax":304}},{"name":" close","bndbox":{"xmin":916,"ymin":1648,"xmax":956,"ymax":1712}},{"name":" close","bndbox":{"xmin":916,"ymin":64,"xmax":972,"ymax":96}}]},"time_labeled":1696095757645,"labeled":true,"size":{"width":1080,"height":1920,"depth":3}}