{"path":"C:\\Samsung Prism\\myvenv\\datasets\\images\\train\\21676.jpg","outputs":{"object":[{"name":" arrow backward","bndbox":{"xmin":4,"ymin":80,"xmax":132,"ymax":208}},{"name":" arrow forward","bndbox":{"xmin":756,"ymin":64,"xmax":860,"ymax":184}},{"name":" check","bndbox":{"xmin":692,"ymin":784,"xmax":748,"ymax":832}},{"name":" check","bndbox":{"xmin":676,"ymin":1040,"xmax":756,"ymax":1120}},{"name":" check","bndbox":{"xmin":668,"ymin":1184,"xmax":756,"ymax":1280}}]},"time_labeled":1696095956031,"labeled":true,"size":{"width":1080,"height":1920,"depth":3}}