{"path":"C:\\Samsung Prism\\myvenv\\datasets\\images\\train\\21677.jpg","outputs":{"object":[{"name":" add","bndbox":{"xmin":20,"ymin":72,"xmax":132,"ymax":184}},{"name":" arrow forward","bndbox":{"xmin":756,"ymin":80,"xmax":852,"ymax":192}},{"name":" share","bndbox":{"xmin":948,"ymin":768,"xmax":1060,"ymax":856}},{"name":" settings","bndbox":{"xmin":948,"ymin":1008,"xmax":1060,"ymax":1120}},{"name":" play","bndbox":{"xmin":964,"ymin":1272,"xmax":1044,"ymax":1376}}]},"time_labeled":1696095987883,"labeled":true,"size":{"width":1080,"height":1920,"depth":3}}