{"path":"C:\\Samsung Prism\\myvenv\\datasets\\images\\train\\21674.jpg","outputs":{"object":[{"name":" add","bndbox":{"xmin":20,"ymin":88,"xmax":132,"ymax":176}},{"name":" arrow forward","bndbox":{"xmin":732,"ymin":96,"xmax":884,"ymax":192}},{"name":" play","bndbox":{"xmin":12,"ymin":208,"xmax":124,"ymax":336}},{"name":" share","bndbox":{"xmin":148,"ymin":224,"xmax":260,"ymax":320}},{"name":" play","bndbox":{"xmin":68,"ymin":872,"xmax":180,"ymax":1016}},{"name":" play","bndbox":{"xmin":604,"ymin":888,"xmax":708,"ymax":1024}},{"name":" play","bndbox":{"xmin":68,"ymin":1248,"xmax":188,"ymax":1376}},{"name":" play","bndbox":{"xmin":604,"ymin":1256,"xmax":700,"ymax":1376}}]},"time_labeled":1696095901139,"labeled":true,"size":{"width":1080,"height":1920,"depth":3}}