{"path":"C:\\Samsung Prism\\myvenv\\datasets\\images\\train\\21675.jpg","outputs":{"object":[{"name":" add","bndbox":{"xmin":20,"ymin":72,"xmax":132,"ymax":184}},{"name":" play","bndbox":{"xmin":12,"ymin":232,"xmax":132,"ymax":328}},{"name":" settings","bndbox":{"xmin":28,"ymin":360,"xmax":132,"ymax":456}},{"name":" arrow forward","bndbox":{"xmin":756,"ymin":80,"xmax":860,"ymax":176}},{"name":" settings","bndbox":{"xmin":940,"ymin":1400,"xmax":1076,"ymax":1520}},{"name":" menu","bndbox":{"xmin":484,"ymin":1328,"xmax":588,"ymax":1392}}]},"time_labeled":1696095936523,"labeled":true,"size":{"width":1080,"height":1920,"depth":3}}