{"path":"C:\\Samsung Prism\\myvenv\\datasets\\images\\train\\21728.jpg","outputs":{"object":[{"name":" notifications","bndbox":{"xmin":18,"ymin":48,"xmax":54,"ymax":92}},{"name":" arrow backward","bndbox":{"xmin":42,"ymin":824,"xmax":94,"ymax":868}},{"name":" arrow backward","bndbox":{"xmin":310,"ymin":828,"xmax":362,"ymax":868}},{"name":" arrow backward","bndbox":{"xmin":442,"ymin":820,"xmax":494,"ymax":868}}]},"time_labeled":1696096999223,"labeled":true,"size":{"width":540,"height":960,"depth":3}}