{"path":"C:\\Samsung Prism\\myvenv\\datasets\\images\\train\\21732.jpg","outputs":{"object":[{"name":" arrow backward","bndbox":{"xmin":20,"ymin":80,"xmax":116,"ymax":176}},{"name":"star","bndbox":{"xmin":676,"ymin":72,"xmax":772,"ymax":176}},{"name":" share","bndbox":{"xmin":796,"ymin":64,"xmax":908,"ymax":192}},{"name":" chat","bndbox":{"xmin":940,"ymin":80,"xmax":1052,"ymax":200}},{"name":" close","bndbox":{"xmin":956,"ymin":208,"xmax":1068,"ymax":344}}]},"time_labeled":1696097107536,"labeled":true,"size":{"width":1080,"height":1920,"depth":3}}