{"path":"C:\\Samsung Prism\\myvenv\\datasets\\images\\train\\21746.jpg","outputs":{"object":[{"name":" arrow backward","bndbox":{"xmin":4,"ymin":24,"xmax":108,"ymax":112}},{"name":" home","bndbox":{"xmin":20,"ymin":512,"xmax":108,"ymax":616}},{"name":" edit","bndbox":{"xmin":20,"ymin":648,"xmax":108,"ymax":776}},{"name":"star","bndbox":{"xmin":28,"ymin":792,"xmax":92,"ymax":888}},{"name":" share","bndbox":{"xmin":28,"ymin":1296,"xmax":100,"ymax":1424}}]},"time_labeled":1696097519064,"labeled":true,"size":{"width":1080,"height":1920,"depth":3}}