{"path":"C:\\Samsung Prism\\myvenv\\datasets\\images\\train\\21754.jpg","outputs":{"object":[{"name":" arrow forward","bndbox":{"xmin":868,"ymin":1080,"xmax":924,"ymax":1144}},{"name":" arrow forward","bndbox":{"xmin":860,"ymin":1264,"xmax":908,"ymax":1344}},{"name":" arrow forward","bndbox":{"xmin":844,"ymin":1456,"xmax":916,"ymax":1536}},{"name":" Camera","bndbox":{"xmin":484,"ymin":120,"xmax":596,"ymax":224}}]},"time_labeled":1696097610030,"labeled":true,"size":{"width":1080,"height":1920,"depth":3}}