{"path":"C:\\Samsung Prism\\myvenv\\datasets\\images\\train\\21768.jpg","outputs":{"object":[{"name":" home","bndbox":{"xmin":36,"ymin":216,"xmax":100,"ymax":296}},{"name":" time","bndbox":{"xmin":20,"ymin":320,"xmax":116,"ymax":400}},{"name":" time","bndbox":{"xmin":980,"ymin":80,"xmax":1052,"ymax":152}},{"name":" notifications","bndbox":{"xmin":884,"ymin":80,"xmax":940,"ymax":152}},{"name":" video cam","bndbox":{"xmin":20,"ymin":424,"xmax":100,"ymax":504}}]},"time_labeled":1696098008281,"labeled":true,"size":{"width":1080,"height":1920,"depth":3}}