{"path":"C:\\Samsung Prism\\myvenv\\datasets\\images\\train\\21766.jpg","outputs":{"object":[{"name":" menu","bndbox":{"xmin":12,"ymin":72,"xmax":100,"ymax":168}},{"name":" notifications","bndbox":{"xmin":884,"ymin":80,"xmax":932,"ymax":152}},{"name":" time","bndbox":{"xmin":980,"ymin":64,"xmax":1052,"ymax":160}},{"name":" home","bndbox":{"xmin":20,"ymin":216,"xmax":100,"ymax":296}},{"name":" time","bndbox":{"xmin":20,"ymin":320,"xmax":100,"ymax":416}},{"name":" video cam","bndbox":{"xmin":20,"ymin":424,"xmax":92,"ymax":512}}]},"time_labeled":1696097882620,"labeled":true,"size":{"width":1080,"height":1920,"depth":3}}