{"path":"C:\\Samsung Prism\\myvenv\\datasets\\images\\train\\21769.jpg","outputs":{"object":[{"name":" arrow backward","bndbox":{"xmin":28,"ymin":88,"xmax":108,"ymax":176}},{"name":" search","bndbox":{"xmin":964,"ymin":88,"xmax":1068,"ymax":192}},{"name":" Cart","bndbox":{"xmin":844,"ymin":240,"xmax":932,"ymax":328}},{"name":" check","bndbox":{"xmin":948,"ymin":240,"xmax":1036,"ymax":336}},{"name":" expand more","bndbox":{"xmin":908,"ymin":792,"xmax":972,"ymax":840}}]},"time_labeled":1696098043660,"labeled":true,"size":{"width":1080,"height":1920,"depth":3}}