{"path":"C:\\Samsung Prism\\myvenv\\datasets\\images\\train\\21775.jpg","outputs":{"object":[{"name":" arrow backward","bndbox":{"xmin":20,"ymin":88,"xmax":116,"ymax":160}},{"name":" search","bndbox":{"xmin":940,"ymin":72,"xmax":1084,"ymax":200}},{"name":" Cart","bndbox":{"xmin":836,"ymin":232,"xmax":940,"ymax":344}},{"name":" check","bndbox":{"xmin":956,"ymin":240,"xmax":1028,"ymax":352}},{"name":" expand more","bndbox":{"xmin":892,"ymin":776,"xmax":996,"ymax":864}},{"name":" check","bndbox":{"xmin":956,"ymin":1016,"xmax":1036,"ymax":1104}}]},"time_labeled":1696098208467,"labeled":true,"size":{"width":1080,"height":1920,"depth":3}}