{"path":"C:\\Samsung Prism\\myvenv\\datasets\\images\\train\\21773.jpg","outputs":{"object":[{"name":" arrow backward","bndbox":{"xmin":36,"ymin":88,"xmax":108,"ymax":160}},{"name":" search","bndbox":{"xmin":868,"ymin":88,"xmax":948,"ymax":176}},{"name":" more","bndbox":{"xmin":972,"ymin":88,"xmax":1068,"ymax":192}},{"name":"star","bndbox":{"xmin":900,"ymin":216,"xmax":1052,"ymax":368}},{"name":" check","bndbox":{"xmin":964,"ymin":1656,"xmax":1044,"ymax":1736}}]},"time_labeled":1696098143283,"labeled":true,"size":{"width":1080,"height":1920,"depth":3}}