{"path":"C:\\Samsung Prism\\myvenv\\datasets\\images\\train\\21778.jpg","outputs":{"object":[{"name":" menu","bndbox":{"xmin":12,"ymin":64,"xmax":124,"ymax":184}},{"name":" search","bndbox":{"xmin":708,"ymin":80,"xmax":812,"ymax":184}},{"name":" notifications","bndbox":{"xmin":852,"ymin":88,"xmax":924,"ymax":176}},{"name":" more","bndbox":{"xmin":972,"ymin":80,"xmax":1052,"ymax":176}},{"name":" emoji","bndbox":{"xmin":828,"ymin":1672,"xmax":980,"ymax":1784}},{"name":" send","bndbox":{"xmin":988,"ymin":1688,"xmax":1076,"ymax":1792}}]},"time_labeled":1696098736771,"labeled":true,"size":{"width":1080,"height":1920,"depth":3}}