{"path":"C:\\Samsung Prism\\myvenv\\datasets\\images\\train\\21776.jpg","outputs":{"object":[{"name":" menu","bndbox":{"xmin":12,"ymin":88,"xmax":116,"ymax":200}},{"name":" search","bndbox":{"xmin":692,"ymin":88,"xmax":820,"ymax":184}},{"name":" notifications","bndbox":{"xmin":852,"ymin":96,"xmax":956,"ymax":184}},{"name":" more","bndbox":{"xmin":980,"ymin":96,"xmax":1060,"ymax":176}},{"name":" close","bndbox":{"xmin":972,"ymin":248,"xmax":1108,"ymax":376}},{"name":" play","bndbox":{"xmin":844,"ymin":248,"xmax":948,"ymax":384}},{"name":" send","bndbox":{"xmin":956,"ymin":1680,"xmax":1076,"ymax":1776}},{"name":" emoji","bndbox":{"xmin":844,"ymin":1680,"xmax":964,"ymax":1784}}]},"time_labeled":1696098274703,"labeled":true,"size":{"width":1080,"height":1920,"depth":3}}