{"path":"C:\\Samsung Prism\\myvenv\\datasets\\images\\train\\21770.jpg","outputs":{"object":[{"name":" menu","bndbox":{"xmin":12,"ymin":80,"xmax":124,"ymax":176}},{"name":" expand more","bndbox":{"xmin":484,"ymin":96,"xmax":556,"ymax":168}},{"name":" search","bndbox":{"xmin":868,"ymin":88,"xmax":948,"ymax":176}},{"name":" more","bndbox":{"xmin":980,"ymin":96,"xmax":1060,"ymax":168}},{"name":" close","bndbox":{"xmin":956,"ymin":360,"xmax":1044,"ymax":464}}]},"time_labeled":1696098073657,"labeled":true,"size":{"width":1080,"height":1920,"depth":3}}