{"path":"C:\\Samsung Prism\\myvenv\\datasets\\images\\train\\21779.jpg","outputs":{"object":[{"name":" search","bndbox":{"xmin":716,"ymin":96,"xmax":812,"ymax":168}},{"name":" notifications","bndbox":{"xmin":852,"ymin":88,"xmax":932,"ymax":184}},{"name":" more","bndbox":{"xmin":972,"ymin":88,"xmax":1068,"ymax":184}},{"name":" play","bndbox":{"xmin":836,"ymin":272,"xmax":948,"ymax":368}},{"name":" close","bndbox":{"xmin":964,"ymin":264,"xmax":1060,"ymax":360}},{"name":" add","bndbox":{"xmin":28,"ymin":624,"xmax":116,"ymax":720}},{"name":" add","bndbox":{"xmin":36,"ymin":736,"xmax":108,"ymax":808}},{"name":" delete","bndbox":{"xmin":28,"ymin":896,"xmax":92,"ymax":976}},{"name":" settings","bndbox":{"xmin":36,"ymin":1000,"xmax":108,"ymax":1096}},{"name":" close","bndbox":{"xmin":36,"ymin":1224,"xmax":100,"ymax":1288}},{"name":" emoji","bndbox":{"xmin":852,"ymin":1680,"xmax":964,"ymax":1792}},{"name":" send","bndbox":{"xmin":972,"ymin":1680,"xmax":1068,"ymax":1776}}]},"time_labeled":1696098986105,"labeled":true,"size":{"width":1080,"height":1920,"depth":3}}