{"path":"C:\\Samsung Prism\\myvenv\\datasets\\images\\train\\21772.jpg","outputs":{"object":[{"name":" menu","bndbox":{"xmin":12,"ymin":80,"xmax":124,"ymax":176}},{"name":" expand more","bndbox":{"xmin":452,"ymin":80,"xmax":572,"ymax":200}},{"name":" search","bndbox":{"xmin":852,"ymin":88,"xmax":956,"ymax":184}},{"name":" more","bndbox":{"xmin":964,"ymin":80,"xmax":1084,"ymax":200}},{"name":" close","bndbox":{"xmin":956,"ymin":360,"xmax":1052,"ymax":456}}]},"time_labeled":1696098117894,"labeled":true,"size":{"width":1080,"height":1920,"depth":3}}