{"path":"C:\\Samsung Prism\\myvenv\\datasets\\images\\train\\21784.jpg","outputs":{"object":[{"name":" more","bndbox":{"xmin":-4,"ymin":80,"xmax":84,"ymax":192}},{"name":" search","bndbox":{"xmin":692,"ymin":88,"xmax":820,"ymax":184}},{"name":" Cart","bndbox":{"xmin":956,"ymin":56,"xmax":1084,"ymax":200}},{"name":" home","bndbox":{"xmin":52,"ymin":280,"xmax":132,"ymax":368}},{"name":" settings","bndbox":{"xmin":44,"ymin":1272,"xmax":172,"ymax":1408}}]},"time_labeled":1696099150561,"labeled":true,"size":{"width":1080,"height":1920,"depth":3}}