{"path":"C:\\Samsung Prism\\myvenv\\datasets\\images\\train\\21781.jpg","outputs":{"object":[{"name":" close","bndbox":{"xmin":572,"ymin":656,"xmax":628,"ymax":728}},{"name":" delete","bndbox":{"xmin":564,"ymin":776,"xmax":636,"ymax":832}},{"name":" arrow backward","bndbox":{"xmin":28,"ymin":96,"xmax":108,"ymax":160}},{"name":" search","bndbox":{"xmin":716,"ymin":88,"xmax":812,"ymax":168}},{"name":" notifications","bndbox":{"xmin":852,"ymin":72,"xmax":916,"ymax":184}},{"name":" more","bndbox":{"xmin":980,"ymin":64,"xmax":1052,"ymax":184}},{"name":" emoji","bndbox":{"xmin":860,"ymin":1680,"xmax":972,"ymax":1792}},{"name":" send","bndbox":{"xmin":980,"ymin":1672,"xmax":1068,"ymax":1784}}]},"time_labeled":1696099074404,"labeled":true,"size":{"width":1080,"height":1920,"depth":3}}