{"path":"C:\\Samsung Prism\\myvenv\\datasets\\images\\train\\21785.jpg","outputs":{"object":[{"name":" settings","bndbox":{"xmin":-12,"ymin":96,"xmax":76,"ymax":168}},{"name":" search","bndbox":{"xmin":692,"ymin":80,"xmax":812,"ymax":176}},{"name":" Cart","bndbox":{"xmin":964,"ymin":72,"xmax":1076,"ymax":176}},{"name":" home","bndbox":{"xmin":28,"ymin":280,"xmax":148,"ymax":368}},{"name":" home","bndbox":{"xmin":52,"ymin":1296,"xmax":132,"ymax":1360}}]},"time_labeled":1696099200080,"labeled":true,"size":{"width":1080,"height":1920,"depth":3}}