{"path":"C:\\Samsung Prism\\myvenv\\datasets\\images\\train\\21807.jpg","outputs":{"object":[{"name":" more","bndbox":{"xmin":972,"ymin":24,"xmax":1052,"ymax":120}},{"name":" arrow forward","bndbox":{"xmin":52,"ymin":304,"xmax":148,"ymax":400}},{"name":" arrow forward","bndbox":{"xmin":52,"ymin":424,"xmax":132,"ymax":512}},{"name":" arrow forward","bndbox":{"xmin":44,"ymin":536,"xmax":148,"ymax":632}},{"name":" arrow forward","bndbox":{"xmin":52,"ymin":656,"xmax":132,"ymax":744}},{"name":" arrow forward","bndbox":{"xmin":36,"ymin":776,"xmax":148,"ymax":872}},{"name":" arrow forward","bndbox":{"xmin":44,"ymin":896,"xmax":140,"ymax":984}},{"name":" arrow forward","bndbox":{"xmin":28,"ymin":1016,"xmax":140,"ymax":1104}},{"name":" arrow forward","bndbox":{"xmin":52,"ymin":1120,"xmax":132,"ymax":1208}},{"name":" arrow forward","bndbox":{"xmin":44,"ymin":1264,"xmax":140,"ymax":1360}}]},"time_labeled":1696100885241,"labeled":true,"size":{"width":1080,"height":1920,"depth":3}}