{"path":"C:\\Samsung Prism\\myvenv\\datasets\\images\\train\\21805.jpg","outputs":{"object":[{"name":" more","bndbox":{"xmin":972,"ymin":32,"xmax":1060,"ymax":112}},{"name":" arrow backward","bndbox":{"xmin":300,"ymin":1528,"xmax":380,"ymax":1632}},{"name":" arrow forward","bndbox":{"xmin":676,"ymin":1536,"xmax":788,"ymax":1640}},{"name":" Save/Bookmark","bndbox":{"xmin":492,"ymin":1544,"xmax":580,"ymax":1640}}]},"time_labeled":1696100855531,"labeled":true,"size":{"width":1080,"height":1920,"depth":3}}