{"path":"C:\\Samsung Prism\\myvenv\\datasets\\images\\train\\21806.jpg","outputs":{"object":[{"name":" more","bndbox":{"xmin":980,"ymin":32,"xmax":1068,"ymax":104}},{"name":" arrow backward","bndbox":{"xmin":284,"ymin":1544,"xmax":404,"ymax":1624}},{"name":" arrow forward","bndbox":{"xmin":684,"ymin":1552,"xmax":788,"ymax":1616}},{"name":" Save/Bookmark","bndbox":{"xmin":500,"ymin":1544,"xmax":572,"ymax":1640}}]},"time_labeled":1696100844467,"labeled":true,"size":{"width":1080,"height":1920,"depth":3}}