{"path":"C:\\Samsung Prism\\myvenv\\datasets\\images\\train\\21808.jpg","outputs":{"object":[{"name":" more","bndbox":{"xmin":996,"ymin":16,"xmax":1052,"ymax":104}},{"name":" arrow backward","bndbox":{"xmin":284,"ymin":1528,"xmax":404,"ymax":1640}},{"name":" arrow forward","bndbox":{"xmin":676,"ymin":1536,"xmax":804,"ymax":1592}},{"name":" Save/Bookmark","bndbox":{"xmin":492,"ymin":1528,"xmax":604,"ymax":1632}}]},"time_labeled":1696100905755,"labeled":true,"size":{"width":1080,"height":1920,"depth":3}}