{"path":"C:\\Samsung Prism\\myvenv\\datasets\\images\\train\\21814.jpg","outputs":{"object":[{"name":" arrow forward","bndbox":{"xmin":972,"ymin":232,"xmax":1092,"ymax":336}},{"name":" arrow forward","bndbox":{"xmin":988,"ymin":544,"xmax":1076,"ymax":704}},{"name":" arrow forward","bndbox":{"xmin":972,"ymin":840,"xmax":1076,"ymax":944}},{"name":" arrow forward","bndbox":{"xmin":980,"ymin":1024,"xmax":1068,"ymax":1136}},{"name":" arrow forward","bndbox":{"xmin":980,"ymin":1200,"xmax":1060,"ymax":1312}},{"name":" arrow forward","bndbox":{"xmin":988,"ymin":1408,"xmax":1076,"ymax":1536}},{"name":" arrow forward","bndbox":{"xmin":972,"ymin":1600,"xmax":1060,"ymax":1712}},{"name":" close","bndbox":{"xmin":1012,"ymin":1752,"xmax":1060,"ymax":1840}}]},"time_labeled":1696101002778,"labeled":true,"size":{"width":1080,"height":1920,"depth":3}}