{"path":"C:\\Samsung Prism\\myvenv\\datasets\\images\\train\\21811.jpg","outputs":{"object":[{"name":" more","bndbox":{"xmin":980,"ymin":72,"xmax":1068,"ymax":208}},{"name":" arrow forward","bndbox":{"xmin":44,"ymin":368,"xmax":140,"ymax":440}},{"name":" arrow forward","bndbox":{"xmin":44,"ymin":480,"xmax":124,"ymax":568}},{"name":" arrow forward","bndbox":{"xmin":44,"ymin":592,"xmax":140,"ymax":688}},{"name":" arrow forward","bndbox":{"xmin":44,"ymin":720,"xmax":132,"ymax":808}},{"name":" arrow forward","bndbox":{"xmin":52,"ymin":824,"xmax":132,"ymax":920}},{"name":" arrow forward","bndbox":{"xmin":44,"ymin":944,"xmax":156,"ymax":1040}},{"name":" arrow forward","bndbox":{"xmin":52,"ymin":1064,"xmax":140,"ymax":1152}},{"name":" arrow forward","bndbox":{"xmin":36,"ymin":1184,"xmax":140,"ymax":1280}},{"name":" arrow forward","bndbox":{"xmin":36,"ymin":1328,"xmax":132,"ymax":1416}}]},"time_labeled":1696100942815,"labeled":true,"size":{"width":1080,"height":1920,"depth":3}}