{"path":"C:\\Samsung Prism\\myvenv\\datasets\\images\\train\\21824.jpg","outputs":{"object":[{"name":" more","bndbox":{"xmin":980,"ymin":80,"xmax":1044,"ymax":160}},{"name":" search","bndbox":{"xmin":764,"ymin":200,"xmax":900,"ymax":280}},{"name":" menu","bndbox":{"xmin":916,"ymin":192,"xmax":1044,"ymax":304}},{"name":" arrow forward","bndbox":{"xmin":604,"ymin":1184,"xmax":692,"ymax":1256}},{"name":" more","bndbox":{"xmin":900,"ymin":1320,"xmax":1004,"ymax":1376}}]},"time_labeled":1696101094731,"labeled":true,"size":{"width":1080,"height":1920,"depth":3}}