{"path":"C:\\Samsung Prism\\myvenv\\datasets\\images\\train\\21835.jpg","outputs":{"object":[{"name":" home","bndbox":{"xmin":28,"ymin":568,"xmax":108,"ymax":664}},{"name":" info","bndbox":{"xmin":36,"ymin":696,"xmax":116,"ymax":768}},{"name":" more","bndbox":{"xmin":44,"ymin":816,"xmax":108,"ymax":896}},{"name":" share","bndbox":{"xmin":28,"ymin":944,"xmax":124,"ymax":1032}},{"name":"star","bndbox":{"xmin":36,"ymin":1072,"xmax":108,"ymax":1152}}]},"time_labeled":1696101266498,"labeled":true,"size":{"width":1080,"height":1920,"depth":3}}