{"path":"C:\\Samsung Prism\\myvenv\\datasets\\images\\train\\21832.jpg","outputs":{"object":[{"name":" home","bndbox":{"xmin":20,"ymin":568,"xmax":116,"ymax":648}},{"name":" info","bndbox":{"xmin":36,"ymin":696,"xmax":100,"ymax":768}},{"name":" more","bndbox":{"xmin":44,"ymin":824,"xmax":124,"ymax":888}},{"name":" share","bndbox":{"xmin":28,"ymin":944,"xmax":124,"ymax":1024}},{"name":"star","bndbox":{"xmin":20,"ymin":1072,"xmax":124,"ymax":1152}}]},"time_labeled":1696101198700,"labeled":true,"size":{"width":1080,"height":1920,"depth":3}}