{"path":"C:\\Samsung Prism\\myvenv\\datasets\\images\\train\\21833.jpg","outputs":{"object":[{"name":" menu","bndbox":{"xmin":4,"ymin":104,"xmax":124,"ymax":160}},{"name":" arrow backward","bndbox":{"xmin":164,"ymin":288,"xmax":252,"ymax":352}},{"name":" arrow backward","bndbox":{"xmin":164,"ymin":472,"xmax":244,"ymax":544}},{"name":" arrow backward","bndbox":{"xmin":164,"ymin":656,"xmax":260,"ymax":752}},{"name":" arrow backward","bndbox":{"xmin":180,"ymin":880,"xmax":252,"ymax":960}},{"name":" arrow backward","bndbox":{"xmin":172,"ymin":1128,"xmax":244,"ymax":1216}},{"name":" arrow backward","bndbox":{"xmin":180,"ymin":1344,"xmax":244,"ymax":1432}},{"name":" arrow backward","bndbox":{"xmin":172,"ymin":1544,"xmax":244,"ymax":1624}}]},"time_labeled":1696101225976,"labeled":true,"size":{"width":1080,"height":1920,"depth":3}}