{"path":"C:\\Samsung Prism\\myvenv\\datasets\\images\\train\\21862.jpg","outputs":{"object":[{"name":" share","bndbox":{"xmin":684,"ymin":80,"xmax":812,"ymax":200}},{"name":" time","bndbox":{"xmin":860,"ymin":96,"xmax":948,"ymax":184}},{"name":" more","bndbox":{"xmin":980,"ymin":72,"xmax":1060,"ymax":184}},{"name":" arrow forward","bndbox":{"xmin":908,"ymin":240,"xmax":1020,"ymax":352}},{"name":" add","bndbox":{"xmin":884,"ymin":1456,"xmax":1044,"ymax":1616}}]},"time_labeled":1696101624576,"labeled":true,"size":{"width":1080,"height":1920,"depth":3}}