{"path":"C:\\Samsung Prism\\myvenv\\datasets\\images\\train\\21861.jpg","outputs":{"object":[{"name":" share","bndbox":{"xmin":692,"ymin":56,"xmax":828,"ymax":192}},{"name":" time","bndbox":{"xmin":852,"ymin":64,"xmax":948,"ymax":192}},{"name":" more","bndbox":{"xmin":980,"ymin":88,"xmax":1060,"ymax":176}},{"name":" arrow forward","bndbox":{"xmin":908,"ymin":240,"xmax":1028,"ymax":344}},{"name":" add","bndbox":{"xmin":852,"ymin":1608,"xmax":1060,"ymax":1728}}]},"time_labeled":1696101630073,"labeled":true,"size":{"width":1080,"height":1920,"depth":3}}