{"path":"C:\\Samsung Prism\\myvenv\\datasets\\images\\train\\21863.jpg","outputs":{"object":[{"name":" share","bndbox":{"xmin":684,"ymin":64,"xmax":820,"ymax":200}},{"name":" time","bndbox":{"xmin":852,"ymin":64,"xmax":948,"ymax":184}},{"name":" more","bndbox":{"xmin":972,"ymin":88,"xmax":1052,"ymax":184}},{"name":" arrow forward","bndbox":{"xmin":916,"ymin":232,"xmax":1020,"ymax":376}},{"name":" add","bndbox":{"xmin":876,"ymin":1376,"xmax":1044,"ymax":1536}}]},"time_labeled":1696101669180,"labeled":true,"size":{"width":1080,"height":1920,"depth":3}}