{"path":"C:\\Samsung Prism\\myvenv\\datasets\\images\\train\\21880.jpg","outputs":{"object":[{"name":" arrow backward","bndbox":{"xmin":28,"ymin":88,"xmax":124,"ymax":176}},{"name":" more","bndbox":{"xmin":972,"ymin":88,"xmax":1068,"ymax":184}},{"name":" add","bndbox":{"xmin":948,"ymin":472,"xmax":1020,"ymax":552}},{"name":" add","bndbox":{"xmin":948,"ymin":600,"xmax":1028,"ymax":672}},{"name":" expand more","bndbox":{"xmin":948,"ymin":712,"xmax":1020,"ymax":784}},{"name":" expand more","bndbox":{"xmin":956,"ymin":824,"xmax":1020,"ymax":912}},{"name":" expand more","bndbox":{"xmin":948,"ymin":960,"xmax":1012,"ymax":1016}},{"name":" add","bndbox":{"xmin":948,"ymin":1192,"xmax":1004,"ymax":1280}},{"name":" add","bndbox":{"xmin":956,"ymin":1312,"xmax":1036,"ymax":1408}},{"name":" add","bndbox":{"xmin":956,"ymin":1440,"xmax":1012,"ymax":1528}}]},"time_labeled":1696101804010,"labeled":true,"size":{"width":1080,"height":1920,"depth":3}}