{"path":"C:\\Samsung Prism\\myvenv\\datasets\\images\\train\\21889.jpg","outputs":{"object":[{"name":" arrow backward","bndbox":{"xmin":-4,"ymin":72,"xmax":124,"ymax":184}},{"name":" time","bndbox":{"xmin":60,"ymin":232,"xmax":204,"ymax":312}},{"name":" share","bndbox":{"xmin":948,"ymin":1672,"xmax":1076,"ymax":1784}},{"name":" notifications","bndbox":{"xmin":180,"ymin":1696,"xmax":252,"ymax":1776}},{"name":"star","bndbox":{"xmin":12,"ymin":1672,"xmax":124,"ymax":1784}}]},"time_labeled":1696101954784,"labeled":true,"size":{"width":1080,"height":1920,"depth":3}}