{"path":"C:\\Samsung Prism\\myvenv\\datasets\\images\\train\\21885.jpg","outputs":{"object":[{"name":" arrow forward","bndbox":{"xmin":820,"ymin":736,"xmax":948,"ymax":816}},{"name":" arrow forward","bndbox":{"xmin":860,"ymin":848,"xmax":932,"ymax":952}},{"name":" arrow forward","bndbox":{"xmin":852,"ymin":1008,"xmax":932,"ymax":1072}},{"name":" arrow forward","bndbox":{"xmin":836,"ymin":1136,"xmax":924,"ymax":1216}}]},"time_labeled":1696101849913,"labeled":true,"size":{"width":1080,"height":1920,"depth":3}}