{"path":"C:\\Samsung Prism\\myvenv\\datasets\\images\\train\\21886.jpg","outputs":{"object":[{"name":" add","bndbox":{"xmin":956,"ymin":424,"xmax":1036,"ymax":520}},{"name":" add","bndbox":{"xmin":948,"ymin":552,"xmax":1036,"ymax":640}},{"name":" add","bndbox":{"xmin":956,"ymin":672,"xmax":1028,"ymax":736}},{"name":" add","bndbox":{"xmin":948,"ymin":792,"xmax":1020,"ymax":872}},{"name":" add","bndbox":{"xmin":948,"ymin":904,"xmax":1020,"ymax":984}},{"name":" add","bndbox":{"xmin":932,"ymin":1040,"xmax":1028,"ymax":1112}},{"name":" add","bndbox":{"xmin":948,"ymin":1152,"xmax":1028,"ymax":1232}},{"name":" add","bndbox":{"xmin":948,"ymin":1288,"xmax":1028,"ymax":1360}},{"name":" add","bndbox":{"xmin":948,"ymin":1400,"xmax":1012,"ymax":1480}},{"name":" add","bndbox":{"xmin":956,"ymin":1520,"xmax":1004,"ymax":1576}},{"name":" arrow backward","bndbox":{"xmin":12,"ymin":72,"xmax":116,"ymax":192}},{"name":" more","bndbox":{"xmin":980,"ymin":80,"xmax":1052,"ymax":192}}]},"time_labeled":1696101889279,"labeled":true,"size":{"width":1080,"height":1920,"depth":3}}