{"path":"C:\\Samsung Prism\\myvenv\\datasets\\images\\train\\21896.jpg","outputs":{"object":[{"name":" arrow backward","bndbox":{"xmin":28,"ymin":72,"xmax":108,"ymax":168}},{"name":" time","bndbox":{"xmin":524,"ymin":216,"xmax":676,"ymax":320}},{"name":" share","bndbox":{"xmin":932,"ymin":1664,"xmax":1076,"ymax":1784}},{"name":" notifications","bndbox":{"xmin":180,"ymin":1672,"xmax":292,"ymax":1776}},{"name":"star","bndbox":{"xmin":12,"ymin":1664,"xmax":132,"ymax":1768}}]},"time_labeled":1696102106084,"labeled":true,"size":{"width":1080,"height":1920,"depth":3}}