{"path":"C:\\Samsung Prism\\myvenv\\datasets\\images\\train\\21890.jpg","outputs":{"object":[{"name":" arrow backward","bndbox":{"xmin":20,"ymin":72,"xmax":124,"ymax":176}},{"name":" time","bndbox":{"xmin":556,"ymin":216,"xmax":660,"ymax":336}},{"name":" share","bndbox":{"xmin":932,"ymin":1656,"xmax":1084,"ymax":1800}},{"name":" notifications","bndbox":{"xmin":180,"ymin":1656,"xmax":300,"ymax":1792}},{"name":"star","bndbox":{"xmin":12,"ymin":1672,"xmax":140,"ymax":1776}}]},"time_labeled":1696101984354,"labeled":true,"size":{"width":1080,"height":1920,"depth":3}}