{"path":"C:\\Samsung Prism\\myvenv\\datasets\\images\\train\\21891.jpg","outputs":{"object":[{"name":" arrow backward","bndbox":{"xmin":12,"ymin":64,"xmax":116,"ymax":184}},{"name":" time","bndbox":{"xmin":76,"ymin":216,"xmax":180,"ymax":336}},{"name":" share","bndbox":{"xmin":956,"ymin":1664,"xmax":1060,"ymax":1760}},{"name":" notifications","bndbox":{"xmin":164,"ymin":1664,"xmax":292,"ymax":1792}},{"name":"star","bndbox":{"xmin":20,"ymin":1672,"xmax":140,"ymax":1784}}]},"time_labeled":1696102019906,"labeled":true,"size":{"width":1080,"height":1920,"depth":3}}