{"path":"C:\\Samsung Prism\\myvenv\\datasets\\images\\train\\21909.jpg","outputs":{"object":[{"name":" arrow backward","bndbox":{"xmin":12,"ymin":24,"xmax":100,"ymax":136}},{"name":" pause","bndbox":{"xmin":372,"ymin":1416,"xmax":684,"ymax":1648}},{"name":" arrow backward","bndbox":{"xmin":228,"ymin":1464,"xmax":356,"ymax":1600}},{"name":" arrow forward","bndbox":{"xmin":724,"ymin":1448,"xmax":820,"ymax":1584}}]},"time_labeled":1696102261978,"labeled":true,"size":{"width":1080,"height":1920,"depth":3}}