{"path":"C:\\Samsung Prism\\myvenv\\datasets\\images\\train\\21901.jpg","outputs":{"object":[{"name":" more","bndbox":{"xmin":980,"ymin":64,"xmax":1052,"ymax":192}},{"name":" more","bndbox":{"xmin":884,"ymin":1312,"xmax":988,"ymax":1368}},{"name":" menu","bndbox":{"xmin":940,"ymin":208,"xmax":1044,"ymax":288}},{"name":" search","bndbox":{"xmin":772,"ymin":192,"xmax":860,"ymax":296}},{"name":" arrow forward","bndbox":{"xmin":620,"ymin":1176,"xmax":684,"ymax":1256}}]},"time_labeled":1696102157663,"labeled":true,"size":{"width":1080,"height":1920,"depth":3}}