{"path":"C:\\Samsung Prism\\myvenv\\datasets\\images\\train\\21906.jpg","outputs":{"object":[{"name":" pause","bndbox":{"xmin":892,"ymin":96,"xmax":1044,"ymax":272}},{"name":" arrow forward","bndbox":{"xmin":972,"ymin":912,"xmax":1036,"ymax":1024}},{"name":" arrow forward","bndbox":{"xmin":956,"ymin":1080,"xmax":1052,"ymax":1176}},{"name":" arrow forward","bndbox":{"xmin":956,"ymin":1248,"xmax":1020,"ymax":1336}}]},"time_labeled":1696102217222,"labeled":true,"size":{"width":1080,"height":1920,"depth":3}}