{"path":"C:\\Samsung Prism\\myvenv\\datasets\\images\\train\\21912.jpg","outputs":{"object":[{"name":"star","bndbox":{"xmin":756,"ymin":88,"xmax":828,"ymax":168}},{"name":"star","bndbox":{"xmin":852,"ymin":224,"xmax":988,"ymax":352}},{"name":"star","bndbox":{"xmin":852,"ymin":376,"xmax":988,"ymax":496}},{"name":"star","bndbox":{"xmin":844,"ymin":552,"xmax":988,"ymax":680}},{"name":"star","bndbox":{"xmin":852,"ymin":688,"xmax":980,"ymax":848}},{"name":"star","bndbox":{"xmin":844,"ymin":864,"xmax":980,"ymax":1024}},{"name":"star","bndbox":{"xmin":860,"ymin":1032,"xmax":980,"ymax":1176}},{"name":"star","bndbox":{"xmin":868,"ymin":1200,"xmax":980,"ymax":1328}},{"name":"star","bndbox":{"xmin":860,"ymin":1360,"xmax":972,"ymax":1488}},{"name":"star","bndbox":{"xmin":860,"ymin":1528,"xmax":964,"ymax":1640}},{"name":" search","bndbox":{"xmin":852,"ymin":72,"xmax":948,"ymax":184}},{"name":" more","bndbox":{"xmin":972,"ymin":72,"xmax":1060,"ymax":176}}]},"time_labeled":1696102324692,"labeled":true,"size":{"width":1080,"height":1920,"depth":3}}