{"path":"C:\\Samsung Prism\\myvenv\\datasets\\images\\train\\21936.jpg","outputs":{"object":[{"name":" arrow forward","bndbox":{"xmin":972,"ymin":248,"xmax":1052,"ymax":336}},{"name":" arrow forward","bndbox":{"xmin":980,"ymin":416,"xmax":1044,"ymax":504}},{"name":" arrow forward","bndbox":{"xmin":972,"ymin":592,"xmax":1044,"ymax":680}},{"name":" call","bndbox":{"xmin":36,"ymin":1648,"xmax":172,"ymax":1744}}]},"time_labeled":1696102676871,"labeled":true,"size":{"width":1080,"height":1920,"depth":3}}