{"path":"C:\\Samsung Prism\\myvenv\\datasets\\images\\train\\21957.jpg","outputs":{"object":[{"name":" Save/Bookmark","bndbox":{"xmin":28,"ymin":576,"xmax":100,"ymax":672}},{"name":" share","bndbox":{"xmin":28,"ymin":832,"xmax":108,"ymax":928}},{"name":" edit","bndbox":{"xmin":28,"ymin":1080,"xmax":100,"ymax":1176}},{"name":"star","bndbox":{"xmin":36,"ymin":1216,"xmax":100,"ymax":1304}},{"name":" settings","bndbox":{"xmin":4,"ymin":1344,"xmax":116,"ymax":1432}}]},"time_labeled":1696103041369,"labeled":true,"size":{"width":1080,"height":1920,"depth":3}}