{"path":"C:\\Samsung Prism\\myvenv\\datasets\\images\\train\\21958.jpg","outputs":{"object":[{"name":" menu","bndbox":{"xmin":20,"ymin":88,"xmax":132,"ymax":184}},{"name":" search","bndbox":{"xmin":972,"ymin":72,"xmax":1060,"ymax":184}},{"name":" more","bndbox":{"xmin":996,"ymin":200,"xmax":1068,"ymax":304}},{"name":" more","bndbox":{"xmin":996,"ymin":368,"xmax":1052,"ymax":456}},{"name":" more","bndbox":{"xmin":996,"ymin":520,"xmax":1060,"ymax":616}},{"name":" more","bndbox":{"xmin":1004,"ymin":688,"xmax":1060,"ymax":784}},{"name":" more","bndbox":{"xmin":1004,"ymin":848,"xmax":1052,"ymax":936}},{"name":" more","bndbox":{"xmin":988,"ymin":1008,"xmax":1052,"ymax":1088}},{"name":" more","bndbox":{"xmin":996,"ymin":1152,"xmax":1044,"ymax":1256}},{"name":" more","bndbox":{"xmin":980,"ymin":1320,"xmax":1044,"ymax":1400}},{"name":" more","bndbox":{"xmin":996,"ymin":1464,"xmax":1076,"ymax":1608}}]},"time_labeled":1696103075365,"labeled":true,"size":{"width":1080,"height":1920,"depth":3}}