{"path":"C:\\Samsung Prism\\myvenv\\datasets\\images\\train\\21956.jpg","outputs":{"object":[{"name":" arrow backward","bndbox":{"xmin":28,"ymin":80,"xmax":92,"ymax":176}},{"name":" share","bndbox":{"xmin":732,"ymin":72,"xmax":836,"ymax":192}},{"name":"star","bndbox":{"xmin":860,"ymin":88,"xmax":956,"ymax":176}},{"name":" more","bndbox":{"xmin":988,"ymin":80,"xmax":1052,"ymax":176}},{"name":" arrow forward","bndbox":{"xmin":980,"ymin":1232,"xmax":1036,"ymax":1296}},{"name":" arrow forward","bndbox":{"xmin":964,"ymin":1368,"xmax":1044,"ymax":1432}}]},"time_labeled":1696103003487,"labeled":true,"size":{"width":1080,"height":1920,"depth":3}}