{"path":"C:\\Samsung Prism\\myvenv\\datasets\\images\\train\\21960.jpg","outputs":{"object":[{"name":" arrow backward","bndbox":{"xmin":20,"ymin":104,"xmax":132,"ymax":168}},{"name":" share","bndbox":{"xmin":732,"ymin":88,"xmax":844,"ymax":176}},{"name":"star","bndbox":{"xmin":860,"ymin":88,"xmax":948,"ymax":184}},{"name":" more","bndbox":{"xmin":972,"ymin":80,"xmax":1060,"ymax":192}},{"name":" Bluetooth","bndbox":{"xmin":292,"ymin":1152,"xmax":484,"ymax":1296}}]},"time_labeled":1696103122609,"labeled":true,"size":{"width":1080,"height":1920,"depth":3}}