{"path":"C:\\Samsung Prism\\myvenv\\datasets\\images\\train\\21970.jpg","outputs":{"object":[{"name":" arrow backward","bndbox":{"xmin":20,"ymin":320,"xmax":140,"ymax":432}},{"name":" arrow forward","bndbox":{"xmin":836,"ymin":520,"xmax":948,"ymax":632}},{"name":" arrow forward","bndbox":{"xmin":860,"ymin":720,"xmax":956,"ymax":864}},{"name":" arrow forward","bndbox":{"xmin":820,"ymin":960,"xmax":964,"ymax":1112}},{"name":" arrow forward","bndbox":{"xmin":836,"ymin":1160,"xmax":956,"ymax":1304}},{"name":" arrow forward","bndbox":{"xmin":812,"ymin":1376,"xmax":948,"ymax":1536}},{"name":" arrow forward","bndbox":{"xmin":820,"ymin":1592,"xmax":964,"ymax":1728}}]},"time_labeled":1696103371287,"labeled":true,"size":{"width":1080,"height":1920,"depth":3}}