{"path":"C:\\Samsung Prism\\myvenv\\datasets\\images\\train\\21986.jpg","outputs":{"object":[{"name":" search","bndbox":{"xmin":258,"ymin":40,"xmax":306,"ymax":84}},{"name":"star","bndbox":{"xmin":326,"ymin":40,"xmax":378,"ymax":84}},{"name":" more","bndbox":{"xmin":478,"ymin":40,"xmax":534,"ymax":88}},{"name":" share","bndbox":{"xmin":430,"ymin":612,"xmax":506,"ymax":664}},{"name":" share","bndbox":{"xmin":38,"ymin":532,"xmax":86,"ymax":584}}]},"time_labeled":1696103570362,"labeled":true,"size":{"width":540,"height":960,"depth":3}}