{"path":"C:\\Samsung Prism\\myvenv\\datasets\\images\\train\\21989.jpg","outputs":{"object":[{"name":" search","bndbox":{"xmin":254,"ymin":40,"xmax":302,"ymax":88}},{"name":"star","bndbox":{"xmin":330,"ymin":36,"xmax":374,"ymax":84}},{"name":" more","bndbox":{"xmin":474,"ymin":36,"xmax":518,"ymax":84}},{"name":" share","bndbox":{"xmin":38,"ymin":240,"xmax":74,"ymax":284}},{"name":" sharre","bndbox":{"xmin":446,"ymin":320,"xmax":502,"ymax":376}},{"name":" sharre","bndbox":{"xmin":442,"ymin":656,"xmax":502,"ymax":708}},{"name":" sharre","bndbox":{"xmin":42,"ymin":576,"xmax":78,"ymax":620}}]},"time_labeled":1696103638763,"labeled":true,"size":{"width":540,"height":960,"depth":3}}