{"path":"C:\\Samsung Prism\\myvenv\\datasets\\images\\train\\21991.jpg","outputs":{"object":[{"name":" search","bndbox":{"xmin":254,"ymin":32,"xmax":306,"ymax":88}},{"name":"star","bndbox":{"xmin":326,"ymin":40,"xmax":386,"ymax":92}},{"name":" more","bndbox":{"xmin":478,"ymin":40,"xmax":522,"ymax":88}},{"name":" share","bndbox":{"xmin":38,"ymin":340,"xmax":82,"ymax":380}},{"name":" share","bndbox":{"xmin":450,"ymin":408,"xmax":502,"ymax":472}},{"name":" share","bndbox":{"xmin":22,"ymin":668,"xmax":78,"ymax":708}},{"name":" share","bndbox":{"xmin":446,"ymin":752,"xmax":506,"ymax":796}}]},"time_labeled":1696103690619,"labeled":true,"size":{"width":540,"height":960,"depth":3}}