{"path":"C:\\Samsung Prism\\myvenv\\datasets\\images\\train\\22005.jpg","outputs":{"object":[{"name":" arrow forward","bndbox":{"xmin":84,"ymin":1688,"xmax":196,"ymax":1776}},{"name":" arrow backward","bndbox":{"xmin":332,"ymin":1680,"xmax":436,"ymax":1776}},{"name":" refresh","bndbox":{"xmin":596,"ymin":1656,"xmax":740,"ymax":1792}},{"name":" close","bndbox":{"xmin":900,"ymin":1648,"xmax":972,"ymax":1784}}]},"time_labeled":1696103762311,"labeled":true,"size":{"width":1080,"height":1920,"depth":3}}