{"path":"C:\\Samsung Prism\\myvenv\\datasets\\images\\train\\22013.jpg","outputs":{"object":[{"name":" arrow backward","bndbox":{"xmin":-4,"ymin":88,"xmax":44,"ymax":152}},{"name":" refresh","bndbox":{"xmin":812,"ymin":72,"xmax":900,"ymax":160}},{"name":" more","bndbox":{"xmin":964,"ymin":80,"xmax":1044,"ymax":168}},{"name":" add","bndbox":{"xmin":948,"ymin":1552,"xmax":1044,"ymax":1624}},{"name":" check","bndbox":{"xmin":708,"ymin":192,"xmax":796,"ymax":232}},{"name":" check","bndbox":{"xmin":708,"ymin":288,"xmax":788,"ymax":360}}]},"time_labeled":1696103880342,"labeled":true,"size":{"width":1080,"height":1920,"depth":3}}