{"path":"C:\\Samsung Prism\\myvenv\\datasets\\images\\train\\22015.jpg","outputs":{"object":[{"name":" arrow backward","bndbox":{"xmin":-12,"ymin":88,"xmax":36,"ymax":160}},{"name":" expand more","bndbox":{"xmin":540,"ymin":136,"xmax":644,"ymax":200}},{"name":" refresh","bndbox":{"xmin":804,"ymin":64,"xmax":948,"ymax":176}},{"name":" more","bndbox":{"xmin":980,"ymin":72,"xmax":1036,"ymax":176}},{"name":" check","bndbox":{"xmin":716,"ymin":176,"xmax":764,"ymax":232}},{"name":" check","bndbox":{"xmin":708,"ymin":288,"xmax":756,"ymax":344}}]},"time_labeled":1696103953675,"labeled":true,"size":{"width":1080,"height":1920,"depth":3}}