{"path":"C:\\Samsung Prism\\myvenv\\datasets\\images\\train\\22014.jpg","outputs":{"object":[{"name":" refresh","bndbox":{"xmin":804,"ymin":80,"xmax":908,"ymax":152}},{"name":" more","bndbox":{"xmin":972,"ymin":80,"xmax":1052,"ymax":176}},{"name":" expand more","bndbox":{"xmin":540,"ymin":96,"xmax":636,"ymax":192}},{"name":" arrow backward","bndbox":{"xmin":-12,"ymin":80,"xmax":52,"ymax":168}},{"name":" arrow forward","bndbox":{"xmin":484,"ymin":1656,"xmax":588,"ymax":1792}}]},"time_labeled":1696103905676,"labeled":true,"size":{"width":1080,"height":1920,"depth":3}}