{"path":"C:\\Samsung Prism\\myvenv\\datasets\\images\\train\\22017.jpg","outputs":{"object":[{"name":" arrow backward","bndbox":{"xmin":-20,"ymin":96,"xmax":28,"ymax":160}},{"name":" expand more","bndbox":{"xmin":540,"ymin":128,"xmax":620,"ymax":176}},{"name":" refresh","bndbox":{"xmin":804,"ymin":72,"xmax":908,"ymax":184}},{"name":" more","bndbox":{"xmin":972,"ymin":64,"xmax":1036,"ymax":176}},{"name":" arrow forward","bndbox":{"xmin":492,"ymin":1656,"xmax":596,"ymax":1784}}]},"time_labeled":1696104062383,"labeled":true,"size":{"width":1080,"height":1920,"depth":3}}