{"path":"C:\\Samsung Prism\\myvenv\\datasets\\images\\train\\22029.jpg","outputs":{"object":[{"name":" arrow backward","bndbox":{"xmin":28,"ymin":104,"xmax":108,"ymax":160}},{"name":" add","bndbox":{"xmin":660,"ymin":96,"xmax":732,"ymax":152}},{"name":" add","bndbox":{"xmin":108,"ymin":872,"xmax":196,"ymax":952}},{"name":" add","bndbox":{"xmin":452,"ymin":872,"xmax":532,"ymax":952}},{"name":" add","bndbox":{"xmin":708,"ymin":880,"xmax":796,"ymax":952}},{"name":" add","bndbox":{"xmin":436,"ymin":1432,"xmax":508,"ymax":1512}},{"name":" add","bndbox":{"xmin":196,"ymin":1664,"xmax":268,"ymax":1728}},{"name":" add","bndbox":{"xmin":500,"ymin":1664,"xmax":556,"ymax":1736}},{"name":" check","bndbox":{"xmin":260,"ymin":656,"xmax":356,"ymax":736}}]},"time_labeled":1696105144582,"labeled":true,"size":{"width":1080,"height":1920,"depth":3}}