{"path":"C:\\Samsung Prism\\myvenv\\datasets\\images\\train\\22028.jpg","outputs":{"object":[{"name":" arrow backward","bndbox":{"xmin":36,"ymin":80,"xmax":108,"ymax":176}},{"name":" add","bndbox":{"xmin":316,"ymin":192,"xmax":380,"ymax":240}},{"name":" add","bndbox":{"xmin":116,"ymin":296,"xmax":172,"ymax":376}},{"name":" add","bndbox":{"xmin":332,"ymin":1208,"xmax":388,"ymax":1272}},{"name":" add","bndbox":{"xmin":324,"ymin":1648,"xmax":396,"ymax":1720}},{"name":" check","bndbox":{"xmin":260,"ymin":848,"xmax":332,"ymax":936}},{"name":" check","bndbox":{"xmin":756,"ymin":296,"xmax":836,"ymax":376}},{"name":" check","bndbox":{"xmin":428,"ymin":416,"xmax":492,"ymax":488}},{"name":" check","bndbox":{"xmin":244,"ymin":1080,"xmax":308,"ymax":1160}},{"name":" check","bndbox":{"xmin":604,"ymin":1072,"xmax":692,"ymax":1152}}]},"time_labeled":1696105108789,"labeled":true,"size":{"width":1080,"height":1920,"depth":3}}