{"path":"C:\\Samsung Prism\\myvenv\\datasets\\images\\train\\22033.jpg","outputs":{"object":[{"name":" more","bndbox":{"xmin":452,"ymin":208,"xmax":516,"ymax":328}},{"name":" more","bndbox":{"xmin":996,"ymin":232,"xmax":1052,"ymax":344}},{"name":" more","bndbox":{"xmin":460,"ymin":736,"xmax":516,"ymax":848}},{"name":" more","bndbox":{"xmin":988,"ymin":752,"xmax":1052,"ymax":856}},{"name":" more","bndbox":{"xmin":452,"ymin":1296,"xmax":508,"ymax":1344}},{"name":" more","bndbox":{"xmin":988,"ymin":1272,"xmax":1068,"ymax":1384}}]},"time_labeled":1696105229545,"labeled":true,"size":{"width":1080,"height":1920,"depth":3}}