{"path":"C:\\Samsung Prism\\myvenv\\datasets\\images\\train\\22039.jpg","outputs":{"object":[{"name":" search","bndbox":{"xmin":474,"ymin":36,"xmax":530,"ymax":96}},{"name":" expand more","bndbox":{"xmin":490,"ymin":320,"xmax":514,"ymax":352}},{"name":" expand more","bndbox":{"xmin":490,"ymin":472,"xmax":518,"ymax":504}},{"name":" expand more","bndbox":{"xmin":490,"ymin":624,"xmax":526,"ymax":672}},{"name":" play","bndbox":{"xmin":310,"ymin":836,"xmax":374,"ymax":880}}]},"time_labeled":1696105334990,"labeled":true,"size":{"width":540,"height":960,"depth":3}}