{"path":"C:\\Samsung Prism\\myvenv\\datasets\\images\\train\\22030.jpg","outputs":{"object":[{"name":" arrow backward","bndbox":{"xmin":28,"ymin":72,"xmax":108,"ymax":168}},{"name":" add","bndbox":{"xmin":404,"ymin":320,"xmax":492,"ymax":408}},{"name":" add","bndbox":{"xmin":204,"ymin":560,"xmax":284,"ymax":632}},{"name":" add","bndbox":{"xmin":116,"ymin":672,"xmax":196,"ymax":752}},{"name":" add","bndbox":{"xmin":348,"ymin":1000,"xmax":436,"ymax":1088}},{"name":" add","bndbox":{"xmin":276,"ymin":1344,"xmax":372,"ymax":1432}},{"name":" add","bndbox":{"xmin":252,"ymin":1464,"xmax":316,"ymax":1528}},{"name":" check","bndbox":{"xmin":684,"ymin":560,"xmax":772,"ymax":648}},{"name":" check","bndbox":{"xmin":596,"ymin":672,"xmax":668,"ymax":760}},{"name":" check","bndbox":{"xmin":148,"ymin":1224,"xmax":244,"ymax":1296}},{"name":" check","bndbox":{"xmin":532,"ymin":1232,"xmax":628,"ymax":1304}}]},"time_labeled":1696105179328,"labeled":true,"size":{"width":1080,"height":1920,"depth":3}}