{"path":"C:\\Samsung Prism\\myvenv\\datasets\\images\\train\\22031.jpg","outputs":{"object":[{"name":" arrow backward","bndbox":{"xmin":20,"ymin":88,"xmax":100,"ymax":176}},{"name":" search","bndbox":{"xmin":836,"ymin":88,"xmax":940,"ymax":168}},{"name":" notifications","bndbox":{"xmin":948,"ymin":88,"xmax":1068,"ymax":184}},{"name":" more","bndbox":{"xmin":452,"ymin":336,"xmax":540,"ymax":400}},{"name":" more","bndbox":{"xmin":988,"ymin":328,"xmax":1076,"ymax":432}},{"name":" more","bndbox":{"xmin":452,"ymin":848,"xmax":540,"ymax":952}},{"name":" more","bndbox":{"xmin":956,"ymin":848,"xmax":1052,"ymax":944}},{"name":" more","bndbox":{"xmin":476,"ymin":1376,"xmax":548,"ymax":1456}},{"name":" more","bndbox":{"xmin":980,"ymin":1360,"xmax":1052,"ymax":1456}}]},"time_labeled":1696105208407,"labeled":true,"size":{"width":1080,"height":1920,"depth":3}}