{"path":"C:\\Samsung Prism\\myvenv\\datasets\\images\\train\\22048.jpg","outputs":{"object":[{"name":" arrow backward","bndbox":{"xmin":14,"ymin":44,"xmax":42,"ymax":76}},{"name":" more","bndbox":{"xmin":494,"ymin":48,"xmax":522,"ymax":96}},{"name":" share","bndbox":{"xmin":482,"ymin":104,"xmax":538,"ymax":160}},{"name":" menu","bndbox":{"xmin":6,"ymin":112,"xmax":50,"ymax":156}},{"name":" share","bndbox":{"xmin":438,"ymin":800,"xmax":506,"ymax":860}},{"name":" Camera","bndbox":{"xmin":434,"ymin":708,"xmax":486,"ymax":760}}]},"time_labeled":1696105531468,"labeled":true,"size":{"width":540,"height":960,"depth":3}}