{"path":"C:\\Samsung Prism\\myvenv\\datasets\\images\\train\\22041.jpg","outputs":{"object":[{"name":" search","bndbox":{"xmin":462,"ymin":40,"xmax":534,"ymax":100}},{"name":" expand more","bndbox":{"xmin":474,"ymin":168,"xmax":534,"ymax":208}},{"name":" expand more","bndbox":{"xmin":478,"ymin":340,"xmax":522,"ymax":368}},{"name":" expand more","bndbox":{"xmin":490,"ymin":600,"xmax":522,"ymax":640}},{"name":" play","bndbox":{"xmin":306,"ymin":832,"xmax":358,"ymax":884}}]},"time_labeled":1696105374627,"labeled":true,"size":{"width":540,"height":960,"depth":3}}