{"path":"C:\\Samsung Prism\\myvenv\\datasets\\images\\train\\22045.jpg","outputs":{"object":[{"name":" search","bndbox":{"xmin":478,"ymin":48,"xmax":534,"ymax":92}},{"name":" expand more","bndbox":{"xmin":482,"ymin":96,"xmax":522,"ymax":140}},{"name":" expand more","bndbox":{"xmin":482,"ymin":360,"xmax":534,"ymax":404}},{"name":" expand more","bndbox":{"xmin":482,"ymin":528,"xmax":534,"ymax":560}},{"name":" expand more","bndbox":{"xmin":486,"ymin":792,"xmax":510,"ymax":816}},{"name":" play","bndbox":{"xmin":306,"ymin":832,"xmax":362,"ymax":888}}]},"time_labeled":1696105460805,"labeled":true,"size":{"width":540,"height":960,"depth":3}}