{"path":"C:\\Samsung Prism\\myvenv\\datasets\\images\\train\\22047.jpg","outputs":{"object":[{"name":" arrow backward","bndbox":{"xmin":14,"ymin":44,"xmax":46,"ymax":80}},{"name":" expand more","bndbox":{"xmin":478,"ymin":320,"xmax":530,"ymax":348}},{"name":" expand more","bndbox":{"xmin":490,"ymin":480,"xmax":510,"ymax":508}},{"name":" expand more","bndbox":{"xmin":482,"ymin":620,"xmax":522,"ymax":668}},{"name":" play","bndbox":{"xmin":306,"ymin":844,"xmax":358,"ymax":892}}]},"time_labeled":1696105493071,"labeled":true,"size":{"width":540,"height":960,"depth":3}}