{"path":"C:\\Samsung Prism\\myvenv\\datasets\\images\\train\\22056.jpg","outputs":{"object":[{"name":" play","bndbox":{"xmin":314,"ymin":832,"xmax":354,"ymax":880}},{"name":" arrow backward","bndbox":{"xmin":10,"ymin":44,"xmax":62,"ymax":88}},{"name":" expand more","bndbox":{"xmin":478,"ymin":204,"xmax":526,"ymax":252}},{"name":" expand more","bndbox":{"xmin":478,"ymin":352,"xmax":526,"ymax":412}},{"name":" expand more","bndbox":{"xmin":486,"ymin":524,"xmax":526,"ymax":560}}]},"time_labeled":1696105658210,"labeled":true,"size":{"width":540,"height":960,"depth":3}}