{"path":"C:\\Samsung Prism\\myvenv\\datasets\\images\\train\\22055.jpg","outputs":{"object":[{"name":" search","bndbox":{"xmin":474,"ymin":40,"xmax":534,"ymax":88}},{"name":" expand more","bndbox":{"xmin":486,"ymin":204,"xmax":518,"ymax":236}},{"name":" expand more","bndbox":{"xmin":486,"ymin":464,"xmax":526,"ymax":500}},{"name":" expand more","bndbox":{"xmin":486,"ymin":720,"xmax":518,"ymax":768}},{"name":" play","bndbox":{"xmin":314,"ymin":844,"xmax":362,"ymax":876}}]},"time_labeled":1696105639638,"labeled":true,"size":{"width":540,"height":960,"depth":3}}