{"path":"C:\\Samsung Prism\\myvenv\\datasets\\images\\train\\22060.jpg","outputs":{"object":[{"name":" search","bndbox":{"xmin":478,"ymin":48,"xmax":526,"ymax":84}},{"name":" expand more","bndbox":{"xmin":482,"ymin":104,"xmax":526,"ymax":124}},{"name":" expand more","bndbox":{"xmin":482,"ymin":244,"xmax":518,"ymax":288}},{"name":" expand more","bndbox":{"xmin":486,"ymin":508,"xmax":526,"ymax":544}},{"name":" expand more","bndbox":{"xmin":478,"ymin":664,"xmax":534,"ymax":688}},{"name":" play","bndbox":{"xmin":302,"ymin":824,"xmax":370,"ymax":884}}]},"time_labeled":1696105737805,"labeled":true,"size":{"width":540,"height":960,"depth":3}}