{"path":"C:\\Samsung Prism\\myvenv\\datasets\\images\\train\\08\\17028.jpg","outputs":{"object":[{"name":" arrow forward","bndbox":{"xmin":932,"ymin":340,"xmax":1008,"ymax":448}},{"name":" arrow forward","bndbox":{"xmin":884,"ymin":560,"xmax":968,"ymax":680}},{"name":" arrow forward","bndbox":{"xmin":932,"ymin":916,"xmax":1000,"ymax":1036}},{"name":" arrow forward","bndbox":{"xmin":924,"ymin":1324,"xmax":1008,"ymax":1452}},{"name":" search","bndbox":{"xmin":104,"ymin":64,"xmax":204,"ymax":188}},{"name":" info","bndbox":{"xmin":836,"ymin":336,"xmax":924,"ymax":460}}]},"time_labeled":1695035387527,"labeled":true,"size":{"width":1080,"height":1920,"depth":3}}