{"path":"C:\\Samsung Prism\\myvenv\\datasets\\images\\train\\08\\17027.jpg","outputs":{"object":[{"name":" search","bndbox":{"xmin":92,"ymin":296,"xmax":216,"ymax":412}},{"name":" info","bndbox":{"xmin":836,"ymin":568,"xmax":928,"ymax":688}},{"name":" arrow forward","bndbox":{"xmin":932,"ymin":564,"xmax":1008,"ymax":676}},{"name":" arrow forward","bndbox":{"xmin":884,"ymin":784,"xmax":964,"ymax":904}},{"name":" arrow forward","bndbox":{"xmin":916,"ymin":1144,"xmax":1016,"ymax":1260}},{"name":" arrow forward","bndbox":{"xmin":932,"ymin":1556,"xmax":1008,"ymax":1696}}]},"time_labeled":1695035311095,"labeled":true,"size":{"width":1080,"height":1920,"depth":3}}