{"path":"C:\\Samsung Prism\\myvenv\\datasets\\images\\train\\08\\17029.jpg","outputs":{"object":[{"name":" menu","bndbox":{"xmin":40,"ymin":76,"xmax":144,"ymax":216}},{"name":" search","bndbox":{"xmin":56,"ymin":756,"xmax":144,"ymax":876}},{"name":" search","bndbox":{"xmin":104,"ymin":1576,"xmax":204,"ymax":1688}},{"name":" add","bndbox":{"xmin":924,"ymin":1236,"xmax":1044,"ymax":1356}},{"name":" home","bndbox":{"xmin":52,"ymin":968,"xmax":144,"ymax":1084}}]},"time_labeled":1695035541053,"labeled":true,"size":{"width":1080,"height":1920,"depth":3}}