{"path":"C:\\Samsung Prism\\myvenv\\datasets\\images\\train\\08\\17030.jpg","outputs":{"object":[{"name":" menu","bndbox":{"xmin":32,"ymin":92,"xmax":132,"ymax":196}},{"name":" search","bndbox":{"xmin":52,"ymin":752,"xmax":176,"ymax":860}},{"name":" search","bndbox":{"xmin":96,"ymin":1572,"xmax":236,"ymax":1704}},{"name":" home","bndbox":{"xmin":60,"ymin":972,"xmax":152,"ymax":1080}},{"name":" add","bndbox":{"xmin":912,"ymin":1240,"xmax":1036,"ymax":1376}}]},"time_labeled":1695035592687,"labeled":true,"size":{"width":1080,"height":1920,"depth":3}}