{"path":"C:\\Samsung Prism\\myvenv\\datasets\\images\\train\\08\\17035.jpg","outputs":{"object":[{"name":" add","bndbox":{"xmin":916,"ymin":552,"xmax":1028,"ymax":652}},{"name":" info","bndbox":{"xmin":844,"ymin":1128,"xmax":916,"ymax":1252}},{"name":" arrow forward","bndbox":{"xmin":932,"ymin":1156,"xmax":1000,"ymax":1236}},{"name":" arrow forward","bndbox":{"xmin":876,"ymin":1372,"xmax":980,"ymax":1472}},{"name":" search","bndbox":{"xmin":52,"ymin":68,"xmax":144,"ymax":156}},{"name":" search","bndbox":{"xmin":104,"ymin":872,"xmax":188,"ymax":968}}]},"time_labeled":1696091716019,"labeled":true,"size":{"width":1080,"height":1920,"depth":3}}