{"path":"C:\\Samsung Prism\\myvenv\\datasets\\images\\train\\08\\17033.jpg","outputs":{"object":[{"name":"star","bndbox":{"xmin":160,"ymin":848,"xmax":272,"ymax":948}},{"name":" share","bndbox":{"xmin":476,"ymin":828,"xmax":608,"ymax":936}},{"name":" arrow forward","bndbox":{"xmin":796,"ymin":836,"xmax":928,"ymax":964}},{"name":" refresh","bndbox":{"xmin":952,"ymin":1468,"xmax":1056,"ymax":1572}},{"name":" close","bndbox":{"xmin":880,"ymin":1256,"xmax":1040,"ymax":1420}},{"name":" more","bndbox":{"xmin":920,"ymin":1592,"xmax":1020,"ymax":1708}}]},"time_labeled":1695035904148,"labeled":true,"size":{"width":1080,"height":1920,"depth":3}}