{"path":"C:\\Samsung Prism\\myvenv\\datasets\\images\\train\\08\\17032.jpg","outputs":{"object":[{"name":" arrow forward","bndbox":{"xmin":940,"ymin":784,"xmax":1000,"ymax":864}},{"name":" arrow forward","bndbox":{"xmin":868,"ymin":1000,"xmax":976,"ymax":1120}},{"name":" arrow forward","bndbox":{"xmin":932,"ymin":1344,"xmax":996,"ymax":1448}},{"name":" add","bndbox":{"xmin":928,"ymin":172,"xmax":1012,"ymax":268}},{"name":" search","bndbox":{"xmin":96,"ymin":500,"xmax":212,"ymax":588}},{"name":" info","bndbox":{"xmin":840,"ymin":764,"xmax":924,"ymax":872}}]},"time_labeled":1695035747107,"labeled":true,"size":{"width":1080,"height":1920,"depth":3}}