{"path":"C:\\Samsung Prism\\myvenv\\datasets\\images\\train\\08\\17031.jpg","outputs":{"object":[{"name":" info","bndbox":{"xmin":848,"ymin":56,"xmax":904,"ymax":160}},{"name":" arrow forward","bndbox":{"xmin":940,"ymin":56,"xmax":996,"ymax":172}},{"name":" arrow forward","bndbox":{"xmin":872,"ymin":268,"xmax":968,"ymax":404}},{"name":" arrow forward","bndbox":{"xmin":936,"ymin":636,"xmax":1016,"ymax":776}},{"name":" arrow forward","bndbox":{"xmin":936,"ymin":1048,"xmax":1020,"ymax":1172}},{"name":" arrow forward","bndbox":{"xmin":940,"ymin":1440,"xmax":1012,"ymax":1556}}]},"time_labeled":1695035648806,"labeled":true,"size":{"width":1080,"height":1920,"depth":3}}