{"path":"C:\\Samsung Prism\\myvenv\\datasets\\images\\train\\08\\17057.jpg","outputs":{"object":[{"name":" search","bndbox":{"xmin":476,"ymin":38,"xmax":524,"ymax":112}},{"name":" share","bndbox":{"xmin":446,"ymin":650,"xmax":514,"ymax":722}},{"name":" settings","bndbox":{"xmin":18,"ymin":444,"xmax":50,"ymax":496}},{"name":" share","bndbox":{"xmin":22,"ymin":624,"xmax":48,"ymax":676}},{"name":"star","bndbox":{"xmin":16,"ymin":686,"xmax":50,"ymax":744}}]},"time_labeled":1696140520839,"labeled":true,"size":{"width":540,"height":960,"depth":3}}