{"path":"C:\\Samsung Prism\\myvenv\\datasets\\images\\train\\08\\17061.jpg","outputs":{"object":[{"name":" arrow backward","bndbox":{"xmin":14,"ymin":44,"xmax":54,"ymax":88}},{"name":"star","bndbox":{"xmin":416,"ymin":44,"xmax":452,"ymax":90}},{"name":" search","bndbox":{"xmin":470,"ymin":34,"xmax":524,"ymax":96}},{"name":" share","bndbox":{"xmin":444,"ymin":776,"xmax":512,"ymax":848}},{"name":" arrow forward","bndbox":{"xmin":10,"ymin":432,"xmax":52,"ymax":492}}]},"time_labeled":1696140694066,"labeled":true,"size":{"width":540,"height":960,"depth":3}}