{"path":"C:\\Samsung Prism\\myvenv\\datasets\\images\\train\\08\\17073.jpg","outputs":{"object":[{"name":" search","bndbox":{"xmin":468,"ymin":34,"xmax":526,"ymax":94}},{"name":" share","bndbox":{"xmin":448,"ymin":456,"xmax":504,"ymax":518}},{"name":" settings","bndbox":{"xmin":14,"ymin":436,"xmax":56,"ymax":498}},{"name":" share","bndbox":{"xmin":22,"ymin":626,"xmax":60,"ymax":680}},{"name":"star","bndbox":{"xmin":16,"ymin":692,"xmax":50,"ymax":744}}]},"time_labeled":1696141026613,"labeled":true,"size":{"width":540,"height":960,"depth":3}}