{"path":"C:\\Samsung Prism\\myvenv\\datasets\\images\\train\\08\\17119.jpg","outputs":{"object":[{"name":" share","bndbox":{"xmin":556,"ymin":1676,"xmax":688,"ymax":1780}},{"name":" arrow backward","bndbox":{"xmin":4,"ymin":64,"xmax":84,"ymax":184}},{"name":" home","bndbox":{"xmin":32,"ymin":1664,"xmax":148,"ymax":1800}},{"name":" refresh","bndbox":{"xmin":960,"ymin":60,"xmax":1060,"ymax":192}},{"name":" arrow forward","bndbox":{"xmin":968,"ymin":240,"xmax":1044,"ymax":408}},{"name":" arrow forward","bndbox":{"xmin":960,"ymin":484,"xmax":1036,"ymax":612}},{"name":" arrow forward","bndbox":{"xmin":960,"ymin":740,"xmax":1036,"ymax":844}},{"name":" arrow forward","bndbox":{"xmin":964,"ymin":944,"xmax":1044,"ymax":1108}},{"name":" arrow forward","bndbox":{"xmin":968,"ymin":1212,"xmax":1056,"ymax":1356}},{"name":" arrow forward","bndbox":{"xmin":956,"ymin":1452,"xmax":1044,"ymax":1588}}]},"time_labeled":1696141921077,"labeled":true,"size":{"width":1080,"height":1920,"depth":3}}