{"path":"C:\\Samsung Prism\\myvenv\\datasets\\images\\train\\08\\17120.jpg","outputs":{"object":[{"name":" arrow forward","bndbox":{"xmin":968,"ymin":256,"xmax":1028,"ymax":384}},{"name":" arrow forward","bndbox":{"xmin":968,"ymin":504,"xmax":1028,"ymax":644}},{"name":" arrow forward","bndbox":{"xmin":968,"ymin":756,"xmax":1044,"ymax":876}},{"name":" arrow forward","bndbox":{"xmin":964,"ymin":992,"xmax":1056,"ymax":1124}},{"name":" arrow forward","bndbox":{"xmin":960,"ymin":1240,"xmax":1028,"ymax":1352}},{"name":" arrow forward","bndbox":{"xmin":968,"ymin":1476,"xmax":1044,"ymax":1612}},{"name":" arrow backward","bndbox":{"xmin":-4,"ymin":56,"xmax":80,"ymax":168}},{"name":" refresh","bndbox":{"xmin":968,"ymin":80,"xmax":1064,"ymax":196}},{"name":" share","bndbox":{"xmin":560,"ymin":1664,"xmax":684,"ymax":1788}},{"name":" home","bndbox":{"xmin":32,"ymin":1664,"xmax":132,"ymax":1792}}]},"time_labeled":1696141987196,"labeled":true,"size":{"width":1080,"height":1920,"depth":3}}