{"path":"C:\\Samsung Prism\\myvenv\\datasets\\images\\train\\08\\17168.jpg","outputs":{"object":[{"name":" search","bndbox":{"xmin":10,"ymin":138,"xmax":60,"ymax":198}},{"name":" notifications","bndbox":{"xmin":18,"ymin":650,"xmax":56,"ymax":702}},{"name":" settings","bndbox":{"xmin":10,"ymin":740,"xmax":68,"ymax":796}},{"name":" info","bndbox":{"xmin":12,"ymin":814,"xmax":56,"ymax":886}},{"name":" Camera","bndbox":{"xmin":2,"ymin":224,"xmax":58,"ymax":288}}]},"time_labeled":1696343091018,"labeled":true,"size":{"width":540,"height":960,"depth":3}}