{"path":"C:\\Samsung Prism\\myvenv\\datasets\\images\\train\\08\\17169.jpg","outputs":{"object":[{"name":" search","bndbox":{"xmin":6,"ymin":134,"xmax":64,"ymax":200}},{"name":" Camera","bndbox":{"xmin":14,"ymin":224,"xmax":60,"ymax":284}},{"name":" notifications","bndbox":{"xmin":6,"ymin":650,"xmax":58,"ymax":708}},{"name":" settings","bndbox":{"xmin":8,"ymin":740,"xmax":68,"ymax":790}},{"name":" info","bndbox":{"xmin":8,"ymin":824,"xmax":62,"ymax":876}}]},"time_labeled":1696343065412,"labeled":true,"size":{"width":540,"height":960,"depth":3}}