{"path":"C:\\Samsung Prism\\myvenv\\datasets\\images\\train\\08\\17229.jpg","outputs":{"object":[{"name":" info","bndbox":{"xmin":456,"ymin":170,"xmax":506,"ymax":246}},{"name":" info","bndbox":{"xmin":462,"ymin":272,"xmax":514,"ymax":354}},{"name":" info","bndbox":{"xmin":454,"ymin":388,"xmax":522,"ymax":468}},{"name":" info","bndbox":{"xmin":462,"ymin":484,"xmax":520,"ymax":554}},{"name":" info","bndbox":{"xmin":456,"ymin":588,"xmax":520,"ymax":664}},{"name":" info","bndbox":{"xmin":462,"ymin":688,"xmax":518,"ymax":770}}]},"time_labeled":1696344221881,"labeled":true,"size":{"width":540,"height":960,"depth":3}}