{"path":"C:\\Samsung Prism\\myvenv\\datasets\\images\\train\\08\\17249.jpg","outputs":{"object":[{"name":" add","bndbox":{"xmin":456,"ymin":344,"xmax":534,"ymax":446}},{"name":" search","bndbox":{"xmin":18,"ymin":548,"xmax":62,"ymax":612}},{"name":" search","bndbox":{"xmin":12,"ymin":618,"xmax":56,"ymax":676}},{"name":" search","bndbox":{"xmin":12,"ymin":678,"xmax":80,"ymax":746}},{"name":" search","bndbox":{"xmin":10,"ymin":746,"xmax":48,"ymax":788}}]},"time_labeled":1696344597931,"labeled":true,"size":{"width":540,"height":960,"depth":3}}