{"path":"C:\\Samsung Prism\\myvenv\\datasets\\images\\train\\08\\17291.jpg","outputs":{"object":[{"name":" menu","bndbox":{"xmin":8,"ymin":60,"xmax":128,"ymax":180}},{"name":" add","bndbox":{"xmin":952,"ymin":68,"xmax":1048,"ymax":200}},{"name":" arrow forward","bndbox":{"xmin":968,"ymin":212,"xmax":1076,"ymax":316}},{"name":" arrow forward","bndbox":{"xmin":972,"ymin":340,"xmax":1060,"ymax":448}},{"name":" arrow forward","bndbox":{"xmin":972,"ymin":468,"xmax":1056,"ymax":576}},{"name":" arrow forward","bndbox":{"xmin":968,"ymin":580,"xmax":1104,"ymax":728}}]},"time_labeled":1696345957003,"labeled":true,"size":{"width":1080,"height":1920,"depth":3}}