{"path":"C:\\Samsung Prism\\myvenv\\datasets\\images\\train\\08\\17311.jpg","outputs":{"object":[{"name":" arrow backward","bndbox":{"xmin":24,"ymin":68,"xmax":140,"ymax":192}},{"name":" more","bndbox":{"xmin":996,"ymin":80,"xmax":1100,"ymax":220}},{"name":"star","bndbox":{"xmin":24,"ymin":216,"xmax":132,"ymax":348}},{"name":"star","bndbox":{"xmin":36,"ymin":412,"xmax":128,"ymax":520}},{"name":"star","bndbox":{"xmin":28,"ymin":568,"xmax":116,"ymax":668}},{"name":"star","bndbox":{"xmin":32,"ymin":968,"xmax":128,"ymax":1100}},{"name":"star","bndbox":{"xmin":32,"ymin":1148,"xmax":128,"ymax":1288}},{"name":"star","bndbox":{"xmin":44,"ymin":1312,"xmax":140,"ymax":1448}},{"name":"star","bndbox":{"xmin":32,"ymin":1488,"xmax":124,"ymax":1596}},{"name":"star","bndbox":{"xmin":28,"ymin":1624,"xmax":144,"ymax":1772}}]},"time_labeled":1696346281845,"labeled":true,"size":{"width":1080,"height":1920,"depth":3}}