{"path":"C:\\Samsung Prism\\myvenv\\datasets\\images\\train\\08\\17314.jpg","outputs":{"object":[{"name":" arrow backward","bndbox":{"xmin":12,"ymin":68,"xmax":152,"ymax":204}},{"name":" more","bndbox":{"xmin":984,"ymin":72,"xmax":1080,"ymax":180}},{"name":"star","bndbox":{"xmin":16,"ymin":236,"xmax":148,"ymax":344}},{"name":"star","bndbox":{"xmin":16,"ymin":400,"xmax":128,"ymax":512}},{"name":"star","bndbox":{"xmin":32,"ymin":704,"xmax":132,"ymax":856}},{"name":"star","bndbox":{"xmin":28,"ymin":888,"xmax":120,"ymax":1016}},{"name":"star","bndbox":{"xmin":36,"ymin":1048,"xmax":140,"ymax":1176}},{"name":"star","bndbox":{"xmin":48,"ymin":1204,"xmax":104,"ymax":1356}},{"name":"star","bndbox":{"xmin":8,"ymin":1384,"xmax":116,"ymax":1516}},{"name":"star","bndbox":{"xmin":40,"ymin":1516,"xmax":136,"ymax":1692}},{"name":"star","bndbox":{"xmin":32,"ymin":564,"xmax":108,"ymax":672}}]},"time_labeled":1696346349901,"labeled":true,"size":{"width":1080,"height":1920,"depth":3}}