{"path":"C:\\Samsung Prism\\myvenv\\datasets\\images\\train\\08\\17325.jpg","outputs":{"object":[{"name":" menu","bndbox":{"xmin":24,"ymin":96,"xmax":104,"ymax":172}},{"name":" more","bndbox":{"xmin":988,"ymin":64,"xmax":1048,"ymax":184}},{"name":" home","bndbox":{"xmin":588,"ymin":92,"xmax":680,"ymax":188}},{"name":" refresh","bndbox":{"xmin":784,"ymin":80,"xmax":880,"ymax":188}},{"name":" close","bndbox":{"xmin":900,"ymin":1508,"xmax":972,"ymax":1592}}]},"time_labeled":1696875234276,"labeled":true,"size":{"width":1080,"height":1920,"depth":3}}