{"path":"C:\\Samsung Prism\\myvenv\\datasets\\images\\train\\08\\17320.jpg","outputs":{"object":[{"name":" arrow backward","bndbox":{"xmin":4,"ymin":68,"xmax":136,"ymax":236}},{"name":" more","bndbox":{"xmin":980,"ymin":56,"xmax":1076,"ymax":208}},{"name":"star","bndbox":{"xmin":24,"ymin":516,"xmax":124,"ymax":648}},{"name":"star","bndbox":{"xmin":40,"ymin":688,"xmax":144,"ymax":824}},{"name":"star","bndbox":{"xmin":28,"ymin":852,"xmax":116,"ymax":984}},{"name":"star","bndbox":{"xmin":24,"ymin":1024,"xmax":108,"ymax":1128}},{"name":"star","bndbox":{"xmin":32,"ymin":1192,"xmax":124,"ymax":1304}},{"name":"star","bndbox":{"xmin":20,"ymin":1352,"xmax":112,"ymax":1500}},{"name":"star","bndbox":{"xmin":28,"ymin":1512,"xmax":124,"ymax":1636}},{"name":"star","bndbox":{"xmin":24,"ymin":1652,"xmax":140,"ymax":1808}}]},"time_labeled":1696346467401,"labeled":true,"size":{"width":1080,"height":1920,"depth":3}}