{"path":"C:\\Samsung Prism\\myvenv\\datasets\\images\\train\\08\\17327.jpg","outputs":{"object":[{"name":" menu","bndbox":{"xmin":20,"ymin":76,"xmax":120,"ymax":164}},{"name":" home","bndbox":{"xmin":592,"ymin":80,"xmax":664,"ymax":204}},{"name":" refresh","bndbox":{"xmin":796,"ymin":64,"xmax":880,"ymax":212}},{"name":" more","bndbox":{"xmin":996,"ymin":68,"xmax":1056,"ymax":192}},{"name":" share","bndbox":{"xmin":848,"ymin":400,"xmax":952,"ymax":544}}]},"time_labeled":1696875450895,"labeled":true,"size":{"width":1080,"height":1920,"depth":3}}