{"path":"C:\\Samsung Prism\\myvenv\\datasets\\images\\train\\08\\17328.jpg","outputs":{"object":[{"name":" menu","bndbox":{"xmin":28,"ymin":88,"xmax":108,"ymax":204}},{"name":" home","bndbox":{"xmin":580,"ymin":56,"xmax":688,"ymax":196}},{"name":" refresh","bndbox":{"xmin":792,"ymin":72,"xmax":880,"ymax":196}},{"name":" more","bndbox":{"xmin":972,"ymin":76,"xmax":1076,"ymax":180}},{"name":" Bluetooth","bndbox":{"xmin":316,"ymin":1480,"xmax":508,"ymax":1656}}]},"time_labeled":1696875551256,"labeled":true,"size":{"width":1080,"height":1920,"depth":3}}