{"path":"C:\\Samsung Prism\\myvenv\\datasets\\images\\train\\08\\17326.jpg","outputs":{"object":[{"name":" close","bndbox":{"xmin":920,"ymin":1492,"xmax":988,"ymax":1600}},{"name":" home","bndbox":{"xmin":580,"ymin":80,"xmax":680,"ymax":172}},{"name":" refresh","bndbox":{"xmin":792,"ymin":88,"xmax":876,"ymax":192}},{"name":" more","bndbox":{"xmin":996,"ymin":76,"xmax":1080,"ymax":200}},{"name":" menu","bndbox":{"xmin":20,"ymin":72,"xmax":116,"ymax":188}},{"name":" check","bndbox":{"xmin":20,"ymin":208,"xmax":96,"ymax":312}},{"name":" check","bndbox":{"xmin":8,"ymin":300,"xmax":96,"ymax":404}},{"name":" check","bndbox":{"xmin":24,"ymin":404,"xmax":104,"ymax":520}},{"name":" check","bndbox":{"xmin":516,"ymin":492,"xmax":616,"ymax":600}},{"name":" check","bndbox":{"xmin":532,"ymin":604,"xmax":604,"ymax":716}},{"name":" check","bndbox":{"xmin":528,"ymin":716,"xmax":628,"ymax":816}},{"name":" check","bndbox":{"xmin":520,"ymin":828,"xmax":636,"ymax":936}},{"name":" check","bndbox":{"xmin":516,"ymin":940,"xmax":620,"ymax":1048}},{"name":" check","bndbox":{"xmin":4,"ymin":1268,"xmax":96,"ymax":1368}},{"name":" check","bndbox":{"xmin":16,"ymin":1372,"xmax":96,"ymax":1488}}]},"time_labeled":1696875351939,"labeled":true,"size":{"width":1080,"height":1920,"depth":3}}