{"path":"C:\\Samsung Prism\\myvenv\\datasets\\images\\train\\08\\17348.jpg","outputs":{"object":[{"name":" close","bndbox":{"xmin":936,"ymin":748,"xmax":1032,"ymax":908}},{"name":" close","bndbox":{"xmin":944,"ymin":944,"xmax":1044,"ymax":1080}},{"name":" close","bndbox":{"xmin":944,"ymin":1128,"xmax":1036,"ymax":1268}},{"name":" close","bndbox":{"xmin":944,"ymin":1396,"xmax":1036,"ymax":1524}},{"name":" check","bndbox":{"xmin":8,"ymin":1524,"xmax":132,"ymax":1640}}]},"time_labeled":1696875870429,"labeled":true,"size":{"width":1080,"height":1920,"depth":3}}