{"path":"C:\\Samsung Prism\\myvenv\\datasets\\images\\train\\08\\17365.jpg","outputs":{"object":[{"name":" arrow backward","bndbox":{"xmin":10,"ymin":36,"xmax":68,"ymax":102}},{"name":" arrow backward","bndbox":{"xmin":50,"ymin":760,"xmax":112,"ymax":816}},{"name":" arrow forward","bndbox":{"xmin":424,"ymin":758,"xmax":486,"ymax":814}},{"name":" share","bndbox":{"xmin":230,"ymin":760,"xmax":302,"ymax":820}},{"name":"star","bndbox":{"xmin":440,"ymin":100,"xmax":502,"ymax":170}},{"name":"star","bndbox":{"xmin":160,"ymin":96,"xmax":222,"ymax":160}}]},"time_labeled":1696876109086,"labeled":true,"size":{"width":540,"height":960,"depth":3}}