{"path":"C:\\Samsung Prism\\myvenv\\datasets\\images\\train\\08\\17368.jpg","outputs":{"object":[{"name":" arrow backward","bndbox":{"xmin":16,"ymin":64,"xmax":100,"ymax":168}},{"name":" play","bndbox":{"xmin":424,"ymin":584,"xmax":536,"ymax":716}},{"name":" play","bndbox":{"xmin":960,"ymin":580,"xmax":1060,"ymax":688}},{"name":" play","bndbox":{"xmin":420,"ymin":1300,"xmax":544,"ymax":1480}},{"name":" play","bndbox":{"xmin":956,"ymin":1344,"xmax":1088,"ymax":1460}}]},"time_labeled":1696876215591,"labeled":true,"size":{"width":1080,"height":1920,"depth":3}}