{"path":"C:\\Samsung Prism\\myvenv\\datasets\\images\\train\\08\\17388.jpg","outputs":{"object":[{"name":"star","bndbox":{"xmin":464,"ymin":230,"xmax":508,"ymax":276}},{"name":" add","bndbox":{"xmin":452,"ymin":274,"xmax":520,"ymax":336}},{"name":" add","bndbox":{"xmin":458,"ymin":340,"xmax":516,"ymax":386}},{"name":" add","bndbox":{"xmin":460,"ymin":388,"xmax":528,"ymax":456}},{"name":" add","bndbox":{"xmin":456,"ymin":436,"xmax":520,"ymax":504}},{"name":" add","bndbox":{"xmin":456,"ymin":498,"xmax":510,"ymax":550}},{"name":" add","bndbox":{"xmin":460,"ymin":552,"xmax":508,"ymax":596}},{"name":" add","bndbox":{"xmin":456,"ymin":602,"xmax":522,"ymax":660}},{"name":" add","bndbox":{"xmin":448,"ymin":658,"xmax":512,"ymax":720}},{"name":" add","bndbox":{"xmin":456,"ymin":174,"xmax":518,"ymax":212}},{"name":" search","bndbox":{"xmin":32,"ymin":110,"xmax":86,"ymax":168}}]},"time_labeled":1696877318937,"labeled":true,"size":{"width":540,"height":960,"depth":3}}