{"path":"C:\\Samsung Prism\\myvenv\\datasets\\images\\train\\08\\17383.jpg","outputs":{"object":[{"name":" menu","bndbox":{"xmin":10,"ymin":34,"xmax":72,"ymax":114}},{"name":" arrow backward","bndbox":{"xmin":36,"ymin":836,"xmax":94,"ymax":906}},{"name":" arrow forward","bndbox":{"xmin":170,"ymin":832,"xmax":234,"ymax":902}},{"name":" refresh","bndbox":{"xmin":300,"ymin":834,"xmax":376,"ymax":894}},{"name":" share","bndbox":{"xmin":442,"ymin":830,"xmax":504,"ymax":904}},{"name":" play","bndbox":{"xmin":212,"ymin":542,"xmax":322,"ymax":628}}]},"time_labeled":1696877125232,"labeled":true,"size":{"width":540,"height":960,"depth":3}}