{"path":"C:\\Samsung Prism\\myvenv\\datasets\\images\\train\\08\\17381.jpg","outputs":{"object":[{"name":" search","bndbox":{"xmin":28,"ymin":102,"xmax":76,"ymax":166}},{"name":"star","bndbox":{"xmin":458,"ymin":306,"xmax":506,"ymax":344}},{"name":" add","bndbox":{"xmin":454,"ymin":244,"xmax":516,"ymax":282}},{"name":" add","bndbox":{"xmin":464,"ymin":348,"xmax":512,"ymax":396}},{"name":" add","bndbox":{"xmin":462,"ymin":672,"xmax":502,"ymax":726}},{"name":" add","bndbox":{"xmin":462,"ymin":624,"xmax":512,"ymax":668}},{"name":" add","bndbox":{"xmin":464,"ymin":558,"xmax":516,"ymax":612}},{"name":" add","bndbox":{"xmin":460,"ymin":502,"xmax":514,"ymax":570}},{"name":" add","bndbox":{"xmin":454,"ymin":460,"xmax":516,"ymax":520}},{"name":" add","bndbox":{"xmin":468,"ymin":400,"xmax":520,"ymax":468}}]},"time_labeled":1696877032785,"labeled":true,"size":{"width":540,"height":960,"depth":3}}