{"path":"C:\\Samsung Prism\\myvenv\\datasets\\images\\train\\08\\17387.jpg","outputs":{"object":[{"name":" search","bndbox":{"xmin":22,"ymin":102,"xmax":90,"ymax":182}},{"name":" add","bndbox":{"xmin":454,"ymin":178,"xmax":518,"ymax":226}},{"name":" add","bndbox":{"xmin":466,"ymin":342,"xmax":522,"ymax":400}},{"name":" add","bndbox":{"xmin":450,"ymin":388,"xmax":530,"ymax":440}},{"name":" add","bndbox":{"xmin":456,"ymin":446,"xmax":532,"ymax":510}},{"name":" add","bndbox":{"xmin":458,"ymin":496,"xmax":514,"ymax":562}},{"name":" add","bndbox":{"xmin":454,"ymin":550,"xmax":518,"ymax":618}},{"name":" add","bndbox":{"xmin":458,"ymin":600,"xmax":526,"ymax":656}},{"name":" add","bndbox":{"xmin":460,"ymin":660,"xmax":528,"ymax":712}},{"name":"star","bndbox":{"xmin":466,"ymin":232,"xmax":510,"ymax":284}},{"name":"star","bndbox":{"xmin":466,"ymin":292,"xmax":514,"ymax":346}}]},"time_labeled":1696877262236,"labeled":true,"size":{"width":540,"height":960,"depth":3}}