{"path":"C:\\Samsung Prism\\myvenv\\datasets\\images\\train\\08\\17397.jpg","outputs":{"object":[{"name":" search","bndbox":{"xmin":24,"ymin":100,"xmax":80,"ymax":164}},{"name":" add","bndbox":{"xmin":460,"ymin":248,"xmax":510,"ymax":302}},{"name":" add","bndbox":{"xmin":458,"ymin":294,"xmax":514,"ymax":352}},{"name":" add","bndbox":{"xmin":462,"ymin":350,"xmax":514,"ymax":408}},{"name":" add","bndbox":{"xmin":458,"ymin":402,"xmax":514,"ymax":464}},{"name":" add","bndbox":{"xmin":458,"ymin":460,"xmax":522,"ymax":516}},{"name":" add","bndbox":{"xmin":458,"ymin":518,"xmax":518,"ymax":568}},{"name":" add","bndbox":{"xmin":460,"ymin":568,"xmax":516,"ymax":620}},{"name":" add","bndbox":{"xmin":460,"ymin":620,"xmax":514,"ymax":682}},{"name":" add","bndbox":{"xmin":458,"ymin":682,"xmax":520,"ymax":732}},{"name":" add","bndbox":{"xmin":454,"ymin":728,"xmax":520,"ymax":782}}]},"time_labeled":1697044520966,"labeled":true,"size":{"width":540,"height":960,"depth":3}}