{"path":"C:\\Samsung Prism\\myvenv\\datasets\\images\\train\\08\\17394.jpg","outputs":{"object":[{"name":" share","bndbox":{"xmin":442,"ymin":832,"xmax":510,"ymax":910}},{"name":" check","bndbox":{"xmin":14,"ymin":38,"xmax":66,"ymax":92}},{"name":" check","bndbox":{"xmin":348,"ymin":276,"xmax":400,"ymax":330}},{"name":" check","bndbox":{"xmin":0,"ymin":680,"xmax":38,"ymax":710}},{"name":" check","bndbox":{"xmin":12,"ymin":744,"xmax":50,"ymax":786}},{"name":" arrow backward","bndbox":{"xmin":42,"ymin":822,"xmax":84,"ymax":886}},{"name":" arrow forward","bndbox":{"xmin":176,"ymin":830,"xmax":244,"ymax":894}},{"name":" refresh","bndbox":{"xmin":300,"ymin":830,"xmax":378,"ymax":892}}]},"time_labeled":1697044416975,"labeled":true,"size":{"width":540,"height":960,"depth":3}}