{"path":"C:\\Samsung Prism\\myvenv\\datasets\\images\\train\\08\\17402.jpg","outputs":{"object":[{"name":" menu","bndbox":{"xmin":10,"ymin":28,"xmax":62,"ymax":92}},{"name":" arrow backward","bndbox":{"xmin":34,"ymin":830,"xmax":98,"ymax":898}},{"name":" arrow forward","bndbox":{"xmin":170,"ymin":824,"xmax":234,"ymax":906}},{"name":" refresh","bndbox":{"xmin":302,"ymin":834,"xmax":368,"ymax":890}},{"name":" share","bndbox":{"xmin":436,"ymin":828,"xmax":524,"ymax":912}}]},"time_labeled":1697044837812,"labeled":true,"size":{"width":540,"height":960,"depth":3}}