{"path":"C:\\Samsung Prism\\myvenv\\datasets\\images\\train\\08\\17400.jpg","outputs":{"object":[{"name":" search","bndbox":{"xmin":30,"ymin":108,"xmax":74,"ymax":178}},{"name":" add","bndbox":{"xmin":460,"ymin":236,"xmax":512,"ymax":296}},{"name":" add","bndbox":{"xmin":458,"ymin":296,"xmax":514,"ymax":362}},{"name":" add","bndbox":{"xmin":460,"ymin":360,"xmax":506,"ymax":410}},{"name":" add","bndbox":{"xmin":466,"ymin":414,"xmax":512,"ymax":464}},{"name":" add","bndbox":{"xmin":456,"ymin":462,"xmax":518,"ymax":526}},{"name":" add","bndbox":{"xmin":456,"ymin":516,"xmax":514,"ymax":572}},{"name":" add","bndbox":{"xmin":460,"ymin":570,"xmax":520,"ymax":628}},{"name":" add","bndbox":{"xmin":460,"ymin":624,"xmax":514,"ymax":674}},{"name":" add","bndbox":{"xmin":470,"ymin":676,"xmax":516,"ymax":744}},{"name":" add","bndbox":{"xmin":458,"ymin":730,"xmax":512,"ymax":790}}]},"time_labeled":1697044600401,"labeled":true,"size":{"width":540,"height":960,"depth":3}}