{"path":"C:\\Samsung Prism\\myvenv\\datasets\\images\\train\\08\\17413.jpg","outputs":{"object":[{"name":" menu","bndbox":{"xmin":12,"ymin":36,"xmax":64,"ymax":98}},{"name":" call","bndbox":{"xmin":280,"ymin":236,"xmax":320,"ymax":302}},{"name":" call","bndbox":{"xmin":278,"ymin":324,"xmax":324,"ymax":372}},{"name":" call","bndbox":{"xmin":276,"ymin":392,"xmax":320,"ymax":452}},{"name":" call","bndbox":{"xmin":274,"ymin":462,"xmax":326,"ymax":532}},{"name":" call","bndbox":{"xmin":268,"ymin":836,"xmax":332,"ymax":892}}]},"time_labeled":1697045086463,"labeled":true,"size":{"width":540,"height":960,"depth":3}}