{"path":"C:\\Samsung Prism\\myvenv\\datasets\\images\\train\\08\\17455.jpg","outputs":{"object":[{"name":" menu","bndbox":{"xmin":52,"ymin":-12,"xmax":204,"ymax":104}},{"name":" more","bndbox":{"xmin":104,"ymin":812,"xmax":188,"ymax":924}},{"name":" more","bndbox":{"xmin":108,"ymin":1084,"xmax":208,"ymax":1220}},{"name":" more","bndbox":{"xmin":100,"ymin":1320,"xmax":196,"ymax":1500}},{"name":" more","bndbox":{"xmin":120,"ymin":1600,"xmax":196,"ymax":1752}},{"name":" video cam","bndbox":{"xmin":304,"ymin":756,"xmax":384,"ymax":836}},{"name":" settings","bndbox":{"xmin":300,"ymin":856,"xmax":384,"ymax":964}}]},"time_labeled":1697045947077,"labeled":true,"size":{"width":1080,"height":1920,"depth":3}}