{"path":"C:\\Samsung Prism\\myvenv\\datasets\\images\\train\\08\\17458.jpg","outputs":{"object":[{"name":" close","bndbox":{"xmin":-16,"ymin":1708,"xmax":48,"ymax":1828}},{"name":"star","bndbox":{"xmin":964,"ymin":800,"xmax":1060,"ymax":900}},{"name":"star","bndbox":{"xmin":944,"ymin":920,"xmax":1084,"ymax":1056}},{"name":"star","bndbox":{"xmin":956,"ymin":1056,"xmax":1080,"ymax":1172}},{"name":"star","bndbox":{"xmin":960,"ymin":1172,"xmax":1056,"ymax":1308}},{"name":"star","bndbox":{"xmin":956,"ymin":1288,"xmax":1052,"ymax":1408}},{"name":"star","bndbox":{"xmin":956,"ymin":1420,"xmax":1072,"ymax":1560}},{"name":"star","bndbox":{"xmin":940,"ymin":1536,"xmax":1076,"ymax":1656}}]},"time_labeled":1697046125778,"labeled":true,"size":{"width":1080,"height":1920,"depth":3}}