{"path":"C:\\Samsung Prism\\myvenv\\datasets\\images\\train\\08\\17451.jpg","outputs":{"object":[{"name":" arrow backward","bndbox":{"xmin":20,"ymin":0,"xmax":148,"ymax":128}},{"name":" menu","bndbox":{"xmin":932,"ymin":-16,"xmax":1092,"ymax":100}},{"name":" more","bndbox":{"xmin":984,"ymin":808,"xmax":1056,"ymax":916}},{"name":" more","bndbox":{"xmin":980,"ymin":1052,"xmax":1080,"ymax":1200}},{"name":" more","bndbox":{"xmin":984,"ymin":1340,"xmax":1084,"ymax":1512}},{"name":" more","bndbox":{"xmin":984,"ymin":1616,"xmax":1064,"ymax":1760}}]},"time_labeled":1697045733831,"labeled":true,"size":{"width":1080,"height":1920,"depth":3}}