{"path":"C:\\Samsung Prism\\myvenv\\datasets\\images\\train\\08\\17457.jpg","outputs":{"object":[{"name":"star","bndbox":{"xmin":560,"ymin":60,"xmax":696,"ymax":176}},{"name":" search","bndbox":{"xmin":756,"ymin":64,"xmax":880,"ymax":180}},{"name":" settings","bndbox":{"xmin":944,"ymin":56,"xmax":1048,"ymax":192}},{"name":"star","bndbox":{"xmin":948,"ymin":196,"xmax":1064,"ymax":312}},{"name":"star","bndbox":{"xmin":956,"ymin":320,"xmax":1060,"ymax":412}},{"name":"star","bndbox":{"xmin":940,"ymin":416,"xmax":1088,"ymax":544}},{"name":"star","bndbox":{"xmin":952,"ymin":556,"xmax":1064,"ymax":680}},{"name":"star","bndbox":{"xmin":952,"ymin":672,"xmax":1060,"ymax":808}},{"name":"star","bndbox":{"xmin":956,"ymin":812,"xmax":1060,"ymax":920}},{"name":"star","bndbox":{"xmin":960,"ymin":940,"xmax":1044,"ymax":1060}},{"name":"star","bndbox":{"xmin":968,"ymin":1068,"xmax":1048,"ymax":1164}},{"name":"star","bndbox":{"xmin":960,"ymin":1180,"xmax":1064,"ymax":1296}},{"name":"star","bndbox":{"xmin":960,"ymin":1296,"xmax":1072,"ymax":1436}},{"name":"star","bndbox":{"xmin":948,"ymin":1436,"xmax":1076,"ymax":1548}},{"name":"star","bndbox":{"xmin":944,"ymin":1552,"xmax":1068,"ymax":1656}}]},"time_labeled":1697046052632,"labeled":true,"size":{"width":1080,"height":1920,"depth":3}}