{"path":"C:\\Samsung Prism\\myvenv\\datasets\\images\\train\\08\\17465.jpg","outputs":{"object":[{"name":" arrow backward","bndbox":{"xmin":-4,"ymin":72,"xmax":56,"ymax":224}},{"name":" arrow backward","bndbox":{"xmin":-20,"ymin":228,"xmax":60,"ymax":380}},{"name":" time","bndbox":{"xmin":660,"ymin":68,"xmax":740,"ymax":212}},{"name":" pause","bndbox":{"xmin":480,"ymin":1628,"xmax":596,"ymax":1784}},{"name":" close","bndbox":{"xmin":908,"ymin":1456,"xmax":968,"ymax":1548}}]},"time_labeled":1697046389711,"labeled":true,"size":{"width":1080,"height":1920,"depth":3}}