{"path":"C:\\Samsung Prism\\myvenv\\datasets\\images\\train\\08\\17464.jpg","outputs":{"object":[{"name":" arrow backward","bndbox":{"xmin":-20,"ymin":80,"xmax":52,"ymax":212}},{"name":" pause","bndbox":{"xmin":476,"ymin":1644,"xmax":604,"ymax":1792}},{"name":" close","bndbox":{"xmin":908,"ymin":1436,"xmax":988,"ymax":1556}},{"name":" time","bndbox":{"xmin":652,"ymin":76,"xmax":732,"ymax":168}},{"name":" arrow forward","bndbox":{"xmin":1008,"ymin":240,"xmax":1116,"ymax":348}}]},"time_labeled":1697046342466,"labeled":true,"size":{"width":1080,"height":1920,"depth":3}}