{"path":"C:\\Samsung Prism\\myvenv\\datasets\\images\\train\\08\\17460.jpg","outputs":{"object":[{"name":" settings","bndbox":{"xmin":940,"ymin":68,"xmax":1048,"ymax":172}},{"name":"star","bndbox":{"xmin":552,"ymin":68,"xmax":700,"ymax":196}},{"name":"star","bndbox":{"xmin":960,"ymin":192,"xmax":1068,"ymax":308}},{"name":"star","bndbox":{"xmin":960,"ymin":308,"xmax":1048,"ymax":428}},{"name":"star","bndbox":{"xmin":952,"ymin":432,"xmax":1068,"ymax":560}},{"name":"star","bndbox":{"xmin":952,"ymin":564,"xmax":1068,"ymax":668}},{"name":"star","bndbox":{"xmin":952,"ymin":672,"xmax":1048,"ymax":788}},{"name":"star","bndbox":{"xmin":960,"ymin":804,"xmax":1060,"ymax":936}},{"name":"star","bndbox":{"xmin":948,"ymin":928,"xmax":1060,"ymax":1048}},{"name":"star","bndbox":{"xmin":948,"ymin":1048,"xmax":1072,"ymax":1188}},{"name":"star","bndbox":{"xmin":944,"ymin":1180,"xmax":1060,"ymax":1316}},{"name":"star","bndbox":{"xmin":964,"ymin":1304,"xmax":1048,"ymax":1444}},{"name":"star","bndbox":{"xmin":944,"ymin":1436,"xmax":1088,"ymax":1560}},{"name":"star","bndbox":{"xmin":928,"ymin":1552,"xmax":1096,"ymax":1692}},{"name":" search","bndbox":{"xmin":736,"ymin":44,"xmax":904,"ymax":172}}]},"time_labeled":1697046213122,"labeled":true,"size":{"width":1080,"height":1920,"depth":3}}