{"path":"C:\\Samsung Prism\\myvenv\\datasets\\images\\train\\08\\17488.jpg","outputs":{"object":[{"name":" arrow backward","bndbox":{"xmin":14,"ymin":48,"xmax":58,"ymax":104}},{"name":" refresh","bndbox":{"xmin":422,"ymin":48,"xmax":476,"ymax":102}},{"name":" search","bndbox":{"xmin":484,"ymin":32,"xmax":540,"ymax":114}},{"name":" more","bndbox":{"xmin":480,"ymin":184,"xmax":518,"ymax":254}},{"name":" more","bndbox":{"xmin":480,"ymin":266,"xmax":530,"ymax":336}},{"name":" more","bndbox":{"xmin":474,"ymin":344,"xmax":520,"ymax":424}},{"name":" more","bndbox":{"xmin":484,"ymin":436,"xmax":530,"ymax":510}},{"name":" more","bndbox":{"xmin":478,"ymin":518,"xmax":520,"ymax":586}},{"name":" more","bndbox":{"xmin":476,"ymin":596,"xmax":526,"ymax":654}},{"name":" more","bndbox":{"xmin":478,"ymin":682,"xmax":526,"ymax":764}},{"name":" more","bndbox":{"xmin":478,"ymin":778,"xmax":520,"ymax":840}}]},"time_labeled":1697209468695,"labeled":true,"size":{"width":540,"height":960,"depth":3}}