{"path":"C:\\Samsung Prism\\myvenv\\datasets\\images\\train\\08\\17489.jpg","outputs":{"object":[{"name":" arrow backward","bndbox":{"xmin":124,"ymin":248,"xmax":180,"ymax":332}},{"name":" arrow forward","bndbox":{"xmin":266,"ymin":258,"xmax":308,"ymax":324}},{"name":" menu","bndbox":{"xmin":426,"ymin":6,"xmax":486,"ymax":62}},{"name":" Skip Previous","bndbox":{"xmin":122,"ymin":86,"xmax":196,"ymax":176}},{"name":" Skip Next","bndbox":{"xmin":350,"ymin":98,"xmax":414,"ymax":180}},{"name":" pause","bndbox":{"xmin":212,"ymin":78,"xmax":318,"ymax":172}}]},"time_labeled":1697209626191,"labeled":true,"size":{"width":540,"height":960,"depth":3}}