{"path":"C:\\Samsung Prism\\myvenv\\datasets\\images\\train\\08\\17480.jpg","outputs":{"object":[{"name":" menu","bndbox":{"xmin":20,"ymin":64,"xmax":120,"ymax":192}},{"name":" search","bndbox":{"xmin":852,"ymin":64,"xmax":964,"ymax":212}},{"name":" more","bndbox":{"xmin":976,"ymin":88,"xmax":1060,"ymax":208}},{"name":" play","bndbox":{"xmin":400,"ymin":380,"xmax":668,"ymax":620}},{"name":" share","bndbox":{"xmin":696,"ymin":428,"xmax":888,"ymax":608}},{"name":" Bluetooth","bndbox":{"xmin":828,"ymin":1176,"xmax":1028,"ymax":1344}}]},"time_labeled":1697209353474,"labeled":true,"size":{"width":1080,"height":1920,"depth":3}}