{"path":"C:\\Samsung Prism\\myvenv\\datasets\\images\\train\\08\\17492.jpg","outputs":{"object":[{"name":" menu","bndbox":{"xmin":2,"ymin":38,"xmax":68,"ymax":106}},{"name":" delete","bndbox":{"xmin":472,"ymin":40,"xmax":518,"ymax":98}},{"name":" delete","bndbox":{"xmin":480,"ymin":166,"xmax":552,"ymax":230}},{"name":" more","bndbox":{"xmin":470,"ymin":110,"xmax":564,"ymax":148}},{"name":" arrow forward","bndbox":{"xmin":340,"ymin":832,"xmax":384,"ymax":878}}]},"time_labeled":1697209775429,"labeled":true,"size":{"width":540,"height":960,"depth":3}}