{"path":"C:\\Samsung Prism\\myvenv\\datasets\\images\\train\\08\\17508.jpg","outputs":{"object":[{"name":" arrow backward","bndbox":{"xmin":2,"ymin":26,"xmax":82,"ymax":116}},{"name":" edit","bndbox":{"xmin":480,"ymin":36,"xmax":526,"ymax":108}},{"name":" Copy","bndbox":{"xmin":358,"ymin":42,"xmax":414,"ymax":102}},{"name":" share","bndbox":{"xmin":434,"ymin":384,"xmax":546,"ymax":478}},{"name":" Bluetooth","bndbox":{"xmin":38,"ymin":750,"xmax":130,"ymax":826}}]},"time_labeled":1697210250148,"labeled":true,"size":{"width":540,"height":960,"depth":3}}