{"path":"C:\\Samsung Prism\\myvenv\\datasets\\images\\train\\08\\17504.jpg","outputs":{"object":[{"name":" search","bndbox":{"xmin":916,"ymin":156,"xmax":1032,"ymax":288}},{"name":" check","bndbox":{"xmin":0,"ymin":296,"xmax":108,"ymax":420}},{"name":" check","bndbox":{"xmin":12,"ymin":428,"xmax":80,"ymax":544}},{"name":" check","bndbox":{"xmin":-4,"ymin":556,"xmax":108,"ymax":676}},{"name":" check","bndbox":{"xmin":4,"ymin":692,"xmax":108,"ymax":788}}]},"time_labeled":1697210141065,"labeled":true,"size":{"width":1080,"height":1920,"depth":3}}