{"path":"C:\\Samsung Prism\\myvenv\\datasets\\images\\train\\08\\17511.jpg","outputs":{"object":[{"name":" menu","bndbox":{"xmin":6,"ymin":32,"xmax":68,"ymax":94}},{"name":" search","bndbox":{"xmin":488,"ymin":30,"xmax":528,"ymax":104}},{"name":" share","bndbox":{"xmin":236,"ymin":702,"xmax":306,"ymax":766}},{"name":" Copy","bndbox":{"xmin":400,"ymin":702,"xmax":482,"ymax":764}},{"name":" Save/Bookmark","bndbox":{"xmin":76,"ymin":700,"xmax":140,"ymax":776}},{"name":" refresh","bndbox":{"xmin":426,"ymin":36,"xmax":474,"ymax":112}}]},"time_labeled":1697210422332,"labeled":true,"size":{"width":540,"height":960,"depth":3}}