{"path":"C:\\Samsung Prism\\myvenv\\datasets\\images\\train\\08\\17512.jpg","outputs":{"object":[{"name":" home","bndbox":{"xmin":20,"ymin":308,"xmax":68,"ymax":370}},{"name":" Save/Bookmark","bndbox":{"xmin":16,"ymin":440,"xmax":82,"ymax":498}},{"name":" settings","bndbox":{"xmin":18,"ymin":526,"xmax":68,"ymax":580}},{"name":"star","bndbox":{"xmin":16,"ymin":652,"xmax":64,"ymax":710}},{"name":" arrow forward","bndbox":{"xmin":476,"ymin":832,"xmax":528,"ymax":898}}]},"time_labeled":1697210486472,"labeled":true,"size":{"width":540,"height":960,"depth":3}}