{"path":"C:\\Samsung Prism\\myvenv\\datasets\\images\\04\\7049.jpg","outputs":{"object":[{"name":" Skip Next","bndbox":{"xmin":938,"ymin":468,"xmax":1002,"ymax":532}},{"name":" Skip Next","bndbox":{"xmin":950,"ymin":608,"xmax":998,"ymax":656}},{"name":" Skip Next","bndbox":{"xmin":946,"ymin":744,"xmax":998,"ymax":800}},{"name":" Skip Next","bndbox":{"xmin":946,"ymin":868,"xmax":1006,"ymax":928}},{"name":" Skip Next","bndbox":{"xmin":946,"ymin":1004,"xmax":1002,"ymax":1064}},{"name":" Skip Next","bndbox":{"xmin":950,"ymin":1136,"xmax":998,"ymax":1196}}]},"time_labeled":1697258975369,"labeled":true,"size":{"width":1080,"height":1920,"depth":3}}