{"path":"C:\\Samsung Prism\\myvenv\\datasets\\images\\04\\7059.jpg","outputs":{"object":[{"name":" share","bndbox":{"xmin":842,"ymin":96,"xmax":950,"ymax":164}},{"name":" settings","bndbox":{"xmin":974,"ymin":100,"xmax":1050,"ymax":176}},{"name":" Skip Next","bndbox":{"xmin":982,"ymin":776,"xmax":1054,"ymax":872}},{"name":" Skip Next","bndbox":{"xmin":982,"ymin":1008,"xmax":1038,"ymax":1080}},{"name":" Skip Next","bndbox":{"xmin":982,"ymin":1236,"xmax":1046,"ymax":1308}},{"name":" Bluetooth","bndbox":{"xmin":706,"ymin":-8,"xmax":762,"ymax":56}}]},"time_labeled":1697258964767,"labeled":true,"size":{"width":1080,"height":1920,"depth":3}}