{"path":"C:\\Samsung Prism\\myvenv\\datasets\\images\\04\\7071.jpg","outputs":{"object":[{"name":" share","bndbox":{"xmin":838,"ymin":88,"xmax":946,"ymax":176}},{"name":" settings","bndbox":{"xmin":974,"ymin":84,"xmax":1050,"ymax":172}},{"name":" Skip Next","bndbox":{"xmin":974,"ymin":756,"xmax":1034,"ymax":880}},{"name":" Skip Next","bndbox":{"xmin":982,"ymin":1004,"xmax":1046,"ymax":1080}},{"name":" Skip Next","bndbox":{"xmin":990,"ymin":1248,"xmax":1050,"ymax":1316}}]},"time_labeled":1697258936663,"labeled":true,"size":{"width":1080,"height":1920,"depth":3}}