{"path":"C:\\Samsung Prism\\myvenv\\datasets\\images\\04\\7217.jpg","outputs":{"object":[{"name":" share","bndbox":{"xmin":650,"ymin":80,"xmax":790,"ymax":172}},{"name":" expand more","bndbox":{"xmin":10,"ymin":584,"xmax":66,"ymax":648}},{"name":" expand more","bndbox":{"xmin":18,"ymin":712,"xmax":86,"ymax":764}},{"name":" expand more","bndbox":{"xmin":10,"ymin":836,"xmax":66,"ymax":888}},{"name":" expand more","bndbox":{"xmin":2,"ymin":964,"xmax":70,"ymax":1004}},{"name":" expand more","bndbox":{"xmin":10,"ymin":1072,"xmax":70,"ymax":1132}},{"name":" expand more","bndbox":{"xmin":6,"ymin":1204,"xmax":82,"ymax":1272}},{"name":" expand more","bndbox":{"xmin":10,"ymin":1328,"xmax":82,"ymax":1396}},{"name":" expand more","bndbox":{"xmin":10,"ymin":1460,"xmax":70,"ymax":1504}},{"name":" expand more","bndbox":{"xmin":10,"ymin":1584,"xmax":66,"ymax":1620}},{"name":" expand more","bndbox":{"xmin":6,"ymin":1696,"xmax":70,"ymax":1756}}]},"time_labeled":1697260522774,"labeled":true,"size":{"width":1080,"height":1920,"depth":3}}