{"path":"C:\\Samsung Prism\\myvenv\\datasets\\images\\04\\7254.jpg","outputs":{"object":[{"name":" menu","bndbox":{"xmin":23,"ymin":98,"xmax":83,"ymax":146}},{"name":" arrow backward","bndbox":{"xmin":5,"ymin":36,"xmax":51,"ymax":74}},{"name":" expand more","bndbox":{"xmin":447,"ymin":666,"xmax":483,"ymax":700}},{"name":" expand more","bndbox":{"xmin":381,"ymin":542,"xmax":403,"ymax":568}},{"name":" expand more","bndbox":{"xmin":453,"ymin":782,"xmax":475,"ymax":800}},{"name":" more","bndbox":{"xmin":463,"ymin":850,"xmax":513,"ymax":870}}]},"time_labeled":1697260977220,"labeled":true,"size":{"width":540,"height":960,"depth":3}}