{"path":"C:\\Samsung Prism\\myvenv\\datasets\\images\\04\\7277.jpg","outputs":{"object":[{"name":" more","bndbox":{"xmin":938,"ymin":868,"xmax":994,"ymax":952}},{"name":" more","bndbox":{"xmin":942,"ymin":1004,"xmax":990,"ymax":1104}},{"name":" more","bndbox":{"xmin":934,"ymin":1124,"xmax":1014,"ymax":1260}},{"name":" more","bndbox":{"xmin":946,"ymin":1284,"xmax":990,"ymax":1368}},{"name":" arrow backward","bndbox":{"xmin":18,"ymin":96,"xmax":106,"ymax":168}},{"name":" chat","bndbox":{"xmin":962,"ymin":84,"xmax":1050,"ymax":184}},{"name":" share","bndbox":{"xmin":890,"ymin":288,"xmax":942,"ymax":364}}]},"time_labeled":1697277774132,"labeled":true,"size":{"width":1080,"height":1920,"depth":3}}