{"path":"C:\\Samsung Prism\\myvenv\\datasets\\images\\04\\7375.jpg","outputs":{"object":[{"name":" arrow forward","bndbox":{"xmin":489,"ymin":174,"xmax":519,"ymax":222}},{"name":" arrow forward","bndbox":{"xmin":479,"ymin":242,"xmax":523,"ymax":290}},{"name":" arrow forward","bndbox":{"xmin":489,"ymin":316,"xmax":525,"ymax":364}},{"name":" arrow forward","bndbox":{"xmin":485,"ymin":392,"xmax":517,"ymax":438}},{"name":" arrow forward","bndbox":{"xmin":487,"ymin":464,"xmax":513,"ymax":504}},{"name":" arrow forward","bndbox":{"xmin":485,"ymin":530,"xmax":527,"ymax":592}},{"name":" arrow forward","bndbox":{"xmin":485,"ymin":610,"xmax":517,"ymax":652}},{"name":" arrow forward","bndbox":{"xmin":489,"ymin":684,"xmax":519,"ymax":724}},{"name":" info","bndbox":{"xmin":403,"ymin":32,"xmax":449,"ymax":86}},{"name":" notifications","bndbox":{"xmin":467,"ymin":36,"xmax":527,"ymax":90}}]},"time_labeled":1697279649265,"labeled":true,"size":{"width":540,"height":960,"depth":3}}