{"path":"C:\\Samsung Prism\\myvenv\\datasets\\images\\04\\7397.jpg","outputs":{"object":[{"name":" close","bndbox":{"xmin":479,"ymin":38,"xmax":527,"ymax":96}},{"name":" arrow backward","bndbox":{"xmin":15,"ymin":42,"xmax":63,"ymax":94}},{"name":" check","bndbox":{"xmin":465,"ymin":180,"xmax":513,"ymax":228}},{"name":" check","bndbox":{"xmin":463,"ymin":440,"xmax":513,"ymax":482}},{"name":" check","bndbox":{"xmin":475,"ymin":544,"xmax":515,"ymax":604}},{"name":" check","bndbox":{"xmin":467,"ymin":634,"xmax":511,"ymax":686}},{"name":" check","bndbox":{"xmin":465,"ymin":740,"xmax":513,"ymax":806}}]},"time_labeled":1697280090530,"labeled":true,"size":{"width":540,"height":960,"depth":3}}