{"path":"C:\\Samsung Prism\\myvenv\\datasets\\images\\04\\7415.jpg","outputs":{"object":[{"name":" arrow forward","bndbox":{"xmin":946,"ymin":452,"xmax":1002,"ymax":532}},{"name":" arrow forward","bndbox":{"xmin":934,"ymin":576,"xmax":1002,"ymax":656}},{"name":" arrow forward","bndbox":{"xmin":934,"ymin":704,"xmax":998,"ymax":812}},{"name":" arrow forward","bndbox":{"xmin":942,"ymin":848,"xmax":1002,"ymax":932}},{"name":" arrow forward","bndbox":{"xmin":934,"ymin":984,"xmax":1006,"ymax":1088}},{"name":" arrow forward","bndbox":{"xmin":950,"ymin":1120,"xmax":998,"ymax":1212}},{"name":" arrow forward","bndbox":{"xmin":938,"ymin":1236,"xmax":1010,"ymax":1340}},{"name":" arrow forward","bndbox":{"xmin":958,"ymin":1380,"xmax":1002,"ymax":1464}},{"name":" arrow forward","bndbox":{"xmin":934,"ymin":1504,"xmax":1006,"ymax":1596}},{"name":" arrow forward","bndbox":{"xmin":934,"ymin":1620,"xmax":1010,"ymax":1728}}]},"time_labeled":1697282084393,"labeled":true,"size":{"width":1080,"height":1920,"depth":3}}