{"path":"C:\\Samsung Prism\\myvenv\\datasets\\images\\04\\7417.jpg","outputs":{"object":[{"name":" arrow forward","bndbox":{"xmin":930,"ymin":596,"xmax":1006,"ymax":684}},{"name":" arrow forward","bndbox":{"xmin":926,"ymin":740,"xmax":1006,"ymax":804}},{"name":" arrow forward","bndbox":{"xmin":938,"ymin":872,"xmax":1022,"ymax":948}},{"name":" arrow forward","bndbox":{"xmin":950,"ymin":1012,"xmax":998,"ymax":1064}},{"name":" arrow forward","bndbox":{"xmin":942,"ymin":1128,"xmax":1002,"ymax":1216}}]},"time_labeled":1697282161316,"labeled":true,"size":{"width":1080,"height":1920,"depth":3}}