{"path":"C:\\Samsung Prism\\myvenv\\datasets\\images\\04\\7418.jpg","outputs":{"object":[{"name":" arrow forward","bndbox":{"xmin":938,"ymin":460,"xmax":998,"ymax":532}},{"name":" arrow forward","bndbox":{"xmin":946,"ymin":592,"xmax":1006,"ymax":668}},{"name":" arrow forward","bndbox":{"xmin":946,"ymin":728,"xmax":998,"ymax":796}},{"name":" arrow forward","bndbox":{"xmin":950,"ymin":856,"xmax":994,"ymax":928}},{"name":" arrow forward","bndbox":{"xmin":926,"ymin":996,"xmax":1006,"ymax":1064}},{"name":" arrow forward","bndbox":{"xmin":938,"ymin":1116,"xmax":1018,"ymax":1180}},{"name":" arrow forward","bndbox":{"xmin":946,"ymin":1240,"xmax":1002,"ymax":1324}},{"name":" arrow forward","bndbox":{"xmin":950,"ymin":1360,"xmax":1006,"ymax":1464}},{"name":" arrow forward","bndbox":{"xmin":938,"ymin":1508,"xmax":1002,"ymax":1576}}]},"time_labeled":1697282186779,"labeled":true,"size":{"width":1080,"height":1920,"depth":3}}