{"path":"C:\\Samsung Prism\\myvenv\\datasets\\images\\04\\7420.jpg","outputs":{"object":[{"name":" arrow forward","bndbox":{"xmin":914,"ymin":248,"xmax":978,"ymax":340}},{"name":" arrow forward","bndbox":{"xmin":910,"ymin":400,"xmax":982,"ymax":488}},{"name":" arrow forward","bndbox":{"xmin":902,"ymin":576,"xmax":982,"ymax":640}},{"name":" arrow forward","bndbox":{"xmin":890,"ymin":728,"xmax":982,"ymax":812}},{"name":" arrow forward","bndbox":{"xmin":886,"ymin":880,"xmax":982,"ymax":984}},{"name":" arrow forward","bndbox":{"xmin":906,"ymin":1044,"xmax":978,"ymax":1132}},{"name":" arrow forward","bndbox":{"xmin":910,"ymin":1216,"xmax":974,"ymax":1292}},{"name":" arrow forward","bndbox":{"xmin":902,"ymin":1364,"xmax":974,"ymax":1452}},{"name":" arrow forward","bndbox":{"xmin":910,"ymin":1532,"xmax":982,"ymax":1620}},{"name":" arrow forward","bndbox":{"xmin":882,"ymin":1688,"xmax":970,"ymax":1764}}]},"time_labeled":1697282221879,"labeled":true,"size":{"width":1080,"height":1920,"depth":3}}