{"path":"C:\\Samsung Prism\\myvenv\\datasets\\images\\04\\7441.jpg","outputs":{"object":[{"name":" arrow backward","bndbox":{"xmin":21,"ymin":44,"xmax":69,"ymax":86}},{"name":" arrow forward","bndbox":{"xmin":467,"ymin":294,"xmax":505,"ymax":328}},{"name":" arrow forward","bndbox":{"xmin":467,"ymin":370,"xmax":505,"ymax":418}},{"name":" arrow forward","bndbox":{"xmin":479,"ymin":444,"xmax":507,"ymax":496}}]},"time_labeled":1697282442767,"labeled":true,"size":{"width":540,"height":960,"depth":3}}