{"path":"C:\\Samsung Prism\\myvenv\\datasets\\images\\04\\7489.jpg","outputs":{"object":[{"name":" send","bndbox":{"xmin":958,"ymin":148,"xmax":1026,"ymax":232}},{"name":" send","bndbox":{"xmin":950,"ymin":320,"xmax":1042,"ymax":392}},{"name":" send","bndbox":{"xmin":958,"ymin":500,"xmax":1026,"ymax":576}},{"name":" send","bndbox":{"xmin":958,"ymin":652,"xmax":1046,"ymax":752}},{"name":" send","bndbox":{"xmin":942,"ymin":844,"xmax":1030,"ymax":912}},{"name":" send","bndbox":{"xmin":954,"ymin":1000,"xmax":1038,"ymax":1096}},{"name":" send","bndbox":{"xmin":954,"ymin":1184,"xmax":1030,"ymax":1276}},{"name":" send","bndbox":{"xmin":962,"ymin":1348,"xmax":1042,"ymax":1436}},{"name":" send","bndbox":{"xmin":946,"ymin":1524,"xmax":1018,"ymax":1596}}]},"time_labeled":1697283068722,"labeled":true,"size":{"width":1080,"height":1920,"depth":3}}