{"path":"C:\\Samsung Prism\\myvenv\\datasets\\images\\04\\7496.jpg","outputs":{"object":[{"name":" menu","bndbox":{"xmin":15,"ymin":46,"xmax":59,"ymax":86}},{"name":" search","bndbox":{"xmin":363,"ymin":42,"xmax":409,"ymax":88}},{"name":" more","bndbox":{"xmin":503,"ymin":44,"xmax":523,"ymax":96}},{"name":" more","bndbox":{"xmin":471,"ymin":180,"xmax":505,"ymax":222}},{"name":" more","bndbox":{"xmin":479,"ymin":264,"xmax":505,"ymax":312}}]},"time_labeled":1697283336784,"labeled":true,"size":{"width":540,"height":960,"depth":3}}