{"path":"C:\\Samsung Prism\\myvenv\\datasets\\images\\04\\7499.jpg","outputs":{"object":[{"name":" menu","bndbox":{"xmin":13,"ymin":40,"xmax":57,"ymax":86}},{"name":" search","bndbox":{"xmin":373,"ymin":42,"xmax":407,"ymax":88}},{"name":" more","bndbox":{"xmin":497,"ymin":44,"xmax":519,"ymax":90}},{"name":" more","bndbox":{"xmin":491,"ymin":176,"xmax":519,"ymax":234}},{"name":" more","bndbox":{"xmin":487,"ymin":266,"xmax":517,"ymax":304}},{"name":" play","bndbox":{"xmin":481,"ymin":824,"xmax":529,"ymax":878}}]},"time_labeled":1697283439164,"labeled":true,"size":{"width":540,"height":960,"depth":3}}