{"path":"C:\\Samsung Prism\\myvenv\\datasets\\images\\04\\7501.jpg","outputs":{"object":[{"name":" more","bndbox":{"xmin":479,"ymin":176,"xmax":507,"ymax":236}},{"name":" more","bndbox":{"xmin":497,"ymin":38,"xmax":525,"ymax":94}},{"name":" search","bndbox":{"xmin":369,"ymin":46,"xmax":415,"ymax":86}},{"name":" menu","bndbox":{"xmin":17,"ymin":46,"xmax":73,"ymax":94}},{"name":" play","bndbox":{"xmin":475,"ymin":832,"xmax":525,"ymax":878}}]},"time_labeled":1697283476607,"labeled":true,"size":{"width":540,"height":960,"depth":3}}