{"path":"C:\\Samsung Prism\\myvenv\\datasets\\images\\04\\7503.jpg","outputs":{"object":[{"name":" more","bndbox":{"xmin":495,"ymin":42,"xmax":523,"ymax":96}},{"name":" more","bndbox":{"xmin":487,"ymin":186,"xmax":511,"ymax":232}},{"name":" more","bndbox":{"xmin":487,"ymin":260,"xmax":511,"ymax":302}},{"name":" more","bndbox":{"xmin":495,"ymin":338,"xmax":507,"ymax":386}},{"name":" menu","bndbox":{"xmin":17,"ymin":40,"xmax":69,"ymax":94}},{"name":" search","bndbox":{"xmin":375,"ymin":46,"xmax":417,"ymax":88}}]},"time_labeled":1697283519171,"labeled":true,"size":{"width":540,"height":960,"depth":3}}