{"path":"C:\\Samsung Prism\\myvenv\\datasets\\images\\04\\7519.jpg","outputs":{"object":[{"name":" more","bndbox":{"xmin":978,"ymin":76,"xmax":1030,"ymax":168}},{"name":" arrow forward","bndbox":{"xmin":562,"ymin":200,"xmax":606,"ymax":296}},{"name":" arrow forward","bndbox":{"xmin":558,"ymin":320,"xmax":610,"ymax":424}},{"name":" arrow forward","bndbox":{"xmin":566,"ymin":460,"xmax":606,"ymax":560}},{"name":" arrow forward","bndbox":{"xmin":554,"ymin":584,"xmax":614,"ymax":680}},{"name":" arrow forward","bndbox":{"xmin":566,"ymin":712,"xmax":606,"ymax":812}},{"name":" arrow forward","bndbox":{"xmin":558,"ymin":1372,"xmax":626,"ymax":1496}},{"name":" home","bndbox":{"xmin":10,"ymin":200,"xmax":98,"ymax":304}},{"name":" menu","bndbox":{"xmin":-2,"ymin":84,"xmax":30,"ymax":148}}]},"time_labeled":1697283703682,"labeled":true,"size":{"width":1080,"height":1920,"depth":3}}