{"path":"C:\\Samsung Prism\\myvenv\\datasets\\images\\04\\7522.jpg","outputs":{"object":[{"name":" more","bndbox":{"xmin":994,"ymin":56,"xmax":1026,"ymax":180}},{"name":" arrow forward","bndbox":{"xmin":962,"ymin":756,"xmax":1054,"ymax":848}},{"name":" arrow forward","bndbox":{"xmin":966,"ymin":1016,"xmax":1018,"ymax":1108}},{"name":" arrow forward","bndbox":{"xmin":962,"ymin":1276,"xmax":1026,"ymax":1380}},{"name":" arrow forward","bndbox":{"xmin":954,"ymin":1532,"xmax":1034,"ymax":1656}}]},"time_labeled":1697283758232,"labeled":true,"size":{"width":1080,"height":1920,"depth":3}}