{"path":"C:\\Samsung Prism\\myvenv\\datasets\\images\\04\\7541.jpg","outputs":{"object":[{"name":" arrow forward","bndbox":{"xmin":1006,"ymin":928,"xmax":1070,"ymax":1020}},{"name":" arrow forward","bndbox":{"xmin":1018,"ymin":1024,"xmax":1058,"ymax":1100}},{"name":" arrow forward","bndbox":{"xmin":1010,"ymin":1136,"xmax":1066,"ymax":1204}},{"name":" arrow forward","bndbox":{"xmin":1010,"ymin":1228,"xmax":1062,"ymax":1324}},{"name":" chat","bndbox":{"xmin":382,"ymin":1660,"xmax":434,"ymax":1740}}]},"time_labeled":1697283998514,"labeled":true,"size":{"width":1080,"height":1920,"depth":3}}