{"path":"C:\\Samsung Prism\\myvenv\\datasets\\images\\train\\33518.jpg","outputs":{"object":[{"name":" play","bndbox":{"xmin":981,"ymin":100,"xmax":1053,"ymax":178}},{"name":" settings","bndbox":{"xmin":948,"ymin":507,"xmax":1032,"ymax":588}},{"name":" play","bndbox":{"xmin":945,"ymin":683,"xmax":1044,"ymax":773}},{"name":" play","bndbox":{"xmin":945,"ymin":857,"xmax":1041,"ymax":953}},{"name":" play","bndbox":{"xmin":945,"ymin":1037,"xmax":1041,"ymax":1133}},{"name":" play","bndbox":{"xmin":945,"ymin":1219,"xmax":1041,"ymax":1309}},{"name":" play","bndbox":{"xmin":948,"ymin":1400,"xmax":1041,"ymax":1493}},{"name":" close","bndbox":{"xmin":1041,"ymin":1584,"xmax":1080,"ymax":1629}}]},"time_labeled":1695834030601,"labeled":true,"size":{"width":1080,"height":1920,"depth":3}}