{"path":"C:\\Samsung Prism\\myvenv\\datasets\\images\\train\\33520.jpg","outputs":{"object":[{"name":" play","bndbox":{"xmin":860,"ymin":100,"xmax":921,"ymax":172}},{"name":" search","bndbox":{"xmin":981,"ymin":100,"xmax":1056,"ymax":184}},{"name":" settings","bndbox":{"xmin":936,"ymin":376,"xmax":1035,"ymax":472}},{"name":" play","bndbox":{"xmin":945,"ymin":557,"xmax":1044,"ymax":653}},{"name":" play","bndbox":{"xmin":939,"ymin":728,"xmax":1047,"ymax":833}},{"name":" play","bndbox":{"xmin":945,"ymin":905,"xmax":1041,"ymax":1001}},{"name":" play","bndbox":{"xmin":945,"ymin":1085,"xmax":1035,"ymax":1181}},{"name":" play","bndbox":{"xmin":945,"ymin":1253,"xmax":1053,"ymax":1361}},{"name":" play","bndbox":{"xmin":939,"ymin":1436,"xmax":1047,"ymax":1533}}]},"time_labeled":1695833809848,"labeled":true,"size":{"width":1080,"height":1920,"depth":3}}