{"path":"C:\\Samsung Prism\\myvenv\\datasets\\images\\train\\33538.jpg","outputs":{"object":[{"name":" arrow backward","bndbox":{"xmin":8,"ymin":76,"xmax":68,"ymax":175}},{"name":"star","bndbox":{"xmin":674,"ymin":208,"xmax":776,"ymax":325}},{"name":" emoji","bndbox":{"xmin":488,"ymin":211,"xmax":599,"ymax":319}},{"name":" arrow forward","bndbox":{"xmin":936,"ymin":1689,"xmax":1005,"ymax":1770}},{"name":" close","bndbox":{"xmin":1041,"ymin":1662,"xmax":1077,"ymax":1698}}]},"time_labeled":1695834638117,"labeled":true,"size":{"width":1080,"height":1920,"depth":3}}