{"path":"C:\\Samsung Prism\\myvenv\\datasets\\images\\train\\33551.jpg","outputs":{"object":[{"name":" arrow backward","bndbox":{"xmin":12,"ymin":76,"xmax":72,"ymax":175}},{"name":"star","bndbox":{"xmin":673,"ymin":208,"xmax":781,"ymax":328}},{"name":" emoji","bndbox":{"xmin":484,"ymin":208,"xmax":601,"ymax":316}},{"name":" arrow forward","bndbox":{"xmin":931,"ymin":1686,"xmax":997,"ymax":1782}},{"name":" close","bndbox":{"xmin":1039,"ymin":1662,"xmax":1084,"ymax":1704}}]},"time_labeled":1695836253251,"labeled":true,"size":{"width":1080,"height":1920,"depth":3}}