{"path":"C:\\Samsung Prism\\myvenv\\datasets\\images\\train\\33577.jpg","outputs":{"object":[{"name":" arrow backward","bndbox":{"xmin":19,"ymin":52,"xmax":55,"ymax":83}},{"name":" more","bndbox":{"xmin":504,"ymin":50,"xmax":522,"ymax":94}},{"name":" check","bndbox":{"xmin":319,"ymin":850,"xmax":349,"ymax":874}},{"name":"star","bndbox":{"xmin":414,"ymin":293,"xmax":434,"ymax":320}},{"name":"star","bndbox":{"xmin":217,"ymin":599,"xmax":237,"ymax":625}}]},"time_labeled":1695869296558,"labeled":true,"size":{"width":540,"height":960,"depth":3}}