{"path":"C:\\Samsung Prism\\myvenv\\datasets\\images\\train\\33572.jpg","outputs":{"object":[{"name":" arrow backward","bndbox":{"xmin":67,"ymin":218,"xmax":91,"ymax":254}},{"name":" arrow forward","bndbox":{"xmin":444,"ymin":215,"xmax":468,"ymax":254}},{"name":" menu","bndbox":{"xmin":19,"ymin":52,"xmax":55,"ymax":82}},{"name":" notifications","bndbox":{"xmin":438,"ymin":50,"xmax":474,"ymax":86}},{"name":" more","bndbox":{"xmin":502,"ymin":49,"xmax":517,"ymax":91}}]},"time_labeled":1695868904252,"labeled":true,"size":{"width":540,"height":960,"depth":3}}