{"path":"C:\\Samsung Prism\\myvenv\\datasets\\images\\train\\33576.jpg","outputs":{"object":[{"name":" arrow backward","bndbox":{"xmin":16,"ymin":41,"xmax":49,"ymax":94}},{"name":" more","bndbox":{"xmin":498,"ymin":44,"xmax":522,"ymax":92}},{"name":" search","bndbox":{"xmin":477,"ymin":146,"xmax":516,"ymax":194}},{"name":"star","bndbox":{"xmin":414,"ymin":358,"xmax":432,"ymax":380}},{"name":"star","bndbox":{"xmin":218,"ymin":692,"xmax":238,"ymax":710}}]},"time_labeled":1695869232549,"labeled":true,"size":{"width":540,"height":960,"depth":3}}