{"path":"C:\\Samsung Prism\\myvenv\\datasets\\images\\train\\33589.jpg","outputs":{"object":[{"name":" arrow backward","bndbox":{"xmin":48,"ymin":94,"xmax":109,"ymax":166}},{"name":" search","bndbox":{"xmin":964,"ymin":88,"xmax":1057,"ymax":184}},{"name":" share","bndbox":{"xmin":18,"ymin":653,"xmax":157,"ymax":788}},{"name":" add","bndbox":{"xmin":232,"ymin":701,"xmax":277,"ymax":737}},{"name":" play","bndbox":{"xmin":30,"ymin":1112,"xmax":72,"ymax":1172}}]},"time_labeled":1695870049225,"labeled":true,"size":{"width":1080,"height":1920,"depth":3}}