{"path":"C:\\Samsung Prism\\myvenv\\datasets\\images\\train\\33582.jpg","outputs":{"object":[{"name":" arrow backward","bndbox":{"xmin":42,"ymin":100,"xmax":96,"ymax":172}},{"name":" search","bndbox":{"xmin":973,"ymin":91,"xmax":1051,"ymax":187}},{"name":" share","bndbox":{"xmin":36,"ymin":656,"xmax":133,"ymax":776}},{"name":" play","bndbox":{"xmin":36,"ymin":1124,"xmax":72,"ymax":1172}},{"name":" add","bndbox":{"xmin":229,"ymin":689,"xmax":280,"ymax":743}}]},"time_labeled":1695869761375,"labeled":true,"size":{"width":1080,"height":1920,"depth":3}}