{"path":"C:\\Samsung Prism\\myvenv\\datasets\\images\\train\\33586.jpg","outputs":{"object":[{"name":" arrow backward","bndbox":{"xmin":42,"ymin":103,"xmax":109,"ymax":178}},{"name":" search","bndbox":{"xmin":973,"ymin":100,"xmax":1057,"ymax":184}},{"name":" share","bndbox":{"xmin":42,"ymin":803,"xmax":136,"ymax":923}},{"name":" add","bndbox":{"xmin":229,"ymin":836,"xmax":283,"ymax":893}},{"name":" play","bndbox":{"xmin":36,"ymin":1259,"xmax":72,"ymax":1313}}]},"time_labeled":1695869967398,"labeled":true,"size":{"width":1080,"height":1920,"depth":3}}