{"path":"C:\\Samsung Prism\\myvenv\\datasets\\images\\train\\33583.jpg","outputs":{"object":[{"name":" add","bndbox":{"xmin":229,"ymin":845,"xmax":277,"ymax":887}},{"name":" arrow backward","bndbox":{"xmin":39,"ymin":103,"xmax":121,"ymax":172}},{"name":" search","bndbox":{"xmin":973,"ymin":79,"xmax":1063,"ymax":199}},{"name":" share","bndbox":{"xmin":39,"ymin":800,"xmax":145,"ymax":917}},{"name":" play","bndbox":{"xmin":30,"ymin":1271,"xmax":75,"ymax":1325}}]},"time_labeled":1695869849441,"labeled":true,"size":{"width":1080,"height":1920,"depth":3}}