{"path":"C:\\Samsung Prism\\myvenv\\datasets\\images\\train\\33592.jpg","outputs":{"object":[{"name":" arrow backward","bndbox":{"xmin":42,"ymin":103,"xmax":109,"ymax":166}},{"name":" search","bndbox":{"xmin":973,"ymin":88,"xmax":1060,"ymax":196}},{"name":" share","bndbox":{"xmin":48,"ymin":797,"xmax":148,"ymax":932}},{"name":" add","bndbox":{"xmin":229,"ymin":839,"xmax":277,"ymax":893}},{"name":" play","bndbox":{"xmin":36,"ymin":1241,"xmax":72,"ymax":1289}}]},"time_labeled":1695873836845,"labeled":true,"size":{"width":1080,"height":1920,"depth":3}}