{"path":"C:\\Samsung Prism\\myvenv\\datasets\\images\\train\\33619.jpg","outputs":{"object":[{"name":" arrow backward","bndbox":{"xmin":1,"ymin":44,"xmax":19,"ymax":82}},{"name":" arrow backward","bndbox":{"xmin":91,"ymin":116,"xmax":109,"ymax":158}},{"name":" notifications","bndbox":{"xmin":331,"ymin":41,"xmax":373,"ymax":86}},{"name":" Cart","bndbox":{"xmin":402,"ymin":44,"xmax":456,"ymax":86}},{"name":" more","bndbox":{"xmin":492,"ymin":38,"xmax":512,"ymax":89}},{"name":" check","bndbox":{"xmin":494,"ymin":230,"xmax":528,"ymax":260}}]},"time_labeled":1695874711534,"labeled":true,"size":{"width":540,"height":960,"depth":3}}