{"path":"C:\\Samsung Prism\\myvenv\\datasets\\images\\train\\33618.jpg","outputs":{"object":[{"name":" arrow backward","bndbox":{"xmin":1,"ymin":50,"xmax":19,"ymax":74}},{"name":" notifications","bndbox":{"xmin":325,"ymin":43,"xmax":372,"ymax":82}},{"name":" Cart","bndbox":{"xmin":402,"ymin":44,"xmax":452,"ymax":86}},{"name":" menu","bndbox":{"xmin":483,"ymin":38,"xmax":516,"ymax":92}},{"name":" check","bndbox":{"xmin":492,"ymin":299,"xmax":525,"ymax":332}},{"name":" arrow backward","bndbox":{"xmin":91,"ymin":116,"xmax":110,"ymax":161}},{"name":" search","bndbox":{"xmin":14,"ymin":110,"xmax":55,"ymax":164}},{"name":" settings","bndbox":{"xmin":13,"ymin":194,"xmax":46,"ymax":239}}]},"time_labeled":1695874641874,"labeled":true,"size":{"width":540,"height":960,"depth":3}}