{"path":"C:\\Samsung Prism\\myvenv\\datasets\\images\\train\\33617.jpg","outputs":{"object":[{"name":" arrow backward","bndbox":{"xmin":1,"ymin":44,"xmax":19,"ymax":80}},{"name":" notifications","bndbox":{"xmin":325,"ymin":38,"xmax":376,"ymax":86}},{"name":" Cart","bndbox":{"xmin":398,"ymin":40,"xmax":456,"ymax":86}},{"name":" menu","bndbox":{"xmin":490,"ymin":43,"xmax":513,"ymax":77}},{"name":" search","bndbox":{"xmin":13,"ymin":116,"xmax":55,"ymax":158}},{"name":" add","bndbox":{"xmin":187,"ymin":116,"xmax":226,"ymax":158}},{"name":" expand more","bndbox":{"xmin":313,"ymin":136,"xmax":344,"ymax":154}},{"name":" settings","bndbox":{"xmin":14,"ymin":200,"xmax":46,"ymax":233}}]},"time_labeled":1695874542906,"labeled":true,"size":{"width":540,"height":960,"depth":3}}