{"path":"C:\\Samsung Prism\\myvenv\\datasets\\images\\train\\33620.jpg","outputs":{"object":[{"name":" arrow backward","bndbox":{"xmin":1,"ymin":44,"xmax":19,"ymax":80}},{"name":" arrow backward","bndbox":{"xmin":85,"ymin":116,"xmax":115,"ymax":158}},{"name":" notifications","bndbox":{"xmin":331,"ymin":38,"xmax":368,"ymax":86}},{"name":" Cart","bndbox":{"xmin":402,"ymin":44,"xmax":468,"ymax":86}},{"name":" more","bndbox":{"xmin":489,"ymin":34,"xmax":513,"ymax":88}},{"name":" search","bndbox":{"xmin":16,"ymin":113,"xmax":58,"ymax":158}},{"name":" settings","bndbox":{"xmin":13,"ymin":200,"xmax":49,"ymax":236}}]},"time_labeled":1695874783207,"labeled":true,"size":{"width":540,"height":960,"depth":3}}