{"path":"C:\\Samsung Prism\\myvenv\\datasets\\images\\train\\33621.jpg","outputs":{"object":[{"name":" arrow backward","bndbox":{"xmin":1,"ymin":50,"xmax":19,"ymax":80}},{"name":" notifications","bndbox":{"xmin":326,"ymin":44,"xmax":373,"ymax":83}},{"name":" Cart","bndbox":{"xmin":402,"ymin":38,"xmax":456,"ymax":86}},{"name":" more","bndbox":{"xmin":489,"ymin":41,"xmax":516,"ymax":94}},{"name":" search","bndbox":{"xmin":14,"ymin":116,"xmax":55,"ymax":155}},{"name":" settings","bndbox":{"xmin":13,"ymin":197,"xmax":49,"ymax":239}},{"name":" expand more","bndbox":{"xmin":486,"ymin":524,"xmax":530,"ymax":542}}]},"time_labeled":1695874860413,"labeled":true,"size":{"width":540,"height":960,"depth":3}}