{"path":"C:\\Samsung Prism\\myvenv\\datasets\\images\\train\\33622.jpg","outputs":{"object":[{"name":" arrow backward","bndbox":{"xmin":-1,"ymin":44,"xmax":22,"ymax":82}},{"name":" notifications","bndbox":{"xmin":326,"ymin":44,"xmax":373,"ymax":86}},{"name":" Cart","bndbox":{"xmin":402,"ymin":38,"xmax":456,"ymax":86}},{"name":" more","bndbox":{"xmin":486,"ymin":41,"xmax":516,"ymax":89}},{"name":" search","bndbox":{"xmin":13,"ymin":116,"xmax":52,"ymax":158}},{"name":" add","bndbox":{"xmin":188,"ymin":116,"xmax":229,"ymax":164}},{"name":" expand more","bndbox":{"xmin":319,"ymin":137,"xmax":343,"ymax":152}},{"name":" settings","bndbox":{"xmin":8,"ymin":200,"xmax":50,"ymax":239}}]},"time_labeled":1695892795801,"labeled":true,"size":{"width":540,"height":960,"depth":3}}