{"path":"C:\\Samsung Prism\\myvenv\\datasets\\images\\train\\33664.jpg","outputs":{"object":[{"name":" menu","bndbox":{"xmin":6,"ymin":79,"xmax":112,"ymax":172}},{"name":" menu","bndbox":{"xmin":0,"ymin":286,"xmax":90,"ymax":364}},{"name":" share","bndbox":{"xmin":985,"ymin":292,"xmax":1069,"ymax":346}},{"name":" search","bndbox":{"xmin":607,"ymin":76,"xmax":709,"ymax":175}},{"name":" pause","bndbox":{"xmin":472,"ymin":1584,"xmax":607,"ymax":1722}},{"name":" Skip Next","bndbox":{"xmin":625,"ymin":1620,"xmax":691,"ymax":1698}},{"name":" Skip Previous","bndbox":{"xmin":385,"ymin":1626,"xmax":457,"ymax":1698}}]},"time_labeled":1695905620123,"labeled":true,"size":{"width":1080,"height":1920,"depth":3}}