{"path":"C:\\Samsung Prism\\myvenv\\datasets\\images\\train\\33677.jpg","outputs":{"object":[{"name":" close","bndbox":{"xmin":486,"ymin":58,"xmax":510,"ymax":86}},{"name":" emoji","bndbox":{"xmin":73,"ymin":394,"xmax":98,"ymax":422}},{"name":" emoji","bndbox":{"xmin":61,"ymin":428,"xmax":104,"ymax":478}},{"name":" emoji","bndbox":{"xmin":112,"ymin":436,"xmax":145,"ymax":476}},{"name":" emoji","bndbox":{"xmin":103,"ymin":401,"xmax":133,"ymax":430}}]},"time_labeled":1695906299967,"labeled":true,"size":{"width":540,"height":960,"depth":3}}