{"path":"C:\\Samsung Prism\\myvenv\\datasets\\images\\train\\33674.jpg","outputs":{"object":[{"name":" close","bndbox":{"xmin":470,"ymin":47,"xmax":522,"ymax":92}},{"name":" emoji","bndbox":{"xmin":61,"ymin":433,"xmax":104,"ymax":477}},{"name":" emoji","bndbox":{"xmin":75,"ymin":397,"xmax":97,"ymax":424}},{"name":" emoji","bndbox":{"xmin":106,"ymin":404,"xmax":128,"ymax":428}},{"name":" emoji","bndbox":{"xmin":108,"ymin":435,"xmax":146,"ymax":473}},{"name":" notifications","bndbox":{"xmin":239,"ymin":402,"xmax":301,"ymax":468}},{"name":" emoji","bndbox":{"xmin":221,"ymin":647,"xmax":271,"ymax":700}}]},"time_labeled":1695906053910,"labeled":true,"size":{"width":540,"height":960,"depth":3}}