{"path":"C:\\Samsung Prism\\myvenv\\datasets\\images\\train\\33676.jpg","outputs":{"object":[{"name":" emoji","bndbox":{"xmin":58,"ymin":434,"xmax":103,"ymax":476}},{"name":" emoji","bndbox":{"xmin":110,"ymin":434,"xmax":145,"ymax":470}},{"name":" emoji","bndbox":{"xmin":73,"ymin":398,"xmax":103,"ymax":422}},{"name":" emoji","bndbox":{"xmin":103,"ymin":404,"xmax":133,"ymax":430}},{"name":" close","bndbox":{"xmin":486,"ymin":59,"xmax":504,"ymax":98}}]},"time_labeled":1695906203750,"labeled":true,"size":{"width":540,"height":960,"depth":3}}