{"path":"C:\\Samsung Prism\\myvenv\\datasets\\images\\train\\33675.jpg","outputs":{"object":[{"name":" emoji","bndbox":{"xmin":56,"ymin":428,"xmax":103,"ymax":476}},{"name":" emoji","bndbox":{"xmin":73,"ymin":398,"xmax":98,"ymax":424}},{"name":" emoji","bndbox":{"xmin":103,"ymin":401,"xmax":128,"ymax":428}},{"name":" emoji","bndbox":{"xmin":106,"ymin":434,"xmax":145,"ymax":476}},{"name":" close","bndbox":{"xmin":482,"ymin":56,"xmax":510,"ymax":88}}]},"time_labeled":1695906135129,"labeled":true,"size":{"width":540,"height":960,"depth":3}}