{"path":"C:\\Samsung Prism\\myvenv\\datasets\\images\\train\\33698.jpg","outputs":{"object":[{"name":" settings","bndbox":{"xmin":715,"ymin":463,"xmax":829,"ymax":563}},{"name":" check","bndbox":{"xmin":976,"ymin":406,"xmax":1069,"ymax":496}},{"name":" close","bndbox":{"xmin":184,"ymin":472,"xmax":256,"ymax":545}},{"name":" call","bndbox":{"xmin":673,"ymin":1325,"xmax":775,"ymax":1439}},{"name":" time","bndbox":{"xmin":721,"ymin":683,"xmax":820,"ymax":779}}]},"time_labeled":1695907909137,"labeled":true,"size":{"width":1080,"height":1920,"depth":3}}