{"path":"C:\\Samsung Prism\\myvenv\\datasets\\images\\train\\33711.jpg","outputs":{"object":[{"name":" play","bndbox":{"xmin":505,"ymin":653,"xmax":577,"ymax":716}},{"name":" arrow backward","bndbox":{"xmin":36,"ymin":100,"xmax":96,"ymax":178}},{"name":" play","bndbox":{"xmin":472,"ymin":454,"xmax":625,"ymax":569}},{"name":" share","bndbox":{"xmin":949,"ymin":103,"xmax":1057,"ymax":196}},{"name":"star","bndbox":{"xmin":964,"ymin":1196,"xmax":1036,"ymax":1259}}]},"time_labeled":1695912131769,"labeled":true,"size":{"width":1080,"height":1920,"depth":3}}