{"path":"C:\\Samsung Prism\\myvenv\\datasets\\images\\train\\33722.jpg","outputs":{"object":[{"name":" menu","bndbox":{"xmin":18,"ymin":100,"xmax":99,"ymax":154}},{"name":" settings","bndbox":{"xmin":964,"ymin":91,"xmax":1033,"ymax":160}},{"name":" arrow forward","bndbox":{"xmin":991,"ymin":563,"xmax":1033,"ymax":611}},{"name":" arrow forward","bndbox":{"xmin":997,"ymin":1436,"xmax":1039,"ymax":1500}},{"name":" arrow forward","bndbox":{"xmin":997,"ymin":1578,"xmax":1045,"ymax":1626}}]},"time_labeled":1695912525472,"labeled":true,"size":{"width":1080,"height":1920,"depth":3}}