{"path":"C:\\Samsung Prism\\myvenv\\datasets\\images\\train\\33735.jpg","outputs":{"object":[{"name":" search","bndbox":{"xmin":568,"ymin":91,"xmax":649,"ymax":178}},{"name":" more","bndbox":{"xmin":997,"ymin":88,"xmax":1033,"ymax":166}},{"name":" search","bndbox":{"xmin":12,"ymin":196,"xmax":87,"ymax":298}},{"name":" call","bndbox":{"xmin":913,"ymin":665,"xmax":1009,"ymax":767}},{"name":" call","bndbox":{"xmin":913,"ymin":857,"xmax":991,"ymax":953}},{"name":" call","bndbox":{"xmin":901,"ymin":1061,"xmax":997,"ymax":1151}},{"name":"star","bndbox":{"xmin":481,"ymin":1698,"xmax":601,"ymax":1782}}]},"time_labeled":1695913320721,"labeled":true,"size":{"width":1080,"height":1920,"depth":3}}