{"path":"C:\\Samsung Prism\\myvenv\\datasets\\images\\train\\33738.jpg","outputs":{"object":[{"name":" settings","bndbox":{"xmin":60,"ymin":208,"xmax":121,"ymax":286}},{"name":" settings","bndbox":{"xmin":60,"ymin":367,"xmax":121,"ymax":436}},{"name":" settings","bndbox":{"xmin":51,"ymin":509,"xmax":133,"ymax":596}},{"name":" settings","bndbox":{"xmin":42,"ymin":677,"xmax":145,"ymax":755}},{"name":" settings","bndbox":{"xmin":48,"ymin":824,"xmax":133,"ymax":905}},{"name":" settings","bndbox":{"xmin":63,"ymin":995,"xmax":121,"ymax":1061}},{"name":" search","bndbox":{"xmin":199,"ymin":292,"xmax":283,"ymax":358}},{"name":" search","bndbox":{"xmin":709,"ymin":94,"xmax":781,"ymax":166}},{"name":" more","bndbox":{"xmin":997,"ymin":91,"xmax":1045,"ymax":172}},{"name":" more","bndbox":{"xmin":1033,"ymin":190,"xmax":1057,"ymax":256}},{"name":"star","bndbox":{"xmin":505,"ymin":1668,"xmax":577,"ymax":1782}}]},"time_labeled":1695913576699,"labeled":true,"size":{"width":1080,"height":1920,"depth":3}}