{"path":"C:\\Samsung Prism\\myvenv\\datasets\\images\\train\\33739.jpg","outputs":{"object":[{"name":" search","bndbox":{"xmin":15,"ymin":208,"xmax":87,"ymax":286}},{"name":" search","bndbox":{"xmin":577,"ymin":100,"xmax":640,"ymax":163}},{"name":" more","bndbox":{"xmin":991,"ymin":88,"xmax":1048,"ymax":184}},{"name":" call","bndbox":{"xmin":913,"ymin":665,"xmax":997,"ymax":749}},{"name":" call","bndbox":{"xmin":904,"ymin":860,"xmax":994,"ymax":962}},{"name":" call","bndbox":{"xmin":901,"ymin":1028,"xmax":985,"ymax":1145}},{"name":" more","bndbox":{"xmin":823,"ymin":701,"xmax":853,"ymax":773}},{"name":" more","bndbox":{"xmin":829,"ymin":908,"xmax":853,"ymax":959}},{"name":" more","bndbox":{"xmin":823,"ymin":1097,"xmax":856,"ymax":1163}},{"name":"star","bndbox":{"xmin":505,"ymin":1698,"xmax":583,"ymax":1758}}]},"time_labeled":1695913646208,"labeled":true,"size":{"width":1080,"height":1920,"depth":3}}