{"path":"C:\\Samsung Prism\\myvenv\\datasets\\images\\train\\33736.jpg","outputs":{"object":[{"name":" more","bndbox":{"xmin":985,"ymin":91,"xmax":1045,"ymax":172}},{"name":" search","bndbox":{"xmin":712,"ymin":91,"xmax":781,"ymax":163}},{"name":" search","bndbox":{"xmin":213,"ymin":222,"xmax":279,"ymax":306}},{"name":" settings","bndbox":{"xmin":51,"ymin":214,"xmax":133,"ymax":280}},{"name":" settings","bndbox":{"xmin":54,"ymin":376,"xmax":127,"ymax":430}},{"name":" settings","bndbox":{"xmin":54,"ymin":527,"xmax":136,"ymax":593}},{"name":" settings","bndbox":{"xmin":48,"ymin":689,"xmax":127,"ymax":761}},{"name":" settings","bndbox":{"xmin":54,"ymin":845,"xmax":133,"ymax":908}},{"name":" settings","bndbox":{"xmin":51,"ymin":1001,"xmax":139,"ymax":1052}},{"name":"star","bndbox":{"xmin":508,"ymin":1701,"xmax":571,"ymax":1770}}]},"time_labeled":1695913454424,"labeled":true,"size":{"width":1080,"height":1920,"depth":3}}