{"path":"C:\\Samsung Prism\\myvenv\\datasets\\images\\train\\33731.jpg","outputs":{"object":[{"name":" arrow backward","bndbox":{"xmin":18,"ymin":76,"xmax":78,"ymax":172}},{"name":" arrow backward","bndbox":{"xmin":96,"ymin":199,"xmax":196,"ymax":292}},{"name":" arrow forward","bndbox":{"xmin":889,"ymin":202,"xmax":973,"ymax":292}},{"name":" menu","bndbox":{"xmin":24,"ymin":352,"xmax":112,"ymax":424}},{"name":" search","bndbox":{"xmin":988,"ymin":352,"xmax":1045,"ymax":427}},{"name":" arrow forward","bndbox":{"xmin":1003,"ymin":1337,"xmax":1051,"ymax":1412}},{"name":" share","bndbox":{"xmin":748,"ymin":1686,"xmax":811,"ymax":1746}},{"name":" call","bndbox":{"xmin":844,"ymin":1677,"xmax":931,"ymax":1746}}]},"time_labeled":1695913063752,"labeled":true,"size":{"width":1080,"height":1920,"depth":3}}