{"path":"C:\\Samsung Prism\\myvenv\\datasets\\images\\train\\33743.jpg","outputs":{"object":[{"name":" check","bndbox":{"xmin":781,"ymin":656,"xmax":865,"ymax":764}},{"name":" check","bndbox":{"xmin":781,"ymin":797,"xmax":865,"ymax":875}},{"name":" search","bndbox":{"xmin":3,"ymin":207,"xmax":87,"ymax":288}},{"name":" more","bndbox":{"xmin":985,"ymin":88,"xmax":1048,"ymax":172}},{"name":" call","bndbox":{"xmin":913,"ymin":659,"xmax":991,"ymax":773}},{"name":" call","bndbox":{"xmin":901,"ymin":857,"xmax":997,"ymax":953}},{"name":" call","bndbox":{"xmin":907,"ymin":1049,"xmax":997,"ymax":1136}}]},"time_labeled":1695913866660,"labeled":true,"size":{"width":1080,"height":1920,"depth":3}}