{"path":"C:\\Samsung Prism\\myvenv\\datasets\\images\\train\\33741.jpg","outputs":{"object":[{"name":" search","bndbox":{"xmin":12,"ymin":208,"xmax":96,"ymax":292}},{"name":" more","bndbox":{"xmin":988,"ymin":91,"xmax":1036,"ymax":172}},{"name":" search","bndbox":{"xmin":571,"ymin":88,"xmax":655,"ymax":175}},{"name":" call","bndbox":{"xmin":912,"ymin":663,"xmax":996,"ymax":744}},{"name":" call","bndbox":{"xmin":904,"ymin":857,"xmax":991,"ymax":947}},{"name":" more","bndbox":{"xmin":808,"ymin":719,"xmax":856,"ymax":776}},{"name":" more","bndbox":{"xmin":811,"ymin":905,"xmax":877,"ymax":977}}]},"time_labeled":1695913776451,"labeled":true,"size":{"width":1080,"height":1920,"depth":3}}