{"path":"C:\\Samsung Prism\\myvenv\\datasets\\images\\train\\33740.jpg","outputs":{"object":[{"name":" search","bndbox":{"xmin":12,"ymin":214,"xmax":96,"ymax":298}},{"name":" search","bndbox":{"xmin":568,"ymin":88,"xmax":661,"ymax":172}},{"name":" more","bndbox":{"xmin":997,"ymin":88,"xmax":1045,"ymax":175}},{"name":" more","bndbox":{"xmin":805,"ymin":701,"xmax":877,"ymax":785}},{"name":" more","bndbox":{"xmin":822,"ymin":918,"xmax":870,"ymax":975}},{"name":" more","bndbox":{"xmin":825,"ymin":1102,"xmax":876,"ymax":1192}},{"name":" call","bndbox":{"xmin":892,"ymin":665,"xmax":1000,"ymax":752}},{"name":" call","bndbox":{"xmin":901,"ymin":857,"xmax":997,"ymax":941}},{"name":" call","bndbox":{"xmin":892,"ymin":1049,"xmax":988,"ymax":1133}},{"name":"star","bndbox":{"xmin":505,"ymin":1686,"xmax":577,"ymax":1770}}]},"time_labeled":1695913714712,"labeled":true,"size":{"width":1080,"height":1920,"depth":3}}