{"path":"C:\\Samsung Prism\\myvenv\\datasets\\images\\train\\33759.jpg","outputs":{"object":[{"name":" arrow backward","bndbox":{"xmin":426,"ymin":34,"xmax":462,"ymax":67}},{"name":" arrow forward","bndbox":{"xmin":423,"ymin":68,"xmax":462,"ymax":99}},{"name":" more","bndbox":{"xmin":495,"ymin":50,"xmax":525,"ymax":86}},{"name":" arrow backward","bndbox":{"xmin":19,"ymin":50,"xmax":50,"ymax":88}},{"name":" settings","bndbox":{"xmin":356,"ymin":638,"xmax":426,"ymax":704}},{"name":" home","bndbox":{"xmin":166,"ymin":143,"xmax":235,"ymax":212}},{"name":" menu","bndbox":{"xmin":31,"ymin":670,"xmax":91,"ymax":710}}]},"time_labeled":1695914260883,"labeled":true,"size":{"width":540,"height":960,"depth":3}}