{"path":"C:\\Samsung Prism\\myvenv\\datasets\\images\\train\\33757.jpg","outputs":{"object":[{"name":" arrow backward","bndbox":{"xmin":87,"ymin":767,"xmax":133,"ymax":845}},{"name":" arrow forward","bndbox":{"xmin":955,"ymin":779,"xmax":991,"ymax":833}},{"name":" play","bndbox":{"xmin":763,"ymin":46,"xmax":817,"ymax":106}},{"name":" Skip Previous","bndbox":{"xmin":673,"ymin":40,"xmax":736,"ymax":124}},{"name":" Skip Next","bndbox":{"xmin":832,"ymin":28,"xmax":913,"ymax":124}},{"name":" menu","bndbox":{"xmin":955,"ymin":31,"xmax":1045,"ymax":127}},{"name":"star","bndbox":{"xmin":36,"ymin":283,"xmax":103,"ymax":355}}]},"time_labeled":1695914166606,"labeled":true,"size":{"width":1080,"height":1920,"depth":3}}