{"path":"C:\\Samsung Prism\\myvenv\\datasets\\images\\train\\33774.jpg","outputs":{"object":[{"name":"star","bndbox":{"xmin":-5,"ymin":244,"xmax":75,"ymax":316}},{"name":"star","bndbox":{"xmin":12,"ymin":352,"xmax":72,"ymax":436}},{"name":"star","bndbox":{"xmin":0,"ymin":460,"xmax":75,"ymax":548}},{"name":"star","bndbox":{"xmin":0,"ymin":569,"xmax":75,"ymax":653}},{"name":"star","bndbox":{"xmin":12,"ymin":689,"xmax":84,"ymax":767}},{"name":"star","bndbox":{"xmin":12,"ymin":791,"xmax":78,"ymax":881}},{"name":"star","bndbox":{"xmin":0,"ymin":905,"xmax":84,"ymax":989}},{"name":"star","bndbox":{"xmin":0,"ymin":1025,"xmax":75,"ymax":1097}},{"name":"star","bndbox":{"xmin":0,"ymin":1133,"xmax":72,"ymax":1217}},{"name":"star","bndbox":{"xmin":-8,"ymin":1247,"xmax":75,"ymax":1325}},{"name":"star","bndbox":{"xmin":3,"ymin":1363,"xmax":81,"ymax":1453}},{"name":"star","bndbox":{"xmin":0,"ymin":1469,"xmax":72,"ymax":1554}},{"name":"star","bndbox":{"xmin":-8,"ymin":1590,"xmax":73,"ymax":1659}},{"name":"star","bndbox":{"xmin":3,"ymin":1704,"xmax":81,"ymax":1776}}]},"time_labeled":1695914669420,"labeled":true,"size":{"width":1080,"height":1920,"depth":3}}