{"path":"C:\\Samsung Prism\\myvenv\\datasets\\images\\train\\33778.jpg","outputs":{"object":[{"name":" time","bndbox":{"xmin":24,"ymin":16,"xmax":109,"ymax":106}},{"name":" settings","bndbox":{"xmin":961,"ymin":10,"xmax":1081,"ymax":124}},{"name":" Skip Previous","bndbox":{"xmin":133,"ymin":1536,"xmax":289,"ymax":1626}},{"name":" Skip Next","bndbox":{"xmin":820,"ymin":1518,"xmax":949,"ymax":1626}},{"name":" pause","bndbox":{"xmin":493,"ymin":1530,"xmax":589,"ymax":1626}},{"name":" refresh","bndbox":{"xmin":649,"ymin":1506,"xmax":763,"ymax":1650}},{"name":" arrow forward","bndbox":{"xmin":865,"ymin":1680,"xmax":925,"ymax":1758}}]},"time_labeled":1695914826973,"labeled":true,"size":{"width":1080,"height":1920,"depth":3}}