{"path":"C:\\Samsung Prism\\myvenv\\datasets\\images\\train\\33779.jpg","outputs":{"object":[{"name":" time","bndbox":{"xmin":24,"ymin":22,"xmax":103,"ymax":115}},{"name":" settings","bndbox":{"xmin":967,"ymin":16,"xmax":1069,"ymax":112}},{"name":" Skip Previous","bndbox":{"xmin":139,"ymin":1518,"xmax":265,"ymax":1638}},{"name":" Skip Next","bndbox":{"xmin":829,"ymin":1518,"xmax":937,"ymax":1638}},{"name":" play","bndbox":{"xmin":484,"ymin":1524,"xmax":589,"ymax":1626}},{"name":" refresh","bndbox":{"xmin":643,"ymin":1506,"xmax":763,"ymax":1650}},{"name":" arrow forward","bndbox":{"xmin":865,"ymin":1686,"xmax":928,"ymax":1761}},{"name":" close","bndbox":{"xmin":121,"ymin":1758,"xmax":160,"ymax":1794}}]},"time_labeled":1695914942016,"labeled":true,"size":{"width":1080,"height":1920,"depth":3}}