{"path":"C:\\Samsung Prism\\myvenv\\datasets\\images\\train\\33788.jpg","outputs":{"object":[{"name":" more","bndbox":{"xmin":997,"ymin":88,"xmax":1045,"ymax":187}},{"name":" menu","bndbox":{"xmin":997,"ymin":238,"xmax":1081,"ymax":304}},{"name":" time","bndbox":{"xmin":523,"ymin":785,"xmax":601,"ymax":869}},{"name":" time","bndbox":{"xmin":532,"ymin":1025,"xmax":607,"ymax":1100}},{"name":" info","bndbox":{"xmin":931,"ymin":1235,"xmax":997,"ymax":1304}},{"name":" expand more","bndbox":{"xmin":757,"ymin":1241,"xmax":841,"ymax":1295}}]},"time_labeled":1695915415016,"labeled":true,"size":{"width":1080,"height":1920,"depth":3}}