{"path":"C:\\Samsung Prism\\myvenv\\datasets\\images\\train\\33789.jpg","outputs":{"object":[{"name":" arrow backward","bndbox":{"xmin":27,"ymin":100,"xmax":115,"ymax":172}},{"name":" arrow forward","bndbox":{"xmin":973,"ymin":250,"xmax":1045,"ymax":319}},{"name":" arrow forward","bndbox":{"xmin":988,"ymin":424,"xmax":1027,"ymax":466}},{"name":" arrow forward","bndbox":{"xmin":979,"ymin":560,"xmax":1033,"ymax":641}},{"name":" arrow forward","bndbox":{"xmin":985,"ymin":719,"xmax":1033,"ymax":785}},{"name":" arrow forward","bndbox":{"xmin":991,"ymin":881,"xmax":1033,"ymax":941}},{"name":" arrow forward","bndbox":{"xmin":991,"ymin":1049,"xmax":1045,"ymax":1103}},{"name":" arrow forward","bndbox":{"xmin":985,"ymin":1193,"xmax":1033,"ymax":1259}},{"name":" arrow forward","bndbox":{"xmin":997,"ymin":1361,"xmax":1033,"ymax":1421}},{"name":" arrow forward","bndbox":{"xmin":997,"ymin":1518,"xmax":1033,"ymax":1572}},{"name":" arrow forward","bndbox":{"xmin":988,"ymin":1668,"xmax":1036,"ymax":1734}}]},"time_labeled":1695915491214,"labeled":true,"size":{"width":1080,"height":1920,"depth":3}}