{"path":"C:\\Samsung Prism\\myvenv\\datasets\\images\\train\\33787.jpg","outputs":{"object":[{"name":" home","bndbox":{"xmin":0,"ymin":76,"xmax":96,"ymax":175}},{"name":" close","bndbox":{"xmin":925,"ymin":740,"xmax":1009,"ymax":803}},{"name":" expand more","bndbox":{"xmin":961,"ymin":1169,"xmax":1003,"ymax":1205}},{"name":" expand more","bndbox":{"xmin":964,"ymin":1325,"xmax":1009,"ymax":1385}},{"name":" arrow forward","bndbox":{"xmin":949,"ymin":1596,"xmax":1021,"ymax":1644}},{"name":" add","bndbox":{"xmin":337,"ymin":1596,"xmax":409,"ymax":1650}}]},"time_labeled":1695915345828,"labeled":true,"size":{"width":1080,"height":1920,"depth":3}}