{"path":"C:\\Samsung Prism\\myvenv\\datasets\\images\\train\\33792.jpg","outputs":{"object":[{"name":" close","bndbox":{"xmin":48,"ymin":100,"xmax":115,"ymax":172}},{"name":" more","bndbox":{"xmin":997,"ymin":88,"xmax":1057,"ymax":172}},{"name":" menu","bndbox":{"xmin":997,"ymin":232,"xmax":1081,"ymax":328}},{"name":" expand more","bndbox":{"xmin":757,"ymin":1241,"xmax":841,"ymax":1295}},{"name":" info","bndbox":{"xmin":919,"ymin":1232,"xmax":1003,"ymax":1313}},{"name":" time","bndbox":{"xmin":532,"ymin":797,"xmax":595,"ymax":863}},{"name":" time","bndbox":{"xmin":535,"ymin":1025,"xmax":604,"ymax":1109}}]},"time_labeled":1695915717495,"labeled":true,"size":{"width":1080,"height":1920,"depth":3}}