{"path":"C:\\Samsung Prism\\myvenv\\datasets\\images\\train\\33819.jpg","outputs":{"object":[{"name":" more","bndbox":{"xmin":997,"ymin":88,"xmax":1024,"ymax":166}},{"name":" menu","bndbox":{"xmin":-5,"ymin":91,"xmax":24,"ymax":172}},{"name":" arrow backward","bndbox":{"xmin":24,"ymin":214,"xmax":48,"ymax":280}},{"name":" search","bndbox":{"xmin":817,"ymin":94,"xmax":901,"ymax":160}},{"name":" check","bndbox":{"xmin":973,"ymin":536,"xmax":1045,"ymax":629}}]},"time_labeled":1695916757355,"labeled":true,"size":{"width":1080,"height":1920,"depth":3}}