{"path":"C:\\Samsung Prism\\myvenv\\datasets\\images\\train\\33812.jpg","outputs":{"object":[{"name":" more","bndbox":{"xmin":985,"ymin":91,"xmax":1045,"ymax":175}},{"name":" arrow forward","bndbox":{"xmin":724,"ymin":797,"xmax":769,"ymax":863}},{"name":" check","bndbox":{"xmin":24,"ymin":358,"xmax":121,"ymax":436}},{"name":" arrow forward","bndbox":{"xmin":721,"ymin":941,"xmax":769,"ymax":1013}},{"name":" arrow forward","bndbox":{"xmin":727,"ymin":1079,"xmax":757,"ymax":1157}},{"name":" arrow forward","bndbox":{"xmin":712,"ymin":1232,"xmax":775,"ymax":1313}},{"name":" arrow forward","bndbox":{"xmin":724,"ymin":1388,"xmax":769,"ymax":1439}},{"name":" arrow forward","bndbox":{"xmin":712,"ymin":1530,"xmax":769,"ymax":1578}},{"name":" arrow forward","bndbox":{"xmin":721,"ymin":1677,"xmax":769,"ymax":1734}}]},"time_labeled":1695916489715,"labeled":true,"size":{"width":1080,"height":1920,"depth":3}}