{"path":"C:\\Samsung Prism\\myvenv\\datasets\\images\\train\\33829.jpg","outputs":{"object":[{"name":" search","bndbox":{"xmin":820,"ymin":100,"xmax":889,"ymax":160}},{"name":" more","bndbox":{"xmin":988,"ymin":70,"xmax":1015,"ymax":172}},{"name":" menu","bndbox":{"xmin":-23,"ymin":100,"xmax":24,"ymax":172}},{"name":" arrow forward","bndbox":{"xmin":721,"ymin":803,"xmax":769,"ymax":869}},{"name":" arrow forward","bndbox":{"xmin":727,"ymin":941,"xmax":769,"ymax":1013}},{"name":" arrow forward","bndbox":{"xmin":715,"ymin":1079,"xmax":775,"ymax":1157}},{"name":" arrow forward","bndbox":{"xmin":715,"ymin":1217,"xmax":769,"ymax":1301}},{"name":" arrow forward","bndbox":{"xmin":721,"ymin":1385,"xmax":760,"ymax":1457}},{"name":" arrow forward","bndbox":{"xmin":727,"ymin":1521,"xmax":763,"ymax":1608}},{"name":" arrow forward","bndbox":{"xmin":721,"ymin":1674,"xmax":757,"ymax":1734}},{"name":" check","bndbox":{"xmin":36,"ymin":364,"xmax":121,"ymax":436}},{"name":" settings","bndbox":{"xmin":27,"ymin":1518,"xmax":78,"ymax":1590}}]},"time_labeled":1695917374815,"labeled":true,"size":{"width":1080,"height":1920,"depth":3}}