{"path":"C:\\Samsung Prism\\myvenv\\datasets\\images\\train\\33824.jpg","outputs":{"object":[{"name":" share","bndbox":{"xmin":808,"ymin":88,"xmax":901,"ymax":160}},{"name":" more","bndbox":{"xmin":988,"ymin":100,"xmax":1024,"ymax":166}},{"name":" arrow backward","bndbox":{"xmin":-8,"ymin":91,"xmax":30,"ymax":172}},{"name":"star","bndbox":{"xmin":805,"ymin":484,"xmax":865,"ymax":545}},{"name":" add","bndbox":{"xmin":385,"ymin":1710,"xmax":421,"ymax":1752}}]},"time_labeled":1695917114174,"labeled":true,"size":{"width":1080,"height":1920,"depth":3}}