{"path":"C:\\Samsung Prism\\myvenv\\datasets\\images\\train\\33828.jpg","outputs":{"object":[{"name":" menu","bndbox":{"xmin":0,"ymin":88,"xmax":27,"ymax":190}},{"name":" share","bndbox":{"xmin":817,"ymin":88,"xmax":901,"ymax":163}},{"name":" more","bndbox":{"xmin":997,"ymin":76,"xmax":1021,"ymax":166}},{"name":"star","bndbox":{"xmin":829,"ymin":424,"xmax":868,"ymax":496}},{"name":" add","bndbox":{"xmin":385,"ymin":1698,"xmax":427,"ymax":1758}}]},"time_labeled":1695917284701,"labeled":true,"size":{"width":1080,"height":1920,"depth":3}}