{"path":"C:\\Samsung Prism\\myvenv\\datasets\\images\\train\\33820.jpg","outputs":{"object":[{"name":" Bluetooth","bndbox":{"xmin":109,"ymin":581,"xmax":205,"ymax":680}},{"name":" share","bndbox":{"xmin":817,"ymin":76,"xmax":907,"ymax":160}},{"name":" more","bndbox":{"xmin":985,"ymin":91,"xmax":1024,"ymax":154}},{"name":" arrow backward","bndbox":{"xmin":-5,"ymin":76,"xmax":30,"ymax":163}},{"name":" add","bndbox":{"xmin":373,"ymin":1701,"xmax":436,"ymax":1758}}]},"time_labeled":1695916827484,"labeled":true,"size":{"width":1080,"height":1920,"depth":3}}