{"path":"C:\\Samsung Prism\\myvenv\\datasets\\images\\train\\33826.jpg","outputs":{"object":[{"name":" more","bndbox":{"xmin":985,"ymin":88,"xmax":1033,"ymax":160}},{"name":" menu","bndbox":{"xmin":-8,"ymin":100,"xmax":24,"ymax":160}},{"name":" arrow forward","bndbox":{"xmin":709,"ymin":1421,"xmax":769,"ymax":1475}},{"name":" arrow forward","bndbox":{"xmin":723,"ymin":1543,"xmax":759,"ymax":1624}},{"name":" arrow forward","bndbox":{"xmin":727,"ymin":1698,"xmax":769,"ymax":1758}}]},"time_labeled":1695917186781,"labeled":true,"size":{"width":1080,"height":1920,"depth":3}}