{"path":"C:\\Samsung Prism\\myvenv\\datasets\\images\\train\\33827.jpg","outputs":{"object":[{"name":" more","bndbox":{"xmin":973,"ymin":88,"xmax":1021,"ymax":184}},{"name":" arrow forward","bndbox":{"xmin":721,"ymin":220,"xmax":769,"ymax":283}},{"name":" arrow forward","bndbox":{"xmin":724,"ymin":364,"xmax":769,"ymax":430}},{"name":" arrow forward","bndbox":{"xmin":727,"ymin":515,"xmax":763,"ymax":581}},{"name":" arrow forward","bndbox":{"xmin":721,"ymin":656,"xmax":760,"ymax":725}},{"name":" arrow forward","bndbox":{"xmin":727,"ymin":812,"xmax":769,"ymax":869}},{"name":" arrow forward","bndbox":{"xmin":721,"ymin":932,"xmax":760,"ymax":1016}},{"name":" arrow forward","bndbox":{"xmin":721,"ymin":1097,"xmax":757,"ymax":1169}},{"name":" arrow forward","bndbox":{"xmin":721,"ymin":1232,"xmax":757,"ymax":1304}},{"name":" arrow forward","bndbox":{"xmin":733,"ymin":1376,"xmax":757,"ymax":1445}},{"name":" arrow forward","bndbox":{"xmin":733,"ymin":1518,"xmax":757,"ymax":1584}},{"name":" arrow forward","bndbox":{"xmin":721,"ymin":1668,"xmax":769,"ymax":1734}},{"name":" search","bndbox":{"xmin":817,"ymin":94,"xmax":916,"ymax":175}},{"name":" menu","bndbox":{"xmin":-8,"ymin":94,"xmax":36,"ymax":154}}]},"time_labeled":1695917251562,"labeled":true,"size":{"width":1080,"height":1920,"depth":3}}