{"path":"C:\\Samsung Prism\\myvenv\\datasets\\images\\train\\33822.jpg","outputs":{"object":[{"name":" search","bndbox":{"xmin":823,"ymin":76,"xmax":913,"ymax":172}},{"name":" more","bndbox":{"xmin":979,"ymin":79,"xmax":1027,"ymax":172}},{"name":" arrow forward","bndbox":{"xmin":721,"ymin":812,"xmax":772,"ymax":857}},{"name":" arrow forward","bndbox":{"xmin":727,"ymin":941,"xmax":757,"ymax":1016}},{"name":" arrow forward","bndbox":{"xmin":733,"ymin":1091,"xmax":769,"ymax":1163}},{"name":" arrow forward","bndbox":{"xmin":721,"ymin":1229,"xmax":772,"ymax":1301}},{"name":" arrow forward","bndbox":{"xmin":721,"ymin":1373,"xmax":757,"ymax":1448}},{"name":" arrow forward","bndbox":{"xmin":727,"ymin":1530,"xmax":769,"ymax":1590}},{"name":" arrow forward","bndbox":{"xmin":721,"ymin":1674,"xmax":769,"ymax":1728}},{"name":" check","bndbox":{"xmin":964,"ymin":551,"xmax":1069,"ymax":644}},{"name":" menu","bndbox":{"xmin":-5,"ymin":82,"xmax":15,"ymax":172}}]},"time_labeled":1695917021074,"labeled":true,"size":{"width":1080,"height":1920,"depth":3}}