{"path":"C:\\Samsung Prism\\myvenv\\datasets\\images\\train\\33839.jpg","outputs":{"object":[{"name":" arrow backward","bndbox":{"xmin":42,"ymin":91,"xmax":103,"ymax":184}},{"name":" share","bndbox":{"xmin":961,"ymin":94,"xmax":1051,"ymax":175}},{"name":" arrow forward","bndbox":{"xmin":301,"ymin":1686,"xmax":376,"ymax":1761}},{"name":" close","bndbox":{"xmin":1039,"ymin":1662,"xmax":1093,"ymax":1701}},{"name":"star","bndbox":{"xmin":27,"ymin":256,"xmax":109,"ymax":364}}]},"time_labeled":1695917969693,"labeled":true,"size":{"width":1080,"height":1920,"depth":3}}