{"path":"C:\\Samsung Prism\\myvenv\\datasets\\images\\train\\33837.jpg","outputs":{"object":[{"name":" search","bndbox":{"xmin":805,"ymin":88,"xmax":928,"ymax":166}},{"name":" more","bndbox":{"xmin":985,"ymin":76,"xmax":1057,"ymax":160}},{"name":" menu","bndbox":{"xmin":-6,"ymin":81,"xmax":11,"ymax":153}},{"name":" check","bndbox":{"xmin":24,"ymin":343,"xmax":109,"ymax":436}},{"name":" arrow forward","bndbox":{"xmin":721,"ymin":797,"xmax":757,"ymax":875}},{"name":" arrow forward","bndbox":{"xmin":721,"ymin":941,"xmax":757,"ymax":1019}},{"name":" arrow forward","bndbox":{"xmin":709,"ymin":1085,"xmax":757,"ymax":1163}},{"name":" arrow forward","bndbox":{"xmin":709,"ymin":1217,"xmax":757,"ymax":1313}},{"name":" arrow forward","bndbox":{"xmin":733,"ymin":1373,"xmax":751,"ymax":1457}},{"name":" arrow forward","bndbox":{"xmin":733,"ymin":1530,"xmax":757,"ymax":1578}},{"name":" arrow forward","bndbox":{"xmin":733,"ymin":1665,"xmax":763,"ymax":1746}}]},"time_labeled":1695917848598,"labeled":true,"size":{"width":1080,"height":1920,"depth":3}}