{"path":"C:\\Samsung Prism\\myvenv\\datasets\\images\\train\\33838.jpg","outputs":{"object":[{"name":" search","bndbox":{"xmin":817,"ymin":79,"xmax":925,"ymax":178}},{"name":" more","bndbox":{"xmin":985,"ymin":76,"xmax":1033,"ymax":172}},{"name":" menu","bndbox":{"xmin":-11,"ymin":88,"xmax":24,"ymax":160}},{"name":" arrow forward","bndbox":{"xmin":715,"ymin":1542,"xmax":769,"ymax":1626}},{"name":" arrow forward","bndbox":{"xmin":703,"ymin":1689,"xmax":769,"ymax":1770}},{"name":"star","bndbox":{"xmin":817,"ymin":436,"xmax":868,"ymax":472}}]},"time_labeled":1695917892517,"labeled":true,"size":{"width":1080,"height":1920,"depth":3}}