{"path":"C:\\Samsung Prism\\myvenv\\datasets\\images\\train\\33833.jpg","outputs":{"object":[{"name":" more","bndbox":{"xmin":979,"ymin":64,"xmax":1033,"ymax":178}},{"name":" menu","bndbox":{"xmin":0,"ymin":88,"xmax":27,"ymax":154}},{"name":" arrow forward","bndbox":{"xmin":721,"ymin":1557,"xmax":763,"ymax":1626}},{"name":" arrow forward","bndbox":{"xmin":721,"ymin":1698,"xmax":757,"ymax":1761}},{"name":" check","bndbox":{"xmin":27,"ymin":1097,"xmax":109,"ymax":1193}}]},"time_labeled":1695917596129,"labeled":true,"size":{"width":1080,"height":1920,"depth":3}}