{"path":"C:\\Samsung Prism\\myvenv\\datasets\\images\\train\\33830.jpg","outputs":{"object":[{"name":" menu","bndbox":{"xmin":-11,"ymin":88,"xmax":30,"ymax":160}},{"name":" add","bndbox":{"xmin":829,"ymin":91,"xmax":895,"ymax":160}},{"name":" more","bndbox":{"xmin":979,"ymin":76,"xmax":1033,"ymax":172}},{"name":" arrow forward","bndbox":{"xmin":715,"ymin":1566,"xmax":766,"ymax":1623}},{"name":" arrow forward","bndbox":{"xmin":733,"ymin":1701,"xmax":769,"ymax":1770}},{"name":" check","bndbox":{"xmin":12,"ymin":1115,"xmax":133,"ymax":1187}}]},"time_labeled":1695917461626,"labeled":true,"size":{"width":1080,"height":1920,"depth":3}}