{"path":"C:\\Samsung Prism\\myvenv\\datasets\\images\\train\\33842.jpg","outputs":{"object":[{"name":" arrow backward","bndbox":{"xmin":36,"ymin":91,"xmax":109,"ymax":199}},{"name":" more","bndbox":{"xmin":991,"ymin":88,"xmax":1048,"ymax":172}},{"name":"star","bndbox":{"xmin":30,"ymin":250,"xmax":121,"ymax":331}},{"name":"star","bndbox":{"xmin":42,"ymin":569,"xmax":121,"ymax":653}},{"name":"star","bndbox":{"xmin":24,"ymin":836,"xmax":124,"ymax":935}},{"name":"star","bndbox":{"xmin":30,"ymin":1157,"xmax":124,"ymax":1241}},{"name":" arrow forward","bndbox":{"xmin":289,"ymin":1698,"xmax":361,"ymax":1758}},{"name":" close","bndbox":{"xmin":1045,"ymin":1662,"xmax":1081,"ymax":1698}}]},"time_labeled":1695979340776,"labeled":true,"size":{"width":1080,"height":1920,"depth":3}}