{"path":"C:\\Samsung Prism\\myvenv\\datasets\\images\\train\\33844.jpg","outputs":{"object":[{"name":" arrow backward","bndbox":{"xmin":42,"ymin":100,"xmax":103,"ymax":160}},{"name":" more","bndbox":{"xmin":1003,"ymin":112,"xmax":1057,"ymax":160}},{"name":" expand more","bndbox":{"xmin":1000,"ymin":1421,"xmax":1057,"ymax":1493}},{"name":" expand more","bndbox":{"xmin":1000,"ymin":539,"xmax":1075,"ymax":617}}]},"time_labeled":1695979391334,"labeled":true,"size":{"width":1080,"height":1920,"depth":3}}