{"path":"C:\\Samsung Prism\\myvenv\\datasets\\images\\train\\33866.jpg","outputs":{"object":[{"name":" settings","bndbox":{"xmin":865,"ymin":91,"xmax":961,"ymax":175}},{"name":" menu","bndbox":{"xmin":27,"ymin":103,"xmax":121,"ymax":178}},{"name":" more","bndbox":{"xmin":997,"ymin":94,"xmax":1051,"ymax":187}},{"name":" expand more","bndbox":{"xmin":529,"ymin":112,"xmax":577,"ymax":160}},{"name":" close","bndbox":{"xmin":1033,"ymin":199,"xmax":1081,"ymax":259}},{"name":" more","bndbox":{"xmin":997,"ymin":1493,"xmax":1033,"ymax":1578}},{"name":" more","bndbox":{"xmin":1009,"ymin":466,"xmax":1033,"ymax":545}},{"name":" more","bndbox":{"xmin":1012,"ymin":633,"xmax":1033,"ymax":765}},{"name":" more","bndbox":{"xmin":1003,"ymin":800,"xmax":1036,"ymax":887}},{"name":" more","bndbox":{"xmin":1009,"ymin":965,"xmax":1033,"ymax":1061}},{"name":" more","bndbox":{"xmin":1015,"ymin":1145,"xmax":1036,"ymax":1229}},{"name":" more","bndbox":{"xmin":1009,"ymin":1325,"xmax":1036,"ymax":1403}}]},"time_labeled":1695979595025,"labeled":true,"size":{"width":1080,"height":1920,"depth":3}}