{"path":"C:\\Samsung Prism\\myvenv\\datasets\\images\\train\\33878.jpg","outputs":{"object":[{"name":" menu","bndbox":{"xmin":30,"ymin":91,"xmax":112,"ymax":172}},{"name":" arrow forward","bndbox":{"xmin":1015,"ymin":304,"xmax":1063,"ymax":376}},{"name":" arrow forward","bndbox":{"xmin":1015,"ymin":509,"xmax":1051,"ymax":581}},{"name":" arrow forward","bndbox":{"xmin":1015,"ymin":809,"xmax":1057,"ymax":869}},{"name":" arrow forward","bndbox":{"xmin":1021,"ymin":992,"xmax":1057,"ymax":1067}},{"name":" arrow forward","bndbox":{"xmin":1021,"ymin":1187,"xmax":1075,"ymax":1253}},{"name":" arrow forward","bndbox":{"xmin":1012,"ymin":1373,"xmax":1051,"ymax":1445}},{"name":" arrow forward","bndbox":{"xmin":1009,"ymin":1542,"xmax":1057,"ymax":1614}},{"name":" arrow forward","bndbox":{"xmin":1009,"ymin":1734,"xmax":1051,"ymax":1794}}]},"time_labeled":1695979826971,"labeled":true,"size":{"width":1080,"height":1920,"depth":3}}