{"path":"C:\\Samsung Prism\\myvenv\\datasets\\images\\train\\33874.jpg","outputs":{"object":[{"name":" search","bndbox":{"xmin":18,"ymin":496,"xmax":124,"ymax":575}},{"name":" info","bndbox":{"xmin":24,"ymin":1548,"xmax":103,"ymax":1626}},{"name":" chat","bndbox":{"xmin":30,"ymin":1423,"xmax":103,"ymax":1504}},{"name":" arrow forward","bndbox":{"xmin":1015,"ymin":280,"xmax":1069,"ymax":376}},{"name":" arrow forward","bndbox":{"xmin":1021,"ymin":519,"xmax":1054,"ymax":585}},{"name":" arrow forward","bndbox":{"xmin":1003,"ymin":809,"xmax":1069,"ymax":881}},{"name":" arrow forward","bndbox":{"xmin":1009,"ymin":1001,"xmax":1057,"ymax":1067}},{"name":" arrow forward","bndbox":{"xmin":1009,"ymin":1181,"xmax":1057,"ymax":1244}},{"name":" arrow forward","bndbox":{"xmin":1009,"ymin":1361,"xmax":1060,"ymax":1427}},{"name":" arrow forward","bndbox":{"xmin":1009,"ymin":1542,"xmax":1069,"ymax":1638}},{"name":" arrow forward","bndbox":{"xmin":1015,"ymin":1734,"xmax":1060,"ymax":1782}}]},"time_labeled":1695979685970,"labeled":true,"size":{"width":1080,"height":1920,"depth":3}}