{"path":"C:\\Samsung Prism\\myvenv\\datasets\\images\\train\\33881.jpg","outputs":{"object":[{"name":" settings","bndbox":{"xmin":619,"ymin":94,"xmax":709,"ymax":178}},{"name":" check","bndbox":{"xmin":955,"ymin":704,"xmax":1033,"ymax":773}},{"name":" check","bndbox":{"xmin":952,"ymin":1307,"xmax":1045,"ymax":1385}},{"name":" check","bndbox":{"xmin":949,"ymin":1650,"xmax":1015,"ymax":1722}},{"name":"star","bndbox":{"xmin":39,"ymin":400,"xmax":112,"ymax":448}},{"name":" search","bndbox":{"xmin":30,"ymin":1536,"xmax":109,"ymax":1614}}]},"time_labeled":1695979891836,"labeled":true,"size":{"width":1080,"height":1920,"depth":3}}