{"path":"C:\\Samsung Prism\\myvenv\\datasets\\images\\train\\33897.jpg","outputs":{"object":[{"name":" share","bndbox":{"xmin":483,"ymin":-8,"xmax":524,"ymax":62}},{"name":" arrow forward","bndbox":{"xmin":480,"ymin":178,"xmax":507,"ymax":220}},{"name":" arrow forward","bndbox":{"xmin":480,"ymin":272,"xmax":504,"ymax":308}},{"name":" arrow forward","bndbox":{"xmin":480,"ymin":356,"xmax":510,"ymax":392}},{"name":" arrow forward","bndbox":{"xmin":482,"ymin":446,"xmax":504,"ymax":482}},{"name":" arrow forward","bndbox":{"xmin":477,"ymin":544,"xmax":510,"ymax":580}},{"name":" arrow forward","bndbox":{"xmin":474,"ymin":634,"xmax":507,"ymax":671}},{"name":" arrow forward","bndbox":{"xmin":482,"ymin":722,"xmax":506,"ymax":764}}]},"time_labeled":1695980348099,"labeled":true,"size":{"width":540,"height":960,"depth":3}}