{"path":"C:\\Samsung Prism\\myvenv\\datasets\\images\\train\\33904.jpg","outputs":{"object":[{"name":" search","bndbox":{"xmin":400,"ymin":100,"xmax":493,"ymax":184}},{"name":" more","bndbox":{"xmin":39,"ymin":106,"xmax":133,"ymax":175}},{"name":" notifications","bndbox":{"xmin":589,"ymin":100,"xmax":664,"ymax":184}},{"name":" chat","bndbox":{"xmin":748,"ymin":100,"xmax":877,"ymax":190}},{"name":" edit","bndbox":{"xmin":904,"ymin":1626,"xmax":1012,"ymax":1722}}]},"time_labeled":1695981152525,"labeled":true,"size":{"width":1080,"height":1920,"depth":3}}