{"path":"C:\\Samsung Prism\\myvenv\\datasets\\images\\train\\33905.jpg","outputs":{"object":[{"name":" search","bndbox":{"xmin":409,"ymin":100,"xmax":493,"ymax":172}},{"name":" notifications","bndbox":{"xmin":592,"ymin":100,"xmax":676,"ymax":178}},{"name":" chat","bndbox":{"xmin":757,"ymin":94,"xmax":853,"ymax":175}},{"name":" menu","bndbox":{"xmin":42,"ymin":76,"xmax":136,"ymax":184}},{"name":" edit","bndbox":{"xmin":925,"ymin":1638,"xmax":997,"ymax":1710}}]},"time_labeled":1695981332015,"labeled":true,"size":{"width":1080,"height":1920,"depth":3}}