{"path":"C:\\Samsung Prism\\myvenv\\datasets\\images\\train\\33925.jpg","outputs":{"object":[{"name":" arrow forward","bndbox":{"xmin":997,"ymin":238,"xmax":1057,"ymax":328}},{"name":" arrow forward","bndbox":{"xmin":1000,"ymin":406,"xmax":1057,"ymax":496}},{"name":" arrow forward","bndbox":{"xmin":997,"ymin":707,"xmax":1069,"ymax":773}},{"name":" arrow forward","bndbox":{"xmin":997,"ymin":872,"xmax":1057,"ymax":941}},{"name":" arrow forward","bndbox":{"xmin":985,"ymin":1037,"xmax":1057,"ymax":1109}},{"name":" arrow forward","bndbox":{"xmin":997,"ymin":1205,"xmax":1051,"ymax":1292}},{"name":" arrow forward","bndbox":{"xmin":997,"ymin":1385,"xmax":1057,"ymax":1460}},{"name":" arrow forward","bndbox":{"xmin":1000,"ymin":1578,"xmax":1060,"ymax":1632}}]},"time_labeled":1695981869127,"labeled":true,"size":{"width":1080,"height":1920,"depth":3}}