{"path":"C:\\Samsung Prism\\myvenv\\datasets\\images\\train\\33929.jpg","outputs":{"object":[{"name":" arrow backward","bndbox":{"xmin":39,"ymin":103,"xmax":112,"ymax":160}},{"name":" info","bndbox":{"xmin":979,"ymin":551,"xmax":1057,"ymax":659}},{"name":" info","bndbox":{"xmin":976,"ymin":719,"xmax":1045,"ymax":800}},{"name":" info","bndbox":{"xmin":997,"ymin":893,"xmax":1048,"ymax":977}},{"name":" info","bndbox":{"xmin":985,"ymin":1049,"xmax":1045,"ymax":1124}},{"name":" info","bndbox":{"xmin":985,"ymin":1217,"xmax":1036,"ymax":1304}},{"name":" info","bndbox":{"xmin":997,"ymin":1379,"xmax":1057,"ymax":1475}},{"name":" info","bndbox":{"xmin":985,"ymin":1566,"xmax":1045,"ymax":1650}},{"name":" info","bndbox":{"xmin":979,"ymin":1737,"xmax":1045,"ymax":1794}}]},"time_labeled":1695981989892,"labeled":true,"size":{"width":1080,"height":1920,"depth":3}}