{"path":"C:\\Samsung Prism\\myvenv\\datasets\\images\\train\\33932.jpg","outputs":{"object":[{"name":" delete","bndbox":{"xmin":24,"ymin":839,"xmax":96,"ymax":941}},{"name":" chat","bndbox":{"xmin":24,"ymin":1475,"xmax":96,"ymax":1554}},{"name":" arrow forward","bndbox":{"xmin":985,"ymin":340,"xmax":1045,"ymax":400}},{"name":" arrow forward","bndbox":{"xmin":997,"ymin":509,"xmax":1057,"ymax":593}},{"name":" arrow forward","bndbox":{"xmin":997,"ymin":668,"xmax":1051,"ymax":743}},{"name":" arrow forward","bndbox":{"xmin":1000,"ymin":836,"xmax":1048,"ymax":932}},{"name":" arrow forward","bndbox":{"xmin":991,"ymin":1025,"xmax":1060,"ymax":1088}},{"name":" arrow forward","bndbox":{"xmin":1009,"ymin":1208,"xmax":1045,"ymax":1256}},{"name":" arrow forward","bndbox":{"xmin":1000,"ymin":1481,"xmax":1039,"ymax":1545}},{"name":" arrow forward","bndbox":{"xmin":997,"ymin":1650,"xmax":1045,"ymax":1710}}]},"time_labeled":1695982171873,"labeled":true,"size":{"width":1080,"height":1920,"depth":3}}