{"path":"C:\\Samsung Prism\\myvenv\\datasets\\images\\train\\33941.jpg","outputs":{"object":[{"name":" arrow backward","bndbox":{"xmin":36,"ymin":82,"xmax":109,"ymax":196}},{"name":" info","bndbox":{"xmin":985,"ymin":331,"xmax":1048,"ymax":400}},{"name":" info","bndbox":{"xmin":976,"ymin":487,"xmax":1069,"ymax":575}},{"name":" info","bndbox":{"xmin":973,"ymin":665,"xmax":1057,"ymax":728}},{"name":" info","bndbox":{"xmin":985,"ymin":821,"xmax":1051,"ymax":899}},{"name":" info","bndbox":{"xmin":985,"ymin":1001,"xmax":1048,"ymax":1061}},{"name":" info","bndbox":{"xmin":973,"ymin":1157,"xmax":1072,"ymax":1247}},{"name":" info","bndbox":{"xmin":976,"ymin":1337,"xmax":1054,"ymax":1418}},{"name":" info","bndbox":{"xmin":985,"ymin":1506,"xmax":1045,"ymax":1596}},{"name":" info","bndbox":{"xmin":967,"ymin":1686,"xmax":1057,"ymax":1758}}]},"time_labeled":1695982583912,"labeled":true,"size":{"width":1080,"height":1920,"depth":3}}