{"path":"C:\\Samsung Prism\\myvenv\\datasets\\images\\train\\33948.jpg","outputs":{"object":[{"name":" more","bndbox":{"xmin":985,"ymin":16,"xmax":1045,"ymax":139}},{"name":" refresh","bndbox":{"xmin":12,"ymin":1373,"xmax":121,"ymax":1530}},{"name":" arrow forward","bndbox":{"xmin":721,"ymin":1235,"xmax":829,"ymax":1373}},{"name":" arrow backward","bndbox":{"xmin":259,"ymin":1253,"xmax":361,"ymax":1355}},{"name":" menu","bndbox":{"xmin":940,"ymin":1397,"xmax":1084,"ymax":1460}},{"name":" play","bndbox":{"xmin":469,"ymin":1241,"xmax":595,"ymax":1361}}]},"time_labeled":1695986572248,"labeled":true,"size":{"width":1080,"height":1920,"depth":3}}