{"path":"C:\\Samsung Prism\\myvenv\\datasets\\images\\train\\33947.jpg","outputs":{"object":[{"name":" more","bndbox":{"xmin":988,"ymin":16,"xmax":1033,"ymax":124}},{"name":" arrow backward","bndbox":{"xmin":277,"ymin":1229,"xmax":331,"ymax":1337}},{"name":" arrow forward","bndbox":{"xmin":745,"ymin":1244,"xmax":793,"ymax":1361}},{"name":" menu","bndbox":{"xmin":931,"ymin":1385,"xmax":1093,"ymax":1469}},{"name":" refresh","bndbox":{"xmin":12,"ymin":1385,"xmax":133,"ymax":1530}},{"name":" pause","bndbox":{"xmin":486,"ymin":1234,"xmax":597,"ymax":1351}}]},"time_labeled":1695986647180,"labeled":true,"size":{"width":1080,"height":1920,"depth":3}}