{"path":"C:\\Samsung Prism\\myvenv\\datasets\\images\\train\\33946.jpg","outputs":{"object":[{"name":" more","bndbox":{"xmin":964,"ymin":4,"xmax":1057,"ymax":148}},{"name":" refresh","bndbox":{"xmin":0,"ymin":1391,"xmax":124,"ymax":1521}},{"name":" settings","bndbox":{"xmin":541,"ymin":1208,"xmax":631,"ymax":1301}},{"name":" share","bndbox":{"xmin":541,"ymin":1421,"xmax":643,"ymax":1524}},{"name":" info","bndbox":{"xmin":60,"ymin":1289,"xmax":112,"ymax":1352}}]},"time_labeled":1695986349280,"labeled":true,"size":{"width":1080,"height":1920,"depth":3}}