{"path":"C:\\Samsung Prism\\myvenv\\datasets\\images\\train\\33959.jpg","outputs":{"object":[{"name":" more","bndbox":{"xmin":988,"ymin":4,"xmax":1039,"ymax":127}},{"name":" pause","bndbox":{"xmin":484,"ymin":1241,"xmax":601,"ymax":1349}},{"name":" arrow backward","bndbox":{"xmin":265,"ymin":1232,"xmax":361,"ymax":1361}},{"name":" arrow forward","bndbox":{"xmin":721,"ymin":1232,"xmax":808,"ymax":1355}},{"name":" refresh","bndbox":{"xmin":3,"ymin":1397,"xmax":121,"ymax":1530}},{"name":" menu","bndbox":{"xmin":952,"ymin":1397,"xmax":1075,"ymax":1469}}]},"time_labeled":1696064542261,"labeled":true,"size":{"width":1080,"height":1920,"depth":3}}