{"path":"C:\\Samsung Prism\\myvenv\\datasets\\images\\train\\33957.jpg","outputs":{"object":[{"name":" more","bndbox":{"xmin":989,"ymin":4,"xmax":1043,"ymax":124}},{"name":" play","bndbox":{"xmin":490,"ymin":1241,"xmax":587,"ymax":1349}},{"name":" arrow backward","bndbox":{"xmin":265,"ymin":1235,"xmax":358,"ymax":1349}},{"name":" arrow forward","bndbox":{"xmin":734,"ymin":1229,"xmax":815,"ymax":1340}},{"name":" refresh","bndbox":{"xmin":13,"ymin":1409,"xmax":130,"ymax":1524}},{"name":" menu","bndbox":{"xmin":947,"ymin":1400,"xmax":1079,"ymax":1484}}]},"time_labeled":1696064407480,"labeled":true,"size":{"width":1080,"height":1920,"depth":3}}