{"path":"C:\\Samsung Prism\\myvenv\\datasets\\images\\train\\33958.jpg","outputs":{"object":[{"name":" more","bndbox":{"xmin":979,"ymin":4,"xmax":1033,"ymax":118}},{"name":" refresh","bndbox":{"xmin":0,"ymin":1391,"xmax":124,"ymax":1512}},{"name":" settings","bndbox":{"xmin":556,"ymin":1205,"xmax":631,"ymax":1292}},{"name":" share","bndbox":{"xmin":553,"ymin":1427,"xmax":631,"ymax":1521}},{"name":" arrow backward","bndbox":{"xmin":277,"ymin":1241,"xmax":349,"ymax":1361}}]},"time_labeled":1696064482690,"labeled":true,"size":{"width":1080,"height":1920,"depth":3}}