{"path":"C:\\Samsung Prism\\myvenv\\datasets\\images\\train\\33953.jpg","outputs":{"object":[{"name":" more","bndbox":{"xmin":979,"ymin":16,"xmax":1045,"ymax":127}},{"name":" arrow backward","bndbox":{"xmin":268,"ymin":1235,"xmax":349,"ymax":1355}},{"name":" arrow forward","bndbox":{"xmin":727,"ymin":1229,"xmax":805,"ymax":1358}},{"name":" menu","bndbox":{"xmin":952,"ymin":1397,"xmax":1069,"ymax":1481}},{"name":" refresh","bndbox":{"xmin":0,"ymin":1391,"xmax":121,"ymax":1524}}]},"time_labeled":1696058602255,"labeled":true,"size":{"width":1080,"height":1920,"depth":3}}