{"path":"C:\\Samsung Prism\\myvenv\\datasets\\images\\train\\33954.jpg","outputs":{"object":[{"name":" more","bndbox":{"xmin":983,"ymin":16,"xmax":1037,"ymax":136}},{"name":" refresh","bndbox":{"xmin":1,"ymin":1409,"xmax":118,"ymax":1530}},{"name":" menu","bndbox":{"xmin":947,"ymin":1397,"xmax":1067,"ymax":1463}},{"name":" arrow backward","bndbox":{"xmin":256,"ymin":1241,"xmax":364,"ymax":1361}},{"name":" arrow forward","bndbox":{"xmin":731,"ymin":1244,"xmax":803,"ymax":1349}},{"name":" pause","bndbox":{"xmin":466,"ymin":1232,"xmax":605,"ymax":1361}}]},"time_labeled":1696058676651,"labeled":true,"size":{"width":1080,"height":1920,"depth":3}}