{"path":"C:\\Samsung Prism\\myvenv\\datasets\\images\\train\\33963.jpg","outputs":{"object":[{"name":" arrow forward","bndbox":{"xmin":988,"ymin":256,"xmax":1045,"ymax":334}},{"name":" arrow forward","bndbox":{"xmin":997,"ymin":737,"xmax":1036,"ymax":797}},{"name":" arrow forward","bndbox":{"xmin":985,"ymin":965,"xmax":1039,"ymax":1040}},{"name":" arrow forward","bndbox":{"xmin":985,"ymin":1133,"xmax":1057,"ymax":1205}},{"name":" arrow forward","bndbox":{"xmin":991,"ymin":1304,"xmax":1033,"ymax":1352}}]},"time_labeled":1696064641053,"labeled":true,"size":{"width":1080,"height":1920,"depth":3}}