{"path":"C:\\Samsung Prism\\myvenv\\datasets\\images\\train\\33966.jpg","outputs":{"object":[{"name":" more","bndbox":{"xmin":988,"ymin":88,"xmax":1057,"ymax":172}},{"name":" add","bndbox":{"xmin":943,"ymin":797,"xmax":1021,"ymax":845}},{"name":" add","bndbox":{"xmin":937,"ymin":923,"xmax":1009,"ymax":977}},{"name":" add","bndbox":{"xmin":940,"ymin":1049,"xmax":997,"ymax":1115}},{"name":" add","bndbox":{"xmin":943,"ymin":1193,"xmax":997,"ymax":1244}},{"name":" add","bndbox":{"xmin":937,"ymin":1313,"xmax":1009,"ymax":1364}},{"name":" add","bndbox":{"xmin":948,"ymin":1453,"xmax":999,"ymax":1507}}]},"time_labeled":1696064708408,"labeled":true,"size":{"width":1080,"height":1920,"depth":3}}