{"path":"C:\\Samsung Prism\\myvenv\\datasets\\images\\train\\33976.jpg","outputs":{"object":[{"name":" menu","bndbox":{"xmin":15,"ymin":76,"xmax":115,"ymax":148}},{"name":" search","bndbox":{"xmin":985,"ymin":79,"xmax":1072,"ymax":172}},{"name":" arrow forward","bndbox":{"xmin":1009,"ymin":223,"xmax":1057,"ymax":292}},{"name":" share","bndbox":{"xmin":817,"ymin":785,"xmax":901,"ymax":857}},{"name":"star","bndbox":{"xmin":700,"ymin":791,"xmax":784,"ymax":863}},{"name":" check","bndbox":{"xmin":745,"ymin":1650,"xmax":799,"ymax":1710}},{"name":" expand more","bndbox":{"xmin":463,"ymin":1361,"xmax":499,"ymax":1409}}]},"time_labeled":1696064844631,"labeled":true,"size":{"width":1080,"height":1920,"depth":3}}