{"path":"C:\\Samsung Prism\\myvenv\\datasets\\images\\train\\33977.jpg","outputs":{"object":[{"name":" menu","bndbox":{"xmin":12,"ymin":70,"xmax":121,"ymax":160}},{"name":" search","bndbox":{"xmin":988,"ymin":94,"xmax":1057,"ymax":160}},{"name":" arrow forward","bndbox":{"xmin":1012,"ymin":196,"xmax":1072,"ymax":280}},{"name":" check","bndbox":{"xmin":916,"ymin":1509,"xmax":961,"ymax":1590}},{"name":" share","bndbox":{"xmin":817,"ymin":785,"xmax":892,"ymax":857}},{"name":"star","bndbox":{"xmin":723,"ymin":786,"xmax":783,"ymax":870}}]},"time_labeled":1696064893221,"labeled":true,"size":{"width":1080,"height":1920,"depth":3}}