{"path":"C:\\Samsung Prism\\myvenv\\datasets\\images\\train\\33985.jpg","outputs":{"object":[{"name":" more","bndbox":{"xmin":1009,"ymin":100,"xmax":1057,"ymax":184}},{"name":" add","bndbox":{"xmin":931,"ymin":1264,"xmax":991,"ymax":1330}},{"name":" add","bndbox":{"xmin":481,"ymin":773,"xmax":637,"ymax":923}},{"name":" add","bndbox":{"xmin":901,"ymin":1569,"xmax":1036,"ymax":1638}},{"name":" add","bndbox":{"xmin":925,"ymin":1698,"xmax":1003,"ymax":1782}}]},"time_labeled":1696065722330,"labeled":true,"size":{"width":1080,"height":1920,"depth":3}}