{"path":"C:\\Samsung Prism\\myvenv\\datasets\\images\\train\\34034.jpg","outputs":{"object":[{"name":" arrow backward","bndbox":{"xmin":36,"ymin":103,"xmax":121,"ymax":178}},{"name":" arrow forward","bndbox":{"xmin":1009,"ymin":238,"xmax":1069,"ymax":346}},{"name":" arrow forward","bndbox":{"xmin":1009,"ymin":388,"xmax":1057,"ymax":484}},{"name":" more","bndbox":{"xmin":1009,"ymin":112,"xmax":1033,"ymax":172}},{"name":" settings","bndbox":{"xmin":48,"ymin":235,"xmax":121,"ymax":352}}]},"time_labeled":1696067046556,"labeled":true,"size":{"width":1080,"height":1920,"depth":3}}