{"path":"C:\\Samsung Prism\\myvenv\\datasets\\images\\train\\23697.jpg","outputs":{"object":[{"name":" search","bndbox":{"xmin":953,"ymin":319,"xmax":1037,"ymax":424}},{"name":" expand more","bndbox":{"xmin":947,"ymin":749,"xmax":1013,"ymax":803}},{"name":" expand more","bndbox":{"xmin":944,"ymin":875,"xmax":1016,"ymax":935}},{"name":" expand more","bndbox":{"xmin":953,"ymin":1001,"xmax":1007,"ymax":1049}},{"name":" expand more","bndbox":{"xmin":956,"ymin":1121,"xmax":1013,"ymax":1181}},{"name":" expand more","bndbox":{"xmin":941,"ymin":1244,"xmax":1028,"ymax":1301}},{"name":" expand more","bndbox":{"xmin":953,"ymin":1376,"xmax":1019,"ymax":1421}},{"name":" expand more","bndbox":{"xmin":947,"ymin":1496,"xmax":1007,"ymax":1533}},{"name":" expand more","bndbox":{"xmin":941,"ymin":1614,"xmax":1016,"ymax":1662}},{"name":" Cart","bndbox":{"xmin":929,"ymin":196,"xmax":1052,"ymax":292}}]},"time_labeled":1695902370990,"labeled":true,"size":{"width":1080,"height":1920,"depth":3}}