{"path":"C:\\Samsung Prism\\myvenv\\datasets\\images\\train\\23730.jpg","outputs":{"object":[{"name":" expand more","bndbox":{"xmin":500,"ymin":148,"xmax":524,"ymax":170}},{"name":" expand more","bndbox":{"xmin":503,"ymin":185,"xmax":524,"ymax":212}},{"name":" expand more","bndbox":{"xmin":496,"ymin":263,"xmax":532,"ymax":284}},{"name":" expand more","bndbox":{"xmin":502,"ymin":302,"xmax":524,"ymax":320}},{"name":" expand more","bndbox":{"xmin":494,"ymin":335,"xmax":530,"ymax":362}},{"name":" expand more","bndbox":{"xmin":500,"ymin":377,"xmax":527,"ymax":398}},{"name":" expand more","bndbox":{"xmin":500,"ymin":413,"xmax":530,"ymax":440}},{"name":" expand more","bndbox":{"xmin":500,"ymin":488,"xmax":524,"ymax":512}},{"name":" expand more","bndbox":{"xmin":500,"ymin":526,"xmax":530,"ymax":554}},{"name":" expand more","bndbox":{"xmin":497,"ymin":566,"xmax":530,"ymax":586}},{"name":" expand more","bndbox":{"xmin":500,"ymin":602,"xmax":524,"ymax":626}},{"name":" expand more","bndbox":{"xmin":500,"ymin":641,"xmax":524,"ymax":668}},{"name":" expand more","bndbox":{"xmin":497,"ymin":683,"xmax":530,"ymax":704}},{"name":" expand more","bndbox":{"xmin":500,"ymin":719,"xmax":526,"ymax":740}},{"name":" expand more","bndbox":{"xmin":502,"ymin":794,"xmax":524,"ymax":812}},{"name":" expand more","bndbox":{"xmin":500,"ymin":827,"xmax":524,"ymax":848}},{"name":" expand more","bndbox":{"xmin":500,"ymin":869,"xmax":528,"ymax":887}}]},"time_labeled":1695903652912,"labeled":true,"size":{"width":540,"height":960,"depth":3}}