{"path":"C:\\Samsung Prism\\myvenv\\datasets\\images\\train\\23767.jpg","outputs":{"object":[{"name":" arrow backward","bndbox":{"xmin":20,"ymin":44,"xmax":53,"ymax":92}},{"name":" search","bndbox":{"xmin":308,"ymin":44,"xmax":346,"ymax":86}},{"name":"star","bndbox":{"xmin":434,"ymin":38,"xmax":476,"ymax":94}},{"name":" more","bndbox":{"xmin":496,"ymin":50,"xmax":524,"ymax":92}},{"name":" arrow forward","bndbox":{"xmin":479,"ymin":116,"xmax":518,"ymax":152}},{"name":" arrow backward","bndbox":{"xmin":22,"ymin":116,"xmax":56,"ymax":152}}]},"time_labeled":1695967037300,"labeled":true,"size":{"width":540,"height":960,"depth":3}}