{"path":"C:\\Samsung Prism\\myvenv\\datasets\\images\\train\\23760.jpg","outputs":{"object":[{"name":" menu","bndbox":{"xmin":23,"ymin":100,"xmax":116,"ymax":175}},{"name":" search","bndbox":{"xmin":731,"ymin":91,"xmax":827,"ymax":196}},{"name":" play","bndbox":{"xmin":860,"ymin":82,"xmax":969,"ymax":196}},{"name":" more","bndbox":{"xmin":993,"ymin":88,"xmax":1065,"ymax":187}},{"name":" add","bndbox":{"xmin":812,"ymin":1557,"xmax":1053,"ymax":1725}}]},"time_labeled":1695911971737,"labeled":true,"size":{"width":1080,"height":1920,"depth":3}}