{"path":"C:\\Samsung Prism\\myvenv\\datasets\\images\\train\\23801.jpg","outputs":{"object":[{"name":" check","bndbox":{"xmin":881,"ymin":809,"xmax":977,"ymax":899}},{"name":" check","bndbox":{"xmin":887,"ymin":1007,"xmax":977,"ymax":1103}},{"name":" check","bndbox":{"xmin":881,"ymin":280,"xmax":980,"ymax":379}},{"name":" check","bndbox":{"xmin":869,"ymin":100,"xmax":992,"ymax":184}},{"name":" expand more","bndbox":{"xmin":881,"ymin":665,"xmax":956,"ymax":725}}]},"time_labeled":1695968206166,"labeled":true,"size":{"width":1080,"height":1920,"depth":3}}