{"path":"C:\\Samsung Prism\\myvenv\\datasets\\images\\train\\23853.jpg","outputs":{"object":[{"name":" menu","bndbox":{"xmin":17,"ymin":44,"xmax":56,"ymax":88}},{"name":" expand more","bndbox":{"xmin":488,"ymin":424,"xmax":518,"ymax":461}},{"name":" expand more","bndbox":{"xmin":488,"ymin":503,"xmax":524,"ymax":538}},{"name":" expand more","bndbox":{"xmin":482,"ymin":578,"xmax":524,"ymax":614}},{"name":" expand more","bndbox":{"xmin":182,"ymin":50,"xmax":212,"ymax":77}}]},"time_labeled":1695969483563,"labeled":true,"size":{"width":540,"height":960,"depth":3}}