{"path":"C:\\Samsung Prism\\myvenv\\datasets\\images\\train\\23860.jpg","outputs":{"object":[{"name":" arrow backward","bndbox":{"xmin":16,"ymin":79,"xmax":91,"ymax":172}},{"name":" more","bndbox":{"xmin":971,"ymin":76,"xmax":1031,"ymax":175}},{"name":" search","bndbox":{"xmin":160,"ymin":82,"xmax":235,"ymax":163}},{"name":" check","bndbox":{"xmin":941,"ymin":1133,"xmax":1049,"ymax":1229}},{"name":" check","bndbox":{"xmin":941,"ymin":1301,"xmax":1052,"ymax":1385}}]},"time_labeled":1695969654150,"labeled":true,"size":{"width":1080,"height":1920,"depth":3}}