{"path":"C:\\Samsung Prism\\myvenv\\datasets\\images\\train\\23906.jpg","outputs":{"object":[{"name":" search","bndbox":{"xmin":52,"ymin":1614,"xmax":175,"ymax":1734}},{"name":"star","bndbox":{"xmin":256,"ymin":1614,"xmax":400,"ymax":1737}},{"name":" share","bndbox":{"xmin":671,"ymin":1614,"xmax":845,"ymax":1746}},{"name":" add","bndbox":{"xmin":908,"ymin":1602,"xmax":1001,"ymax":1725}},{"name":"star","bndbox":{"xmin":259,"ymin":415,"xmax":334,"ymax":496}}]},"time_labeled":1695970678413,"labeled":true,"size":{"width":1080,"height":1920,"depth":3}}