{"path":"C:\\Samsung Prism\\myvenv\\datasets\\images\\train\\23955.jpg","outputs":{"object":[{"name":" expand more","bndbox":{"xmin":977,"ymin":367,"xmax":1073,"ymax":427}},{"name":" edit","bndbox":{"xmin":812,"ymin":1148,"xmax":917,"ymax":1244}},{"name":" search","bndbox":{"xmin":175,"ymin":1148,"xmax":259,"ymax":1232}},{"name":"star","bndbox":{"xmin":172,"ymin":1421,"xmax":280,"ymax":1530}},{"name":" settings","bndbox":{"xmin":466,"ymin":1415,"xmax":599,"ymax":1542}}]},"time_labeled":1695985371966,"labeled":true,"size":{"width":1080,"height":1920,"depth":3}}