{"path":"C:\\Samsung Prism\\myvenv\\datasets\\images\\train\\23981.jpg","outputs":{"object":[{"name":" menu","bndbox":{"xmin":28,"ymin":88,"xmax":124,"ymax":178}},{"name":" delete","bndbox":{"xmin":977,"ymin":94,"xmax":1061,"ymax":196}},{"name":" more","bndbox":{"xmin":1001,"ymin":400,"xmax":1049,"ymax":490}},{"name":" more","bndbox":{"xmin":1004,"ymin":617,"xmax":1037,"ymax":704}},{"name":" more","bndbox":{"xmin":1013,"ymin":821,"xmax":1031,"ymax":929}},{"name":" more","bndbox":{"xmin":1001,"ymin":1055,"xmax":1049,"ymax":1145}}]},"time_labeled":1695985832031,"labeled":true,"size":{"width":1080,"height":1920,"depth":3}}