{"path":"C:\\Samsung Prism\\myvenv\\datasets\\images\\train\\23988.jpg","outputs":{"object":[{"name":" delete","bndbox":{"xmin":16,"ymin":88,"xmax":22,"ymax":91}},{"name":" menu","bndbox":{"xmin":40,"ymin":100,"xmax":106,"ymax":166}},{"name":" search","bndbox":{"xmin":965,"ymin":88,"xmax":1049,"ymax":172}},{"name":" more","bndbox":{"xmin":1004,"ymin":400,"xmax":1040,"ymax":490}},{"name":" more","bndbox":{"xmin":1001,"ymin":608,"xmax":1073,"ymax":701}},{"name":" more","bndbox":{"xmin":1001,"ymin":833,"xmax":1061,"ymax":920}},{"name":" more","bndbox":{"xmin":1001,"ymin":1037,"xmax":1043,"ymax":1157}},{"name":" more","bndbox":{"xmin":1004,"ymin":1271,"xmax":1040,"ymax":1388}},{"name":" more","bndbox":{"xmin":1004,"ymin":1493,"xmax":1040,"ymax":1602}}]},"time_labeled":1695986032376,"labeled":true,"size":{"width":1080,"height":1920,"depth":3}}