{"path":"C:\\Samsung Prism\\myvenv\\datasets\\images\\train\\23983.jpg","outputs":{"object":[{"name":" menu","bndbox":{"xmin":28,"ymin":88,"xmax":112,"ymax":172}},{"name":" search","bndbox":{"xmin":965,"ymin":100,"xmax":1061,"ymax":184}},{"name":" more","bndbox":{"xmin":1001,"ymin":400,"xmax":1049,"ymax":484}},{"name":" more","bndbox":{"xmin":989,"ymin":605,"xmax":1049,"ymax":713}},{"name":" more","bndbox":{"xmin":1001,"ymin":833,"xmax":1037,"ymax":929}},{"name":" more","bndbox":{"xmin":992,"ymin":1061,"xmax":1049,"ymax":1145}},{"name":" more","bndbox":{"xmin":1001,"ymin":1280,"xmax":1040,"ymax":1373}},{"name":" more","bndbox":{"xmin":1004,"ymin":1506,"xmax":1037,"ymax":1590}}]},"time_labeled":1695985888458,"labeled":true,"size":{"width":1080,"height":1920,"depth":3}}