{"path":"C:\\Samsung Prism\\myvenv\\datasets\\images\\train\\23995.jpg","outputs":{"object":[{"name":"star","bndbox":{"xmin":16,"ymin":166,"xmax":112,"ymax":268}},{"name":" refresh","bndbox":{"xmin":965,"ymin":166,"xmax":1052,"ymax":262}},{"name":" search","bndbox":{"xmin":968,"ymin":668,"xmax":1037,"ymax":761}},{"name":" more","bndbox":{"xmin":64,"ymin":1698,"xmax":127,"ymax":1800}},{"name":" home","bndbox":{"xmin":220,"ymin":1704,"xmax":304,"ymax":1797}}]},"time_labeled":1695986407161,"labeled":true,"size":{"width":1080,"height":1920,"depth":3}}