{"path":"C:\\Samsung Prism\\myvenv\\datasets\\images\\train\\24019.jpg","outputs":{"object":[{"name":" expand more","bndbox":{"xmin":11,"ymin":52,"xmax":56,"ymax":82}},{"name":" search","bndbox":{"xmin":370,"ymin":46,"xmax":410,"ymax":86}},{"name":" add","bndbox":{"xmin":440,"ymin":50,"xmax":473,"ymax":83}},{"name":" more","bndbox":{"xmin":500,"ymin":44,"xmax":518,"ymax":82}},{"name":" expand more","bndbox":{"xmin":476,"ymin":239,"xmax":515,"ymax":272}},{"name":" expand more","bndbox":{"xmin":476,"ymin":374,"xmax":512,"ymax":404}},{"name":" expand more","bndbox":{"xmin":476,"ymin":518,"xmax":512,"ymax":548}},{"name":" expand more","bndbox":{"xmin":482,"ymin":650,"xmax":512,"ymax":682}},{"name":" expand more","bndbox":{"xmin":476,"ymin":788,"xmax":515,"ymax":824}}]},"time_labeled":1695987120572,"labeled":true,"size":{"width":540,"height":960,"depth":3}}