{"path":"C:\\Samsung Prism\\myvenv\\datasets\\images\\train\\24017.jpg","outputs":{"object":[{"name":" menu","bndbox":{"xmin":14,"ymin":46,"xmax":56,"ymax":94}},{"name":" search","bndbox":{"xmin":370,"ymin":46,"xmax":416,"ymax":98}},{"name":" add","bndbox":{"xmin":436,"ymin":47,"xmax":476,"ymax":86}},{"name":" more","bndbox":{"xmin":494,"ymin":44,"xmax":524,"ymax":89}},{"name":" share","bndbox":{"xmin":5,"ymin":749,"xmax":53,"ymax":796}}]},"time_labeled":1695987049680,"labeled":true,"size":{"width":540,"height":960,"depth":3}}