{"path":"C:\\Samsung Prism\\myvenv\\datasets\\images\\train\\24016.jpg","outputs":{"object":[{"name":" menu","bndbox":{"xmin":14,"ymin":46,"xmax":65,"ymax":92}},{"name":" search","bndbox":{"xmin":371,"ymin":47,"xmax":410,"ymax":86}},{"name":" add","bndbox":{"xmin":440,"ymin":44,"xmax":476,"ymax":86}},{"name":" more","bndbox":{"xmin":496,"ymin":44,"xmax":527,"ymax":86}},{"name":" expand more","bndbox":{"xmin":482,"ymin":452,"xmax":512,"ymax":476}},{"name":" expand more","bndbox":{"xmin":476,"ymin":590,"xmax":518,"ymax":626}},{"name":" expand more","bndbox":{"xmin":476,"ymin":728,"xmax":514,"ymax":764}},{"name":" expand more","bndbox":{"xmin":479,"ymin":866,"xmax":509,"ymax":893}}]},"time_labeled":1695986991504,"labeled":true,"size":{"width":540,"height":960,"depth":3}}