{"path":"C:\\Samsung Prism\\myvenv\\datasets\\images\\train\\24023.jpg","outputs":{"object":[{"name":" info","bndbox":{"xmin":959,"ymin":76,"xmax":1085,"ymax":160}},{"name":" search","bndbox":{"xmin":28,"ymin":208,"xmax":100,"ymax":292}},{"name":" expand more","bndbox":{"xmin":7,"ymin":346,"xmax":67,"ymax":412}},{"name":" expand more","bndbox":{"xmin":-4,"ymin":466,"xmax":79,"ymax":539}},{"name":" expand more","bndbox":{"xmin":4,"ymin":593,"xmax":76,"ymax":668}},{"name":" expand more","bndbox":{"xmin":-4,"ymin":719,"xmax":76,"ymax":797}}]},"time_labeled":1695987641540,"labeled":true,"size":{"width":1080,"height":1920,"depth":3}}