{"path":"C:\\Samsung Prism\\myvenv\\datasets\\images\\train\\24022.jpg","outputs":{"object":[{"name":" info","bndbox":{"xmin":977,"ymin":79,"xmax":1061,"ymax":160}},{"name":" search","bndbox":{"xmin":28,"ymin":214,"xmax":88,"ymax":286}},{"name":" expand more","bndbox":{"xmin":4,"ymin":343,"xmax":76,"ymax":403}},{"name":" expand more","bndbox":{"xmin":4,"ymin":463,"xmax":79,"ymax":533}},{"name":" expand more","bndbox":{"xmin":4,"ymin":599,"xmax":76,"ymax":665}}]},"time_labeled":1695987478501,"labeled":true,"size":{"width":1080,"height":1920,"depth":3}}