{"path":"C:\\Samsung Prism\\myvenv\\datasets\\images\\train\\24020.jpg","outputs":{"object":[{"name":" menu","bndbox":{"xmin":14,"ymin":46,"xmax":62,"ymax":86}},{"name":" search","bndbox":{"xmin":370,"ymin":50,"xmax":410,"ymax":82}},{"name":" add","bndbox":{"xmin":436,"ymin":46,"xmax":470,"ymax":80}},{"name":" more","bndbox":{"xmin":494,"ymin":50,"xmax":520,"ymax":86}},{"name":" expand more","bndbox":{"xmin":482,"ymin":239,"xmax":512,"ymax":268}},{"name":" expand more","bndbox":{"xmin":485,"ymin":380,"xmax":518,"ymax":404}},{"name":" expand more","bndbox":{"xmin":476,"ymin":512,"xmax":514,"ymax":542}},{"name":" expand more","bndbox":{"xmin":476,"ymin":656,"xmax":512,"ymax":682}}]},"time_labeled":1695987390050,"labeled":true,"size":{"width":540,"height":960,"depth":3}}