{"path":"C:\\Samsung Prism\\myvenv\\datasets\\images\\train\\24069.jpg","outputs":{"object":[{"name":" home","bndbox":{"xmin":949,"ymin":79,"xmax":1069,"ymax":178}},{"name":" add","bndbox":{"xmin":24,"ymin":1013,"xmax":109,"ymax":1091}},{"name":" add","bndbox":{"xmin":18,"ymin":1145,"xmax":96,"ymax":1220}},{"name":" add","bndbox":{"xmin":24,"ymin":1271,"xmax":99,"ymax":1355}},{"name":" add","bndbox":{"xmin":15,"ymin":1409,"xmax":96,"ymax":1493}},{"name":" add","bndbox":{"xmin":24,"ymin":1542,"xmax":96,"ymax":1614}}]},"time_labeled":1696053889317,"labeled":true,"size":{"width":1080,"height":1920,"depth":3}}