{"path":"C:\\Samsung Prism\\myvenv\\datasets\\images\\train\\24079.jpg","outputs":{"object":[{"name":" home","bndbox":{"xmin":964,"ymin":88,"xmax":1045,"ymax":166}},{"name":" call","bndbox":{"xmin":12,"ymin":941,"xmax":66,"ymax":977}},{"name":" add","bndbox":{"xmin":24,"ymin":1073,"xmax":96,"ymax":1136}},{"name":" add","bndbox":{"xmin":36,"ymin":1211,"xmax":90,"ymax":1271}},{"name":" add","bndbox":{"xmin":36,"ymin":1349,"xmax":99,"ymax":1409}},{"name":" add","bndbox":{"xmin":24,"ymin":1457,"xmax":96,"ymax":1542}},{"name":" add","bndbox":{"xmin":24,"ymin":1602,"xmax":96,"ymax":1674}}]},"time_labeled":1696054166101,"labeled":true,"size":{"width":1080,"height":1920,"depth":3}}