{"path":"C:\\Samsung Prism\\myvenv\\datasets\\images\\train\\24072.jpg","outputs":{"object":[{"name":" home","bndbox":{"xmin":964,"ymin":88,"xmax":1048,"ymax":172}},{"name":" add","bndbox":{"xmin":6,"ymin":220,"xmax":66,"ymax":280}},{"name":" add","bndbox":{"xmin":6,"ymin":352,"xmax":72,"ymax":415}},{"name":" add","bndbox":{"xmin":0,"ymin":487,"xmax":63,"ymax":545}},{"name":" add","bndbox":{"xmin":6,"ymin":617,"xmax":66,"ymax":677}},{"name":" add","bndbox":{"xmin":12,"ymin":749,"xmax":72,"ymax":824}},{"name":" add","bndbox":{"xmin":6,"ymin":893,"xmax":60,"ymax":953}},{"name":" add","bndbox":{"xmin":12,"ymin":1004,"xmax":63,"ymax":1085}},{"name":" add","bndbox":{"xmin":0,"ymin":1157,"xmax":63,"ymax":1208}},{"name":" add","bndbox":{"xmin":3,"ymin":1289,"xmax":72,"ymax":1349}},{"name":" add","bndbox":{"xmin":6,"ymin":1421,"xmax":72,"ymax":1475}},{"name":" add","bndbox":{"xmin":3,"ymin":1554,"xmax":72,"ymax":1614}},{"name":" add","bndbox":{"xmin":3,"ymin":1677,"xmax":72,"ymax":1740}}]},"time_labeled":1696053972858,"labeled":true,"size":{"width":1080,"height":1920,"depth":3}}