{"path":"C:\\Samsung Prism\\myvenv\\datasets\\images\\train\\24177.jpg","outputs":{"object":[{"name":" arrow backward","bndbox":{"xmin":39,"ymin":93,"xmax":105,"ymax":168}},{"name":" expand more","bndbox":{"xmin":581,"ymin":112,"xmax":623,"ymax":154}},{"name":" play","bndbox":{"xmin":977,"ymin":103,"xmax":1049,"ymax":172}},{"name":" arrow forward","bndbox":{"xmin":364,"ymin":1686,"xmax":475,"ymax":1770}}]},"time_labeled":1696056001418,"labeled":true,"size":{"width":1080,"height":1920,"depth":3}}