{"path":"C:\\Samsung Prism\\myvenv\\datasets\\images\\train\\24182.jpg","outputs":{"object":[{"name":" menu","bndbox":{"xmin":40,"ymin":127,"xmax":124,"ymax":232}},{"name":" search","bndbox":{"xmin":929,"ymin":124,"xmax":1064,"ymax":238}},{"name":" share","bndbox":{"xmin":4,"ymin":1427,"xmax":112,"ymax":1524}},{"name":" play","bndbox":{"xmin":509,"ymin":1445,"xmax":581,"ymax":1506}},{"name":" home","bndbox":{"xmin":88,"ymin":1662,"xmax":184,"ymax":1746}}]},"time_labeled":1696056223436,"labeled":true,"size":{"width":1080,"height":1920,"depth":3}}