{"path":"C:\\Samsung Prism\\myvenv\\datasets\\images\\train\\24211.jpg","outputs":{"object":[{"name":" arrow backward","bndbox":{"xmin":40,"ymin":79,"xmax":112,"ymax":148}},{"name":" search","bndbox":{"xmin":668,"ymin":79,"xmax":743,"ymax":160}},{"name":" share","bndbox":{"xmin":776,"ymin":82,"xmax":860,"ymax":160}},{"name":" Cart","bndbox":{"xmin":881,"ymin":88,"xmax":968,"ymax":160}},{"name":" more","bndbox":{"xmin":992,"ymin":82,"xmax":1061,"ymax":160}},{"name":" edit","bndbox":{"xmin":917,"ymin":460,"xmax":989,"ymax":512}},{"name":"star","bndbox":{"xmin":833,"ymin":860,"xmax":893,"ymax":941}},{"name":"star","bndbox":{"xmin":908,"ymin":881,"xmax":959,"ymax":935}},{"name":"star","bndbox":{"xmin":971,"ymin":869,"xmax":1028,"ymax":935}}]},"time_labeled":1696056759715,"labeled":true,"size":{"width":1080,"height":1920,"depth":3}}