{"path":"C:\\Samsung Prism\\myvenv\\datasets\\images\\train\\24212.jpg","outputs":{"object":[{"name":" arrow backward","bndbox":{"xmin":22,"ymin":82,"xmax":103,"ymax":172}},{"name":" more","bndbox":{"xmin":995,"ymin":91,"xmax":1049,"ymax":184}},{"name":" Cart","bndbox":{"xmin":872,"ymin":88,"xmax":968,"ymax":184}},{"name":" add","bndbox":{"xmin":442,"ymin":190,"xmax":521,"ymax":280}},{"name":" share","bndbox":{"xmin":343,"ymin":208,"xmax":424,"ymax":271}}]},"time_labeled":1696056812021,"labeled":true,"size":{"width":1080,"height":1920,"depth":3}}