{"path":"C:\\Samsung Prism\\myvenv\\datasets\\images\\train\\2655.jpg","outputs":{"object":[{"name":" Skip Previous","bndbox":{"xmin":16,"ymin":10,"xmax":124,"ymax":118}},{"name":" arrow backward","bndbox":{"xmin":509,"ymin":34,"xmax":635,"ymax":118}},{"name":" arrow forward","bndbox":{"xmin":665,"ymin":34,"xmax":785,"ymax":118}},{"name":" delete","bndbox":{"xmin":806,"ymin":28,"xmax":905,"ymax":130}},{"name":" check","bndbox":{"xmin":926,"ymin":1,"xmax":1085,"ymax":136}}]},"time_labeled":1697801978087,"labeled":true,"size":{"width":1080,"height":1920,"depth":3}}