{"path":"C:\\Samsung Prism\\myvenv\\datasets\\images\\train\\2656.jpg","outputs":{"object":[{"name":"star","bndbox":{"xmin":803,"ymin":1656,"xmax":1007,"ymax":1788}},{"name":" share","bndbox":{"xmin":406,"ymin":1632,"xmax":659,"ymax":1800}},{"name":" refresh","bndbox":{"xmin":70,"ymin":1635,"xmax":280,"ymax":1791}},{"name":" Skip Next","bndbox":{"xmin":710,"ymin":208,"xmax":851,"ymax":361}},{"name":" Skip Next","bndbox":{"xmin":698,"ymin":1500,"xmax":887,"ymax":1632}}]},"time_labeled":1697801978354,"labeled":true,"size":{"width":1080,"height":1920,"depth":3}}