{"path":"C:\\Samsung Prism\\myvenv\\datasets\\images\\train\\2726.jpg","outputs":{"object":[{"name":" add","bndbox":{"xmin":157,"ymin":484,"xmax":253,"ymax":584}},{"name":" add","bndbox":{"xmin":475,"ymin":478,"xmax":592,"ymax":581}},{"name":" add","bndbox":{"xmin":148,"ymin":632,"xmax":268,"ymax":737}},{"name":" add","bndbox":{"xmin":469,"ymin":629,"xmax":592,"ymax":737}},{"name":" add","bndbox":{"xmin":805,"ymin":641,"xmax":949,"ymax":728}}]},"time_labeled":1697801999329,"labeled":true,"size":{"width":1080,"height":1920,"depth":3}}