{"path":"C:\\Samsung Prism\\myvenv\\datasets\\images\\train\\12577.jpg","outputs":{"object":[{"name":" Bluetooth","bndbox":{"xmin":697,"ymin":7,"xmax":760,"ymax":58}},{"name":" search","bndbox":{"xmin":565,"ymin":202,"xmax":664,"ymax":304}},{"name":" Camera","bndbox":{"xmin":568,"ymin":463,"xmax":661,"ymax":551}},{"name":"star","bndbox":{"xmin":577,"ymin":584,"xmax":661,"ymax":692}},{"name":" settings","bndbox":{"xmin":577,"ymin":845,"xmax":661,"ymax":932}},{"name":" info","bndbox":{"xmin":565,"ymin":968,"xmax":655,"ymax":1073}},{"name":" arrow backward","bndbox":{"xmin":193,"ymin":1821,"xmax":283,"ymax":1902}},{"name":" time","bndbox":{"xmin":760,"ymin":7,"xmax":817,"ymax":64}}]},"time_labeled":1696436534034,"labeled":true,"size":{"width":1080,"height":1920,"depth":3}}