{"path":"C:\\Samsung Prism\\myvenv\\datasets\\images\\train\\12576.jpg","outputs":{"object":[{"name":" Bluetooth","bndbox":{"xmin":673,"ymin":4,"xmax":757,"ymax":67}},{"name":" search","bndbox":{"xmin":577,"ymin":208,"xmax":661,"ymax":307}},{"name":" Camera","bndbox":{"xmin":577,"ymin":472,"xmax":649,"ymax":548}},{"name":"star","bndbox":{"xmin":577,"ymin":587,"xmax":661,"ymax":680}},{"name":" settings","bndbox":{"xmin":577,"ymin":845,"xmax":661,"ymax":929}},{"name":" info","bndbox":{"xmin":565,"ymin":965,"xmax":661,"ymax":1064}},{"name":" arrow forward","bndbox":{"xmin":952,"ymin":1521,"xmax":1036,"ymax":1590}},{"name":" arrow backward","bndbox":{"xmin":181,"ymin":1806,"xmax":328,"ymax":1905}},{"name":" time","bndbox":{"xmin":760,"ymin":4,"xmax":820,"ymax":67}}]},"time_labeled":1696436507333,"labeled":true,"size":{"width":1080,"height":1920,"depth":3}}