{"path":"C:\\Samsung Prism\\myvenv\\datasets\\images\\train\\12575.jpg","outputs":{"object":[{"name":" Bluetooth","bndbox":{"xmin":700,"ymin":4,"xmax":757,"ymax":64}},{"name":" info","bndbox":{"xmin":973,"ymin":76,"xmax":1093,"ymax":160}},{"name":" Camera","bndbox":{"xmin":448,"ymin":1578,"xmax":619,"ymax":1725}},{"name":" check","bndbox":{"xmin":889,"ymin":1566,"xmax":1081,"ymax":1716}},{"name":" arrow backward","bndbox":{"xmin":175,"ymin":1806,"xmax":295,"ymax":1902}},{"name":" time","bndbox":{"xmin":757,"ymin":4,"xmax":820,"ymax":67}}]},"time_labeled":1696436497033,"labeled":true,"size":{"width":1080,"height":1920,"depth":3}}