{"path":"C:\\Samsung Prism\\myvenv\\datasets\\images\\train\\12588.jpg","outputs":{"object":[{"name":" close","bndbox":{"xmin":15,"ymin":19,"xmax":121,"ymax":112}},{"name":"star","bndbox":{"xmin":676,"ymin":1545,"xmax":757,"ymax":1620}},{"name":"star","bndbox":{"xmin":769,"ymin":1545,"xmax":829,"ymax":1620}},{"name":"star","bndbox":{"xmin":835,"ymin":1554,"xmax":901,"ymax":1617}},{"name":"star","bndbox":{"xmin":907,"ymin":1548,"xmax":976,"ymax":1620}},{"name":"star","bndbox":{"xmin":985,"ymin":1542,"xmax":1036,"ymax":1614}},{"name":" arrow backward","bndbox":{"xmin":181,"ymin":1806,"xmax":295,"ymax":1902}}]},"time_labeled":1696348372905,"labeled":true,"size":{"width":1080,"height":1920,"depth":3}}