{"path":"C:\\Samsung Prism\\myvenv\\datasets\\images\\train\\12589.jpg","outputs":{"object":[{"name":" Bluetooth","bndbox":{"xmin":664,"ymin":4,"xmax":739,"ymax":64}},{"name":" close","bndbox":{"xmin":-11,"ymin":1746,"xmax":36,"ymax":1806}},{"name":" arrow forward","bndbox":{"xmin":769,"ymin":1674,"xmax":913,"ymax":1782}},{"name":" arrow backward","bndbox":{"xmin":193,"ymin":1818,"xmax":313,"ymax":1893}},{"name":" time","bndbox":{"xmin":739,"ymin":4,"xmax":793,"ymax":64}}]},"time_labeled":1696436687262,"labeled":true,"size":{"width":1080,"height":1920,"depth":3}}