{"path":"C:\\Samsung Prism\\myvenv\\datasets\\images\\train\\12583.jpg","outputs":{"object":[{"name":" Bluetooth","bndbox":{"xmin":688,"ymin":4,"xmax":769,"ymax":64}},{"name":" search","bndbox":{"xmin":568,"ymin":216,"xmax":664,"ymax":306}},{"name":" Camera","bndbox":{"xmin":565,"ymin":463,"xmax":667,"ymax":548}},{"name":"star","bndbox":{"xmin":568,"ymin":593,"xmax":661,"ymax":671}},{"name":" settings","bndbox":{"xmin":577,"ymin":833,"xmax":661,"ymax":941}},{"name":" info","bndbox":{"xmin":571,"ymin":965,"xmax":661,"ymax":1061}},{"name":" arrow backward","bndbox":{"xmin":193,"ymin":1812,"xmax":289,"ymax":1893}},{"name":" time","bndbox":{"xmin":769,"ymin":7,"xmax":817,"ymax":64}}]},"time_labeled":1696436602012,"labeled":true,"size":{"width":1080,"height":1920,"depth":3}}