{"path":"C:\\Samsung Prism\\myvenv\\datasets\\images\\train\\12580.jpg","outputs":{"object":[{"name":" Bluetooth","bndbox":{"xmin":697,"ymin":-7,"xmax":769,"ymax":64}},{"name":" search","bndbox":{"xmin":571,"ymin":214,"xmax":673,"ymax":316}},{"name":" Camera","bndbox":{"xmin":577,"ymin":475,"xmax":652,"ymax":545}},{"name":"star","bndbox":{"xmin":577,"ymin":584,"xmax":655,"ymax":677}},{"name":" settings","bndbox":{"xmin":565,"ymin":848,"xmax":655,"ymax":929}},{"name":" info","bndbox":{"xmin":559,"ymin":965,"xmax":673,"ymax":1073}},{"name":" arrow backward","bndbox":{"xmin":181,"ymin":1821,"xmax":301,"ymax":1902}},{"name":" time","bndbox":{"xmin":769,"ymin":7,"xmax":817,"ymax":76}}]},"time_labeled":1696436581207,"labeled":true,"size":{"width":1080,"height":1920,"depth":3}}