{"path":"C:\\Samsung Prism\\myvenv\\datasets\\images\\train\\12586.jpg","outputs":{"object":[{"name":" Bluetooth","bndbox":{"xmin":673,"ymin":4,"xmax":733,"ymax":64}},{"name":" close","bndbox":{"xmin":-11,"ymin":1734,"xmax":36,"ymax":1806}},{"name":" arrow backward","bndbox":{"xmin":181,"ymin":1800,"xmax":277,"ymax":1905}},{"name":" arrow forward","bndbox":{"xmin":775,"ymin":1686,"xmax":907,"ymax":1782}},{"name":" time","bndbox":{"xmin":745,"ymin":10,"xmax":805,"ymax":55}}]},"time_labeled":1696436668981,"labeled":true,"size":{"width":1080,"height":1920,"depth":3}}