{"path":"C:\\Samsung Prism\\myvenv\\datasets\\images\\train\\12582.jpg","outputs":{"object":[{"name":" Bluetooth","bndbox":{"xmin":697,"ymin":-7,"xmax":763,"ymax":76}},{"name":"star","bndbox":{"xmin":496,"ymin":1289,"xmax":613,"ymax":1409}},{"name":"star","bndbox":{"xmin":505,"ymin":1421,"xmax":613,"ymax":1545}},{"name":"star","bndbox":{"xmin":505,"ymin":1566,"xmax":613,"ymax":1677}},{"name":"star","bndbox":{"xmin":499,"ymin":1704,"xmax":613,"ymax":1806}},{"name":" arrow backward","bndbox":{"xmin":181,"ymin":1806,"xmax":301,"ymax":1893}},{"name":" time","bndbox":{"xmin":769,"ymin":4,"xmax":817,"ymax":76}}]},"time_labeled":1696436595598,"labeled":true,"size":{"width":1080,"height":1920,"depth":3}}