{"path":"C:\\Samsung Prism\\myvenv\\datasets\\images\\train\\12599.jpg","outputs":{"object":[{"name":" menu","bndbox":{"xmin":24,"ymin":88,"xmax":139,"ymax":160}},{"name":" Microphone","bndbox":{"xmin":241,"ymin":304,"xmax":367,"ymax":388}},{"name":" Microphone","bndbox":{"xmin":625,"ymin":310,"xmax":724,"ymax":388}},{"name":" Microphone","bndbox":{"xmin":985,"ymin":304,"xmax":1069,"ymax":388}},{"name":" Microphone","bndbox":{"xmin":268,"ymin":803,"xmax":343,"ymax":887}},{"name":" Microphone","bndbox":{"xmin":637,"ymin":803,"xmax":709,"ymax":884}},{"name":" Microphone","bndbox":{"xmin":976,"ymin":791,"xmax":1081,"ymax":899}},{"name":" arrow backward","bndbox":{"xmin":148,"ymin":1776,"xmax":325,"ymax":1914}}]},"time_labeled":1696435032500,"labeled":true,"size":{"width":1080,"height":1920,"depth":3}}