{"path":"C:\\Samsung Prism\\myvenv\\datasets\\images\\train\\12598.jpg","outputs":{"object":[{"name":" Microphone","bndbox":{"xmin":15,"ymin":79,"xmax":115,"ymax":172}},{"name":" menu","bndbox":{"xmin":30,"ymin":328,"xmax":109,"ymax":436}},{"name":" search","bndbox":{"xmin":24,"ymin":611,"xmax":112,"ymax":692}},{"name":" settings","bndbox":{"xmin":27,"ymin":983,"xmax":103,"ymax":1088}},{"name":" arrow backward","bndbox":{"xmin":172,"ymin":1809,"xmax":313,"ymax":1902}}]},"time_labeled":1696434920170,"labeled":true,"size":{"width":1080,"height":1920,"depth":3}}