{"path":"C:\\Samsung Prism\\myvenv\\datasets\\images\\train\\12592.jpg","outputs":{"object":[{"name":" menu","bndbox":{"xmin":12,"ymin":70,"xmax":145,"ymax":187}},{"name":" play","bndbox":{"xmin":373,"ymin":340,"xmax":721,"ymax":629}},{"name":"star","bndbox":{"xmin":42,"ymin":944,"xmax":121,"ymax":1031}},{"name":"star","bndbox":{"xmin":124,"ymin":947,"xmax":175,"ymax":1025}},{"name":"star","bndbox":{"xmin":181,"ymin":944,"xmax":253,"ymax":1025}},{"name":"star","bndbox":{"xmin":253,"ymin":941,"xmax":316,"ymax":1028}},{"name":"star","bndbox":{"xmin":316,"ymin":947,"xmax":400,"ymax":1028}},{"name":" arrow backward","bndbox":{"xmin":187,"ymin":1794,"xmax":313,"ymax":1914}},{"name":" more","bndbox":{"xmin":913,"ymin":1385,"xmax":1033,"ymax":1518}}]},"time_labeled":1696348676447,"labeled":true,"size":{"width":1080,"height":1920,"depth":3}}