{"path":"C:\\Samsung Prism\\myvenv\\datasets\\images\\train\\12594.jpg","outputs":{"object":[{"name":" menu","bndbox":{"xmin":24,"ymin":82,"xmax":136,"ymax":172}},{"name":" search","bndbox":{"xmin":865,"ymin":88,"xmax":1033,"ymax":160}},{"name":" more","bndbox":{"xmin":961,"ymin":406,"xmax":1075,"ymax":527}},{"name":" more","bndbox":{"xmin":949,"ymin":701,"xmax":1081,"ymax":857}},{"name":" more","bndbox":{"xmin":949,"ymin":1001,"xmax":1075,"ymax":1145}},{"name":" more","bndbox":{"xmin":937,"ymin":1313,"xmax":1072,"ymax":1439}},{"name":" more","bndbox":{"xmin":961,"ymin":1605,"xmax":1072,"ymax":1737}},{"name":" arrow backward","bndbox":{"xmin":175,"ymin":1806,"xmax":301,"ymax":1902}}]},"time_labeled":1696434669415,"labeled":true,"size":{"width":1080,"height":1920,"depth":3}}