{"path":"C:\\Samsung Prism\\myvenv\\datasets\\images\\train\\12596.jpg","outputs":{"object":[{"name":" menu","bndbox":{"xmin":24,"ymin":352,"xmax":112,"ymax":439}},{"name":" search","bndbox":{"xmin":24,"ymin":620,"xmax":99,"ymax":701}},{"name":" settings","bndbox":{"xmin":24,"ymin":1004,"xmax":103,"ymax":1097}},{"name":" arrow backward","bndbox":{"xmin":172,"ymin":1812,"xmax":319,"ymax":1914}},{"name":" Microphone","bndbox":{"xmin":15,"ymin":94,"xmax":109,"ymax":163}}]},"time_labeled":1696434819998,"labeled":true,"size":{"width":1080,"height":1920,"depth":3}}