{"path":"C:\\Samsung Prism\\myvenv\\datasets\\images\\train\\12590.jpg","outputs":{"object":[{"name":" Bluetooth","bndbox":{"xmin":685,"ymin":4,"xmax":745,"ymax":64}},{"name":" close","bndbox":{"xmin":-5,"ymin":1746,"xmax":42,"ymax":1806}},{"name":" arrow forward","bndbox":{"xmin":784,"ymin":1674,"xmax":928,"ymax":1782}},{"name":" arrow backward","bndbox":{"xmin":193,"ymin":1788,"xmax":289,"ymax":1914}},{"name":" time","bndbox":{"xmin":745,"ymin":4,"xmax":793,"ymax":64}}]},"time_labeled":1696436694573,"labeled":true,"size":{"width":1080,"height":1920,"depth":3}}