{"path":"C:\\Samsung Prism\\myvenv\\datasets\\images\\train\\12597.jpg","outputs":{"object":[{"name":" Microphone","bndbox":{"xmin":12,"ymin":79,"xmax":115,"ymax":184}},{"name":" menu","bndbox":{"xmin":15,"ymin":316,"xmax":96,"ymax":424}},{"name":" search","bndbox":{"xmin":24,"ymin":605,"xmax":96,"ymax":704}},{"name":" settings","bndbox":{"xmin":18,"ymin":992,"xmax":96,"ymax":1097}},{"name":" arrow backward","bndbox":{"xmin":175,"ymin":1794,"xmax":313,"ymax":1917}}]},"time_labeled":1696434877785,"labeled":true,"size":{"width":1080,"height":1920,"depth":3}}