{"path":"C:\\Samsung Prism\\myvenv\\datasets\\images\\train\\12613.jpg","outputs":{"object":[{"name":" home","bndbox":{"xmin":18,"ymin":235,"xmax":109,"ymax":319}},{"name":" Cart","bndbox":{"xmin":12,"ymin":644,"xmax":103,"ymax":737}},{"name":" play","bndbox":{"xmin":15,"ymin":1163,"xmax":112,"ymax":1247}},{"name":" play","bndbox":{"xmin":12,"ymin":1268,"xmax":112,"ymax":1364}},{"name":" arrow backward","bndbox":{"xmin":181,"ymin":1821,"xmax":337,"ymax":1893}}]},"time_labeled":1696435484817,"labeled":true,"size":{"width":1080,"height":1920,"depth":3}}