{"path":"C:\\Samsung Prism\\myvenv\\datasets\\images\\train\\12619.jpg","outputs":{"object":[{"name":" home","bndbox":{"xmin":15,"ymin":232,"xmax":115,"ymax":319}},{"name":" Cart","bndbox":{"xmin":12,"ymin":629,"xmax":96,"ymax":731}},{"name":" play","bndbox":{"xmin":12,"ymin":1169,"xmax":121,"ymax":1253}},{"name":" play","bndbox":{"xmin":12,"ymin":1265,"xmax":115,"ymax":1355}},{"name":" arrow backward","bndbox":{"xmin":196,"ymin":1788,"xmax":295,"ymax":1902}}]},"time_labeled":1696436138823,"labeled":true,"size":{"width":1080,"height":1920,"depth":3}}