{"path":"C:\\Samsung Prism\\myvenv\\datasets\\images\\train\\12617.jpg","outputs":{"object":[{"name":" refresh","bndbox":{"xmin":973,"ymin":76,"xmax":1072,"ymax":160}},{"name":" Attach file","bndbox":{"xmin":505,"ymin":953,"xmax":589,"ymax":1073}},{"name":" Attach file","bndbox":{"xmin":469,"ymin":1319,"xmax":589,"ymax":1457}},{"name":" arrow backward","bndbox":{"xmin":187,"ymin":1806,"xmax":304,"ymax":1905}}]},"time_labeled":1696435980089,"labeled":true,"size":{"width":1080,"height":1920,"depth":3}}