{"path":"C:\\Samsung Prism\\myvenv\\datasets\\images\\train\\12616.jpg","outputs":{"object":[{"name":" menu","bndbox":{"xmin":24,"ymin":94,"xmax":121,"ymax":178}},{"name":" check","bndbox":{"xmin":793,"ymin":713,"xmax":865,"ymax":797}},{"name":" check","bndbox":{"xmin":937,"ymin":923,"xmax":1003,"ymax":992}},{"name":" check","bndbox":{"xmin":937,"ymin":1043,"xmax":1012,"ymax":1121}},{"name":" check","bndbox":{"xmin":928,"ymin":1157,"xmax":1003,"ymax":1241}},{"name":" check","bndbox":{"xmin":925,"ymin":1289,"xmax":1009,"ymax":1367}},{"name":" check","bndbox":{"xmin":919,"ymin":1409,"xmax":1009,"ymax":1500}},{"name":" check","bndbox":{"xmin":919,"ymin":1542,"xmax":1003,"ymax":1626}},{"name":" check","bndbox":{"xmin":925,"ymin":1674,"xmax":1003,"ymax":1746}},{"name":" arrow backward","bndbox":{"xmin":193,"ymin":1806,"xmax":292,"ymax":1902}}]},"time_labeled":1696435929846,"labeled":true,"size":{"width":1080,"height":1920,"depth":3}}