{"path":"C:\\Samsung Prism\\myvenv\\datasets\\images\\train\\12628.jpg","outputs":{"object":[{"name":" Bluetooth","bndbox":{"xmin":679,"ymin":-4,"xmax":733,"ymax":64}},{"name":" time","bndbox":{"xmin":745,"ymin":4,"xmax":787,"ymax":67}},{"name":" time","bndbox":{"xmin":72,"ymin":4,"xmax":133,"ymax":64}},{"name":" arrow backward","bndbox":{"xmin":196,"ymin":1800,"xmax":292,"ymax":1926}},{"name":" emoji","bndbox":{"xmin":208,"ymin":4,"xmax":268,"ymax":58}}]},"time_labeled":1696436888948,"labeled":true,"size":{"width":1080,"height":1920,"depth":3}}