{"path":"C:\\Samsung Prism\\myvenv\\datasets\\images\\train\\12627.jpg","outputs":{"object":[{"name":" Bluetooth","bndbox":{"xmin":685,"ymin":4,"xmax":733,"ymax":76}},{"name":" time","bndbox":{"xmin":745,"ymin":10,"xmax":793,"ymax":67}},{"name":" menu","bndbox":{"xmin":24,"ymin":88,"xmax":133,"ymax":187}},{"name":" arrow backward","bndbox":{"xmin":187,"ymin":1794,"xmax":313,"ymax":1890}},{"name":" time","bndbox":{"xmin":78,"ymin":-4,"xmax":133,"ymax":58}},{"name":" emoji","bndbox":{"xmin":205,"ymin":-4,"xmax":268,"ymax":64}}]},"time_labeled":1696436908217,"labeled":true,"size":{"width":1080,"height":1920,"depth":3}}