{"path":"C:\\Samsung Prism\\myvenv\\datasets\\images\\train\\12626.jpg","outputs":{"object":[{"name":" arrow backward","bndbox":{"xmin":181,"ymin":1806,"xmax":295,"ymax":1896}},{"name":" emoji","bndbox":{"xmin":199,"ymin":4,"xmax":277,"ymax":64}},{"name":" Bluetooth","bndbox":{"xmin":676,"ymin":10,"xmax":733,"ymax":64}},{"name":" time","bndbox":{"xmin":745,"ymin":7,"xmax":796,"ymax":64}},{"name":" time","bndbox":{"xmin":84,"ymin":4,"xmax":133,"ymax":64}}]},"time_labeled":1696436851578,"labeled":true,"size":{"width":1080,"height":1920,"depth":3}}