{"path":"C:\\Samsung Prism\\myvenv\\datasets\\images\\train\\12621.jpg","outputs":{"object":[{"name":" home","bndbox":{"xmin":15,"ymin":232,"xmax":109,"ymax":310}},{"name":" Cart","bndbox":{"xmin":24,"ymin":641,"xmax":109,"ymax":725}},{"name":" play","bndbox":{"xmin":15,"ymin":1160,"xmax":109,"ymax":1253}},{"name":" play","bndbox":{"xmin":12,"ymin":1271,"xmax":115,"ymax":1352}},{"name":" arrow backward","bndbox":{"xmin":172,"ymin":1806,"xmax":295,"ymax":1905}}]},"time_labeled":1696436224324,"labeled":true,"size":{"width":1080,"height":1920,"depth":3}}