{"path":"C:\\Samsung Prism\\myvenv\\datasets\\images\\train\\12620.jpg","outputs":{"object":[{"name":" menu","bndbox":{"xmin":24,"ymin":79,"xmax":145,"ymax":178}},{"name":" arrow backward","bndbox":{"xmin":220,"ymin":668,"xmax":319,"ymax":731}},{"name":" arrow forward","bndbox":{"xmin":781,"ymin":653,"xmax":871,"ymax":731}},{"name":" arrow backward","bndbox":{"xmin":193,"ymin":1821,"xmax":331,"ymax":1902}}]},"time_labeled":1696436169780,"labeled":true,"size":{"width":1080,"height":1920,"depth":3}}