{"path":"C:\\Samsung Prism\\myvenv\\datasets\\images\\train\\12625.jpg","outputs":{"object":[{"name":" arrow backward","bndbox":{"xmin":223,"ymin":656,"xmax":295,"ymax":749}},{"name":" arrow forward","bndbox":{"xmin":769,"ymin":653,"xmax":865,"ymax":743}},{"name":" menu","bndbox":{"xmin":18,"ymin":100,"xmax":127,"ymax":172}},{"name":" arrow backward","bndbox":{"xmin":181,"ymin":1776,"xmax":283,"ymax":1902}}]},"time_labeled":1696436391213,"labeled":true,"size":{"width":1080,"height":1920,"depth":3}}