{"path":"C:\\Samsung Prism\\myvenv\\datasets\\images\\train\\12629.jpg","outputs":{"object":[{"name":" emoji","bndbox":{"xmin":211,"ymin":4,"xmax":268,"ymax":58}},{"name":" emoji","bndbox":{"xmin":388,"ymin":4,"xmax":457,"ymax":64}},{"name":" Bluetooth","bndbox":{"xmin":685,"ymin":4,"xmax":733,"ymax":55}},{"name":" time","bndbox":{"xmin":736,"ymin":4,"xmax":793,"ymax":64}},{"name":" time","bndbox":{"xmin":75,"ymin":4,"xmax":133,"ymax":58}},{"name":" arrow backward","bndbox":{"xmin":184,"ymin":1809,"xmax":289,"ymax":1908}}]},"time_labeled":1696436997853,"labeled":true,"size":{"width":1080,"height":1920,"depth":3}}