{"path":"C:\\Samsung Prism\\myvenv\\datasets\\images\\train\\12622.jpg","outputs":{"object":[{"name":" home","bndbox":{"xmin":12,"ymin":232,"xmax":115,"ymax":316}},{"name":" Cart","bndbox":{"xmin":12,"ymin":641,"xmax":115,"ymax":728}},{"name":" play","bndbox":{"xmin":12,"ymin":1169,"xmax":109,"ymax":1247}},{"name":" play","bndbox":{"xmin":12,"ymin":1265,"xmax":112,"ymax":1361}},{"name":" arrow backward","bndbox":{"xmin":193,"ymin":1794,"xmax":295,"ymax":1914}}]},"time_labeled":1696436306758,"labeled":true,"size":{"width":1080,"height":1920,"depth":3}}