{"path":"C:\\Samsung Prism\\myvenv\\datasets\\images\\train\\12639.jpg","outputs":{"object":[{"name":" chat","bndbox":{"xmin":346,"ymin":-2,"xmax":391,"ymax":32}},{"name":" arrow backward","bndbox":{"xmin":20,"ymin":53,"xmax":55,"ymax":92}},{"name":"star","bndbox":{"xmin":361,"ymin":47,"xmax":414,"ymax":89}},{"name":" expand more","bndbox":{"xmin":470,"ymin":107,"xmax":516,"ymax":152}},{"name":" time","bndbox":{"xmin":19,"ymin":230,"xmax":43,"ymax":266}},{"name":" time","bndbox":{"xmin":13,"ymin":320,"xmax":49,"ymax":362}},{"name":" time","bndbox":{"xmin":14,"ymin":479,"xmax":49,"ymax":524}},{"name":" time","bndbox":{"xmin":14,"ymin":578,"xmax":49,"ymax":620}},{"name":" time","bndbox":{"xmin":13,"ymin":740,"xmax":46,"ymax":778}},{"name":" arrow backward","bndbox":{"xmin":91,"ymin":908,"xmax":140,"ymax":950}}]},"time_labeled":1696437714225,"labeled":true,"size":{"width":540,"height":960,"depth":3}}