{"path":"C:\\Samsung Prism\\myvenv\\datasets\\images\\train\\12631.jpg","outputs":{"object":[{"name":" time","bndbox":{"xmin":84,"ymin":4,"xmax":145,"ymax":58}},{"name":" emoji","bndbox":{"xmin":205,"ymin":4,"xmax":265,"ymax":64}},{"name":" emoji","bndbox":{"xmin":397,"ymin":4,"xmax":457,"ymax":64}},{"name":" Bluetooth","bndbox":{"xmin":685,"ymin":4,"xmax":733,"ymax":58}},{"name":" time","bndbox":{"xmin":745,"ymin":4,"xmax":793,"ymax":58}},{"name":" arrow backward","bndbox":{"xmin":181,"ymin":1794,"xmax":313,"ymax":1902}}]},"time_labeled":1696437136938,"labeled":true,"size":{"width":1080,"height":1920,"depth":3}}