{"path":"C:\\Samsung Prism\\myvenv\\datasets\\images\\train\\12635.jpg","outputs":{"object":[{"name":" close","bndbox":{"xmin":991,"ymin":58,"xmax":1081,"ymax":178}},{"name":" arrow forward","bndbox":{"xmin":937,"ymin":983,"xmax":991,"ymax":1067}},{"name":" arrow forward","bndbox":{"xmin":937,"ymin":1085,"xmax":988,"ymax":1175}},{"name":" arrow backward","bndbox":{"xmin":172,"ymin":1809,"xmax":289,"ymax":1905}}]},"time_labeled":1696437456228,"labeled":true,"size":{"width":1080,"height":1920,"depth":3}}