{"path":"C:\\Samsung Prism\\myvenv\\datasets\\images\\train\\12633.jpg","outputs":{"object":[{"name":" time","bndbox":{"xmin":75,"ymin":4,"xmax":133,"ymax":58}},{"name":" emoji","bndbox":{"xmin":193,"ymin":4,"xmax":265,"ymax":67}},{"name":" emoji","bndbox":{"xmin":397,"ymin":4,"xmax":457,"ymax":64}},{"name":" Bluetooth","bndbox":{"xmin":676,"ymin":4,"xmax":733,"ymax":64}},{"name":" time","bndbox":{"xmin":745,"ymin":7,"xmax":793,"ymax":64}},{"name":" arrow backward","bndbox":{"xmin":205,"ymin":1800,"xmax":283,"ymax":1902}},{"name":" arrow backward","bndbox":{"xmin":24,"ymin":100,"xmax":121,"ymax":166}}]},"time_labeled":1696437337308,"labeled":true,"size":{"width":1080,"height":1920,"depth":3}}