{"path":"C:\\Samsung Prism\\myvenv\\datasets\\images\\train\\12632.jpg","outputs":{"object":[{"name":" time","bndbox":{"xmin":72,"ymin":4,"xmax":145,"ymax":64}},{"name":" emoji","bndbox":{"xmin":208,"ymin":7,"xmax":268,"ymax":55}},{"name":" emoji","bndbox":{"xmin":397,"ymin":10,"xmax":457,"ymax":55}},{"name":" Bluetooth","bndbox":{"xmin":667,"ymin":4,"xmax":733,"ymax":58}},{"name":" time","bndbox":{"xmin":736,"ymin":10,"xmax":793,"ymax":58}},{"name":" Cart","bndbox":{"xmin":30,"ymin":352,"xmax":145,"ymax":454}},{"name":" arrow backward","bndbox":{"xmin":187,"ymin":1812,"xmax":277,"ymax":1896}}]},"time_labeled":1696437222317,"labeled":true,"size":{"width":1080,"height":1920,"depth":3}}