{"path":"C:\\Samsung Prism\\myvenv\\datasets\\images\\train\\12634.jpg","outputs":{"object":[{"name":" time","bndbox":{"xmin":78,"ymin":4,"xmax":145,"ymax":64}},{"name":" emoji","bndbox":{"xmin":199,"ymin":7,"xmax":271,"ymax":58}},{"name":" emoji","bndbox":{"xmin":397,"ymin":4,"xmax":457,"ymax":58}},{"name":" Bluetooth","bndbox":{"xmin":673,"ymin":4,"xmax":733,"ymax":64}},{"name":" time","bndbox":{"xmin":736,"ymin":4,"xmax":793,"ymax":64}},{"name":" expand more","bndbox":{"xmin":928,"ymin":1064,"xmax":985,"ymax":1124}},{"name":" arrow backward","bndbox":{"xmin":184,"ymin":1785,"xmax":292,"ymax":1902}}]},"time_labeled":1696437422480,"labeled":true,"size":{"width":1080,"height":1920,"depth":3}}