{"path":"C:\\Samsung Prism\\myvenv\\datasets\\images\\train\\12640.jpg","outputs":{"object":[{"name":" chat","bndbox":{"xmin":350,"ymin":-2,"xmax":391,"ymax":38}},{"name":" time","bndbox":{"xmin":420,"ymin":47,"xmax":474,"ymax":88}},{"name":" more","bndbox":{"xmin":492,"ymin":50,"xmax":528,"ymax":98}},{"name":" close","bndbox":{"xmin":500,"ymin":320,"xmax":549,"ymax":358}},{"name":" close","bndbox":{"xmin":498,"ymin":442,"xmax":540,"ymax":482}},{"name":" add","bndbox":{"xmin":13,"ymin":592,"xmax":68,"ymax":638}},{"name":" arrow backward","bndbox":{"xmin":86,"ymin":893,"xmax":146,"ymax":956}}]},"time_labeled":1696437799788,"labeled":true,"size":{"width":540,"height":960,"depth":3}}