{"path":"C:\\Samsung Prism\\myvenv\\datasets\\images\\train\\12649.jpg","outputs":{"object":[{"name":" Bluetooth","bndbox":{"xmin":751,"ymin":4,"xmax":817,"ymax":52}},{"name":" share","bndbox":{"xmin":961,"ymin":82,"xmax":1075,"ymax":184}},{"name":" menu","bndbox":{"xmin":12,"ymin":88,"xmax":139,"ymax":187}},{"name":" arrow backward","bndbox":{"xmin":184,"ymin":1797,"xmax":301,"ymax":1896}},{"name":" close","bndbox":{"xmin":937,"ymin":1481,"xmax":1045,"ymax":1578}}]},"time_labeled":1696438361434,"labeled":true,"size":{"width":1080,"height":1920,"depth":3}}