{"path":"C:\\Samsung Prism\\myvenv\\datasets\\images\\train\\12645.jpg","outputs":{"object":[{"name":" chat","bndbox":{"xmin":349,"ymin":-1,"xmax":386,"ymax":38}},{"name":" time","bndbox":{"xmin":411,"ymin":47,"xmax":470,"ymax":89}},{"name":" more","bndbox":{"xmin":483,"ymin":41,"xmax":522,"ymax":92}},{"name":" arrow forward","bndbox":{"xmin":498,"ymin":338,"xmax":528,"ymax":368}},{"name":" check","bndbox":{"xmin":450,"ymin":380,"xmax":528,"ymax":442}},{"name":" arrow backward","bndbox":{"xmin":88,"ymin":898,"xmax":145,"ymax":950}}]},"time_labeled":1696438105405,"labeled":true,"size":{"width":540,"height":960,"depth":3}}