{"path":"C:\\Samsung Prism\\myvenv\\datasets\\images\\train\\12646.jpg","outputs":{"object":[{"name":" arrow backward","bndbox":{"xmin":13,"ymin":50,"xmax":55,"ymax":89}},{"name":" expand more","bndbox":{"xmin":248,"ymin":56,"xmax":296,"ymax":92}},{"name":" chat","bndbox":{"xmin":349,"ymin":-1,"xmax":385,"ymax":32}},{"name":" search","bndbox":{"xmin":97,"ymin":538,"xmax":139,"ymax":584}},{"name":" search","bndbox":{"xmin":175,"ymin":542,"xmax":214,"ymax":584}},{"name":" search","bndbox":{"xmin":325,"ymin":548,"xmax":373,"ymax":584}},{"name":" search","bndbox":{"xmin":391,"ymin":538,"xmax":438,"ymax":587}},{"name":" arrow backward","bndbox":{"xmin":98,"ymin":899,"xmax":157,"ymax":950}}]},"time_labeled":1696438158449,"labeled":true,"size":{"width":540,"height":960,"depth":3}}