{"path":"C:\\Samsung Prism\\myvenv\\datasets\\images\\train\\12644.jpg","outputs":{"object":[{"name":" chat","bndbox":{"xmin":352,"ymin":-1,"xmax":382,"ymax":32}},{"name":"star","bndbox":{"xmin":370,"ymin":44,"xmax":411,"ymax":92}},{"name":" expand more","bndbox":{"xmin":470,"ymin":124,"xmax":510,"ymax":155}},{"name":" time","bndbox":{"xmin":14,"ymin":236,"xmax":49,"ymax":274}},{"name":" time","bndbox":{"xmin":13,"ymin":332,"xmax":49,"ymax":368}},{"name":" time","bndbox":{"xmin":14,"ymin":488,"xmax":49,"ymax":532}},{"name":" time","bndbox":{"xmin":16,"ymin":593,"xmax":50,"ymax":626}},{"name":" time","bndbox":{"xmin":13,"ymin":752,"xmax":49,"ymax":790}},{"name":" time","bndbox":{"xmin":19,"ymin":842,"xmax":49,"ymax":884}},{"name":" arrow backward","bndbox":{"xmin":88,"ymin":902,"xmax":152,"ymax":946}},{"name":" arrow backward","bndbox":{"xmin":7,"ymin":44,"xmax":55,"ymax":86}}]},"time_labeled":1696438049654,"labeled":true,"size":{"width":540,"height":960,"depth":3}}