{"path":"C:\\Samsung Prism\\myvenv\\datasets\\images\\train\\12647.jpg","outputs":{"object":[{"name":" chat","bndbox":{"xmin":349,"ymin":-1,"xmax":391,"ymax":32}},{"name":" arrow backward","bndbox":{"xmin":14,"ymin":50,"xmax":61,"ymax":83}},{"name":" delete","bndbox":{"xmin":476,"ymin":44,"xmax":530,"ymax":92}},{"name":"star","bndbox":{"xmin":459,"ymin":119,"xmax":510,"ymax":170}},{"name":" arrow backward","bndbox":{"xmin":86,"ymin":902,"xmax":163,"ymax":944}}]},"time_labeled":1696438241909,"labeled":true,"size":{"width":540,"height":960,"depth":3}}