{"path":"C:\\Samsung Prism\\myvenv\\datasets\\images\\train\\12652.jpg","outputs":{"object":[{"name":" Bluetooth","bndbox":{"xmin":757,"ymin":-7,"xmax":817,"ymax":64}},{"name":" more","bndbox":{"xmin":976,"ymin":88,"xmax":1072,"ymax":178}},{"name":" chat","bndbox":{"xmin":637,"ymin":268,"xmax":781,"ymax":391}},{"name":" time","bndbox":{"xmin":925,"ymin":280,"xmax":1081,"ymax":388}},{"name":" expand more","bndbox":{"xmin":577,"ymin":463,"xmax":697,"ymax":572}},{"name":" expand more","bndbox":{"xmin":571,"ymin":608,"xmax":688,"ymax":725}},{"name":" add","bndbox":{"xmin":469,"ymin":749,"xmax":595,"ymax":893}},{"name":" check","bndbox":{"xmin":907,"ymin":1385,"xmax":1060,"ymax":1506}},{"name":" refresh","bndbox":{"xmin":36,"ymin":1572,"xmax":163,"ymax":1638}},{"name":" add","bndbox":{"xmin":709,"ymin":1578,"xmax":805,"ymax":1641}},{"name":" play","bndbox":{"xmin":928,"ymin":1557,"xmax":1021,"ymax":1656}},{"name":" close","bndbox":{"xmin":913,"ymin":1650,"xmax":976,"ymax":1710}},{"name":" arrow backward","bndbox":{"xmin":181,"ymin":1806,"xmax":313,"ymax":1908}}]},"time_labeled":1696440324571,"labeled":true,"size":{"width":1080,"height":1920,"depth":3}}