{"path":"C:\\Samsung Prism\\myvenv\\datasets\\images\\train\\12659.jpg","outputs":{"object":[{"name":" Bluetooth","bndbox":{"xmin":751,"ymin":-4,"xmax":820,"ymax":64}},{"name":" share","bndbox":{"xmin":967,"ymin":76,"xmax":1063,"ymax":184}},{"name":" menu","bndbox":{"xmin":36,"ymin":94,"xmax":133,"ymax":175}},{"name":" close","bndbox":{"xmin":913,"ymin":1650,"xmax":976,"ymax":1713}},{"name":" arrow backward","bndbox":{"xmin":193,"ymin":1821,"xmax":337,"ymax":1902}}]},"time_labeled":1696440696969,"labeled":true,"size":{"width":1080,"height":1920,"depth":3}}