{"path":"C:\\Samsung Prism\\myvenv\\datasets\\images\\train\\12651.jpg","outputs":{"object":[{"name":" Bluetooth","bndbox":{"xmin":757,"ymin":4,"xmax":817,"ymax":64}},{"name":" check","bndbox":{"xmin":928,"ymin":749,"xmax":1024,"ymax":857}},{"name":" check","bndbox":{"xmin":925,"ymin":980,"xmax":1027,"ymax":1085}},{"name":" check","bndbox":{"xmin":931,"ymin":1421,"xmax":1027,"ymax":1500}},{"name":" check","bndbox":{"xmin":937,"ymin":1542,"xmax":1033,"ymax":1662}},{"name":" close","bndbox":{"xmin":-17,"ymin":1716,"xmax":42,"ymax":1818}},{"name":" arrow backward","bndbox":{"xmin":193,"ymin":1830,"xmax":283,"ymax":1884}}]},"time_labeled":1696440112386,"labeled":true,"size":{"width":1080,"height":1920,"depth":3}}