{"path":"C:\\Samsung Prism\\myvenv\\datasets\\images\\train\\12654.jpg","outputs":{"object":[{"name":" Bluetooth","bndbox":{"xmin":745,"ymin":-7,"xmax":817,"ymax":76}},{"name":" refresh","bndbox":{"xmin":42,"ymin":1557,"xmax":157,"ymax":1650}},{"name":" add","bndbox":{"xmin":697,"ymin":1566,"xmax":805,"ymax":1662}},{"name":" play","bndbox":{"xmin":901,"ymin":1557,"xmax":1072,"ymax":1662}},{"name":" close","bndbox":{"xmin":919,"ymin":1662,"xmax":964,"ymax":1710}},{"name":" arrow backward","bndbox":{"xmin":196,"ymin":1806,"xmax":280,"ymax":1902}}]},"time_labeled":1696440452127,"labeled":true,"size":{"width":1080,"height":1920,"depth":3}}