{"path":"C:\\Samsung Prism\\myvenv\\datasets\\images\\train\\12657.jpg","outputs":{"object":[{"name":" Bluetooth","bndbox":{"xmin":748,"ymin":-4,"xmax":817,"ymax":64}},{"name":" menu","bndbox":{"xmin":30,"ymin":88,"xmax":124,"ymax":178}},{"name":" add","bndbox":{"xmin":949,"ymin":1530,"xmax":1021,"ymax":1590}},{"name":" close","bndbox":{"xmin":913,"ymin":1650,"xmax":976,"ymax":1710}},{"name":" arrow backward","bndbox":{"xmin":193,"ymin":1806,"xmax":307,"ymax":1893}}]},"time_labeled":1696440605688,"labeled":true,"size":{"width":1080,"height":1920,"depth":3}}