{"path":"C:\\Samsung Prism\\myvenv\\datasets\\images\\train\\12656.jpg","outputs":{"object":[{"name":" Bluetooth","bndbox":{"xmin":751,"ymin":4,"xmax":817,"ymax":64}},{"name":" menu","bndbox":{"xmin":36,"ymin":94,"xmax":127,"ymax":184}},{"name":" add","bndbox":{"xmin":949,"ymin":1524,"xmax":1009,"ymax":1596}},{"name":" more","bndbox":{"xmin":916,"ymin":1644,"xmax":973,"ymax":1722}},{"name":" arrow backward","bndbox":{"xmin":187,"ymin":1794,"xmax":319,"ymax":1905}}]},"time_labeled":1696440554546,"labeled":true,"size":{"width":1080,"height":1920,"depth":3}}