{"path":"C:\\Samsung Prism\\myvenv\\datasets\\images\\train\\12650.jpg","outputs":{"object":[{"name":" Bluetooth","bndbox":{"xmin":745,"ymin":4,"xmax":817,"ymax":76}},{"name":" menu","bndbox":{"xmin":15,"ymin":88,"xmax":115,"ymax":175}},{"name":" add","bndbox":{"xmin":940,"ymin":1509,"xmax":1039,"ymax":1614}},{"name":" close","bndbox":{"xmin":913,"ymin":1653,"xmax":973,"ymax":1710}},{"name":" arrow backward","bndbox":{"xmin":196,"ymin":1809,"xmax":304,"ymax":1902}}]},"time_labeled":1696438666373,"labeled":true,"size":{"width":1080,"height":1920,"depth":3}}