{"path":"C:\\Samsung Prism\\myvenv\\datasets\\images\\train\\12661.jpg","outputs":{"object":[{"name":" Bluetooth","bndbox":{"xmin":751,"ymin":4,"xmax":811,"ymax":67}},{"name":" menu","bndbox":{"xmin":24,"ymin":94,"xmax":157,"ymax":187}},{"name":" add","bndbox":{"xmin":928,"ymin":1518,"xmax":1033,"ymax":1614}},{"name":" close","bndbox":{"xmin":907,"ymin":1650,"xmax":985,"ymax":1713}},{"name":" arrow backward","bndbox":{"xmin":181,"ymin":1806,"xmax":301,"ymax":1908}}]},"time_labeled":1696440863452,"labeled":true,"size":{"width":1080,"height":1920,"depth":3}}