{"path":"C:\\Samsung Prism\\myvenv\\datasets\\images\\train\\12660.jpg","outputs":{"object":[{"name":" Bluetooth","bndbox":{"xmin":745,"ymin":-7,"xmax":817,"ymax":67}},{"name":" check","bndbox":{"xmin":84,"ymin":256,"xmax":184,"ymax":352}},{"name":" check","bndbox":{"xmin":84,"ymin":376,"xmax":175,"ymax":466}},{"name":" check","bndbox":{"xmin":84,"ymin":521,"xmax":175,"ymax":596}},{"name":" check","bndbox":{"xmin":84,"ymin":647,"xmax":181,"ymax":725}},{"name":" check","bndbox":{"xmin":99,"ymin":764,"xmax":181,"ymax":845}},{"name":" check","bndbox":{"xmin":84,"ymin":893,"xmax":187,"ymax":977}},{"name":" check","bndbox":{"xmin":87,"ymin":1013,"xmax":175,"ymax":1100}},{"name":" check","bndbox":{"xmin":96,"ymin":1151,"xmax":181,"ymax":1229}},{"name":" check","bndbox":{"xmin":96,"ymin":1268,"xmax":169,"ymax":1349}},{"name":" check","bndbox":{"xmin":84,"ymin":1397,"xmax":181,"ymax":1484}},{"name":" check","bndbox":{"xmin":87,"ymin":1518,"xmax":169,"ymax":1608}},{"name":" arrow backward","bndbox":{"xmin":193,"ymin":1818,"xmax":280,"ymax":1902}}]},"time_labeled":1696440820948,"labeled":true,"size":{"width":1080,"height":1920,"depth":3}}