{"path":"C:\\Samsung Prism\\myvenv\\datasets\\images\\train\\12667.jpg","outputs":{"object":[{"name":" Bluetooth","bndbox":{"xmin":757,"ymin":4,"xmax":817,"ymax":58}},{"name":"star","bndbox":{"xmin":48,"ymin":1674,"xmax":148,"ymax":1758}},{"name":" menu","bndbox":{"xmin":397,"ymin":1656,"xmax":520,"ymax":1746}},{"name":" more","bndbox":{"xmin":931,"ymin":1686,"xmax":1027,"ymax":1737}},{"name":" arrow backward","bndbox":{"xmin":205,"ymin":1806,"xmax":292,"ymax":1902}}]},"time_labeled":1696441118020,"labeled":true,"size":{"width":1080,"height":1920,"depth":3}}