{"path":"C:\\Samsung Prism\\myvenv\\datasets\\images\\train\\12663.jpg","outputs":{"object":[{"name":" Bluetooth","bndbox":{"xmin":760,"ymin":4,"xmax":823,"ymax":64}},{"name":"star","bndbox":{"xmin":48,"ymin":1674,"xmax":151,"ymax":1749}},{"name":" menu","bndbox":{"xmin":397,"ymin":1668,"xmax":505,"ymax":1752}},{"name":" more","bndbox":{"xmin":916,"ymin":1686,"xmax":1039,"ymax":1734}},{"name":" arrow backward","bndbox":{"xmin":181,"ymin":1800,"xmax":307,"ymax":1908}}]},"time_labeled":1696440939182,"labeled":true,"size":{"width":1080,"height":1920,"depth":3}}