{"path":"C:\\Samsung Prism\\myvenv\\datasets\\images\\train\\12665.jpg","outputs":{"object":[{"name":" Bluetooth","bndbox":{"xmin":745,"ymin":4,"xmax":820,"ymax":76}},{"name":"star","bndbox":{"xmin":24,"ymin":1650,"xmax":157,"ymax":1749}},{"name":" menu","bndbox":{"xmin":376,"ymin":1668,"xmax":505,"ymax":1752}},{"name":" more","bndbox":{"xmin":931,"ymin":1674,"xmax":1033,"ymax":1734}},{"name":" arrow backward","bndbox":{"xmin":193,"ymin":1818,"xmax":295,"ymax":1890}}]},"time_labeled":1696441060654,"labeled":true,"size":{"width":1080,"height":1920,"depth":3}}