{"path":"C:\\Samsung Prism\\myvenv\\datasets\\images\\train\\12664.jpg","outputs":{"object":[{"name":" Bluetooth","bndbox":{"xmin":760,"ymin":4,"xmax":817,"ymax":67}},{"name":"star","bndbox":{"xmin":36,"ymin":1668,"xmax":145,"ymax":1749}},{"name":" menu","bndbox":{"xmin":388,"ymin":1668,"xmax":499,"ymax":1752}},{"name":" more","bndbox":{"xmin":925,"ymin":1686,"xmax":1033,"ymax":1734}},{"name":" arrow backward","bndbox":{"xmin":181,"ymin":1821,"xmax":301,"ymax":1896}}]},"time_labeled":1696441016157,"labeled":true,"size":{"width":1080,"height":1920,"depth":3}}