{"path":"C:\\Samsung Prism\\myvenv\\datasets\\images\\train\\12673.jpg","outputs":{"object":[{"name":" Bluetooth","bndbox":{"xmin":748,"ymin":4,"xmax":817,"ymax":52}},{"name":" expand more","bndbox":{"xmin":30,"ymin":103,"xmax":160,"ymax":160}},{"name":"star","bndbox":{"xmin":60,"ymin":1674,"xmax":133,"ymax":1752}},{"name":" menu","bndbox":{"xmin":388,"ymin":1662,"xmax":499,"ymax":1749}},{"name":" more","bndbox":{"xmin":925,"ymin":1689,"xmax":1033,"ymax":1734}},{"name":" arrow backward","bndbox":{"xmin":181,"ymin":1806,"xmax":289,"ymax":1896}}]},"time_labeled":1696441394383,"labeled":true,"size":{"width":1080,"height":1920,"depth":3}}