{"path":"C:\\Samsung Prism\\myvenv\\datasets\\images\\train\\12679.jpg","outputs":{"object":[{"name":" more","bndbox":{"xmin":492,"ymin":41,"xmax":528,"ymax":86}},{"name":" play","bndbox":{"xmin":16,"ymin":287,"xmax":55,"ymax":334}},{"name":" settings","bndbox":{"xmin":7,"ymin":356,"xmax":55,"ymax":394}},{"name":" chat","bndbox":{"xmin":7,"ymin":503,"xmax":64,"ymax":548}},{"name":" share","bndbox":{"xmin":13,"ymin":563,"xmax":62,"ymax":608}},{"name":" arrow backward","bndbox":{"xmin":97,"ymin":902,"xmax":146,"ymax":959}}]},"time_labeled":1696442104352,"labeled":true,"size":{"width":540,"height":960,"depth":3}}