{"path":"C:\\Samsung Prism\\myvenv\\datasets\\images\\train\\12678.jpg","outputs":{"object":[{"name":" more","bndbox":{"xmin":492,"ymin":41,"xmax":528,"ymax":86}},{"name":" settings","bndbox":{"xmin":19,"ymin":346,"xmax":55,"ymax":404}},{"name":" chat","bndbox":{"xmin":13,"ymin":502,"xmax":58,"ymax":542}},{"name":" share","bndbox":{"xmin":16,"ymin":566,"xmax":55,"ymax":608}},{"name":" arrow backward","bndbox":{"xmin":97,"ymin":908,"xmax":139,"ymax":946}}]},"time_labeled":1696442059916,"labeled":true,"size":{"width":540,"height":960,"depth":3}}