{"path":"C:\\Samsung Prism\\myvenv\\datasets\\images\\train\\12670.jpg","outputs":{"object":[{"name":" Bluetooth","bndbox":{"xmin":757,"ymin":-7,"xmax":817,"ymax":64}},{"name":" close","bndbox":{"xmin":865,"ymin":130,"xmax":967,"ymax":208}},{"name":"star","bndbox":{"xmin":48,"ymin":1662,"xmax":145,"ymax":1752}},{"name":" menu","bndbox":{"xmin":397,"ymin":1656,"xmax":505,"ymax":1752}},{"name":" more","bndbox":{"xmin":925,"ymin":1677,"xmax":1024,"ymax":1734}},{"name":" arrow backward","bndbox":{"xmin":181,"ymin":1806,"xmax":325,"ymax":1902}}]},"time_labeled":1696441276377,"labeled":true,"size":{"width":1080,"height":1920,"depth":3}}