{"path":"C:\\Samsung Prism\\myvenv\\datasets\\images\\train\\12674.jpg","outputs":{"object":[{"name":" Bluetooth","bndbox":{"xmin":745,"ymin":4,"xmax":817,"ymax":55}},{"name":"star","bndbox":{"xmin":48,"ymin":1674,"xmax":145,"ymax":1746}},{"name":" menu","bndbox":{"xmin":400,"ymin":1674,"xmax":496,"ymax":1746}},{"name":" more","bndbox":{"xmin":925,"ymin":1680,"xmax":1033,"ymax":1740}},{"name":" arrow backward","bndbox":{"xmin":196,"ymin":1806,"xmax":295,"ymax":1902}}]},"time_labeled":1696441442435,"labeled":true,"size":{"width":1080,"height":1920,"depth":3}}