{"path":"C:\\Samsung Prism\\myvenv\\datasets\\images\\train\\12676.jpg","outputs":{"object":[{"name":" Bluetooth","bndbox":{"xmin":760,"ymin":4,"xmax":817,"ymax":64}},{"name":" check","bndbox":{"xmin":565,"ymin":1061,"xmax":625,"ymax":1121}},{"name":" close","bndbox":{"xmin":169,"ymin":1067,"xmax":220,"ymax":1121}},{"name":" close","bndbox":{"xmin":169,"ymin":1205,"xmax":223,"ymax":1265}},{"name":" close","bndbox":{"xmin":172,"ymin":1277,"xmax":229,"ymax":1331}},{"name":" close","bndbox":{"xmin":565,"ymin":1217,"xmax":625,"ymax":1265}},{"name":" close","bndbox":{"xmin":577,"ymin":1283,"xmax":607,"ymax":1331}},{"name":" arrow backward","bndbox":{"xmin":205,"ymin":1794,"xmax":304,"ymax":1890}}]},"time_labeled":1696441979154,"labeled":true,"size":{"width":1080,"height":1920,"depth":3}}