{"path":"C:\\Samsung Prism\\myvenv\\datasets\\images\\train\\12687.jpg","outputs":{"object":[{"name":" arrow backward","bndbox":{"xmin":-23,"ymin":1445,"xmax":208,"ymax":1665}},{"name":" arrow forward","bndbox":{"xmin":901,"ymin":1445,"xmax":1081,"ymax":1650}},{"name":" close","bndbox":{"xmin":1036,"ymin":1650,"xmax":1096,"ymax":1704}},{"name":" arrow forward","bndbox":{"xmin":313,"ymin":1680,"xmax":412,"ymax":1758}},{"name":" arrow backward","bndbox":{"xmin":193,"ymin":1806,"xmax":301,"ymax":1896}}]},"time_labeled":1696442512052,"labeled":true,"size":{"width":1080,"height":1920,"depth":3}}