{"path":"C:\\Samsung Prism\\myvenv\\datasets\\images\\train\\12686.jpg","outputs":{"object":[{"name":" search","bndbox":{"xmin":471,"ymin":40,"xmax":528,"ymax":92}},{"name":" menu","bndbox":{"xmin":56,"ymin":106,"xmax":139,"ymax":155}},{"name":"star","bndbox":{"xmin":229,"ymin":106,"xmax":298,"ymax":161}},{"name":"star","bndbox":{"xmin":1,"ymin":178,"xmax":49,"ymax":224}},{"name":"star","bndbox":{"xmin":2,"ymin":244,"xmax":40,"ymax":290}},{"name":"star","bndbox":{"xmin":-3,"ymin":314,"xmax":43,"ymax":368}},{"name":"star","bndbox":{"xmin":1,"ymin":395,"xmax":43,"ymax":440}},{"name":"star","bndbox":{"xmin":1,"ymin":491,"xmax":44,"ymax":548}},{"name":"star","bndbox":{"xmin":-1,"ymin":572,"xmax":37,"ymax":620}},{"name":"star","bndbox":{"xmin":2,"ymin":634,"xmax":37,"ymax":694}},{"name":"star","bndbox":{"xmin":1,"ymin":710,"xmax":43,"ymax":755}},{"name":"star","bndbox":{"xmin":1,"ymin":779,"xmax":37,"ymax":824}},{"name":" close","bndbox":{"xmin":55,"ymin":863,"xmax":79,"ymax":904}},{"name":" arrow backward","bndbox":{"xmin":97,"ymin":908,"xmax":139,"ymax":946}}]},"time_labeled":1696442468824,"labeled":true,"size":{"width":540,"height":960,"depth":3}}