{"path":"C:\\Samsung Prism\\myvenv\\datasets\\images\\train\\12685.jpg","outputs":{"object":[{"name":" search","bndbox":{"xmin":459,"ymin":41,"xmax":534,"ymax":92}},{"name":" menu","bndbox":{"xmin":43,"ymin":110,"xmax":121,"ymax":158}},{"name":"star","bndbox":{"xmin":241,"ymin":116,"xmax":313,"ymax":164}},{"name":"star","bndbox":{"xmin":4,"ymin":182,"xmax":37,"ymax":218}},{"name":"star","bndbox":{"xmin":7,"ymin":248,"xmax":37,"ymax":287}},{"name":"star","bndbox":{"xmin":2,"ymin":320,"xmax":43,"ymax":356}},{"name":"star","bndbox":{"xmin":1,"ymin":401,"xmax":44,"ymax":446}},{"name":"star","bndbox":{"xmin":4,"ymin":491,"xmax":40,"ymax":536}},{"name":"star","bndbox":{"xmin":2,"ymin":574,"xmax":37,"ymax":620}},{"name":"star","bndbox":{"xmin":2,"ymin":650,"xmax":38,"ymax":686}},{"name":"star","bndbox":{"xmin":1,"ymin":716,"xmax":37,"ymax":758}},{"name":"star","bndbox":{"xmin":4,"ymin":778,"xmax":37,"ymax":824}},{"name":" close","bndbox":{"xmin":43,"ymin":866,"xmax":79,"ymax":902}},{"name":" arrow backward","bndbox":{"xmin":97,"ymin":905,"xmax":134,"ymax":952}}]},"time_labeled":1696442356482,"labeled":true,"size":{"width":540,"height":960,"depth":3}}