{"path":"C:\\Samsung Prism\\myvenv\\datasets\\images\\train\\12683.jpg","outputs":{"object":[{"name":" more","bndbox":{"xmin":498,"ymin":32,"xmax":530,"ymax":92}},{"name":" play","bndbox":{"xmin":8,"ymin":290,"xmax":73,"ymax":338}},{"name":" settings","bndbox":{"xmin":8,"ymin":352,"xmax":61,"ymax":398}},{"name":" chat","bndbox":{"xmin":14,"ymin":503,"xmax":49,"ymax":542}},{"name":" share","bndbox":{"xmin":13,"ymin":568,"xmax":62,"ymax":610}},{"name":" arrow backward","bndbox":{"xmin":91,"ymin":893,"xmax":151,"ymax":950}}]},"time_labeled":1696442211286,"labeled":true,"size":{"width":540,"height":960,"depth":3}}