{"path":"C:\\Samsung Prism\\myvenv\\datasets\\images\\train\\12695.jpg","outputs":{"object":[{"name":" Bluetooth","bndbox":{"xmin":757,"ymin":-7,"xmax":805,"ymax":67}},{"name":" menu","bndbox":{"xmin":24,"ymin":82,"xmax":121,"ymax":175}},{"name":" share","bndbox":{"xmin":877,"ymin":82,"xmax":952,"ymax":184}},{"name":" more","bndbox":{"xmin":988,"ymin":88,"xmax":1051,"ymax":184}},{"name":" close","bndbox":{"xmin":109,"ymin":1740,"xmax":157,"ymax":1806}},{"name":" arrow backward","bndbox":{"xmin":187,"ymin":1821,"xmax":313,"ymax":1896}}]},"time_labeled":1696442857488,"labeled":true,"size":{"width":1080,"height":1920,"depth":3}}