{"path":"C:\\Samsung Prism\\myvenv\\datasets\\images\\train\\12697.jpg","outputs":{"object":[{"name":" Bluetooth","bndbox":{"xmin":757,"ymin":4,"xmax":817,"ymax":64}},{"name":" menu","bndbox":{"xmin":24,"ymin":100,"xmax":121,"ymax":178}},{"name":" share","bndbox":{"xmin":853,"ymin":82,"xmax":961,"ymax":196}},{"name":" more","bndbox":{"xmin":985,"ymin":100,"xmax":1057,"ymax":184}},{"name":" arrow backward","bndbox":{"xmin":-23,"ymin":824,"xmax":96,"ymax":1016}},{"name":" arrow forward","bndbox":{"xmin":949,"ymin":821,"xmax":1118,"ymax":1016}},{"name":" arrow backward","bndbox":{"xmin":196,"ymin":1818,"xmax":289,"ymax":1914}},{"name":" close","bndbox":{"xmin":109,"ymin":1758,"xmax":160,"ymax":1806}}]},"time_labeled":1696443150612,"labeled":true,"size":{"width":1080,"height":1920,"depth":3}}