{"path":"C:\\Samsung Prism\\myvenv\\datasets\\images\\train\\12696.jpg","outputs":{"object":[{"name":" Bluetooth","bndbox":{"xmin":751,"ymin":-7,"xmax":820,"ymax":58}},{"name":" menu","bndbox":{"xmin":15,"ymin":94,"xmax":121,"ymax":184}},{"name":" share","bndbox":{"xmin":865,"ymin":88,"xmax":949,"ymax":184}},{"name":" more","bndbox":{"xmin":985,"ymin":88,"xmax":1045,"ymax":184}},{"name":" arrow forward","bndbox":{"xmin":781,"ymin":1626,"xmax":937,"ymax":1788}},{"name":" close","bndbox":{"xmin":103,"ymin":1752,"xmax":196,"ymax":1806}},{"name":" arrow backward","bndbox":{"xmin":187,"ymin":1824,"xmax":295,"ymax":1902}}]},"time_labeled":1696443073641,"labeled":true,"size":{"width":1080,"height":1920,"depth":3}}