{"path":"C:\\Samsung Prism\\myvenv\\datasets\\images\\train\\12707.jpg","outputs":{"object":[{"name":" home","bndbox":{"xmin":37,"ymin":47,"xmax":97,"ymax":88}},{"name":" search","bndbox":{"xmin":170,"ymin":40,"xmax":223,"ymax":88}},{"name":" menu","bndbox":{"xmin":435,"ymin":44,"xmax":512,"ymax":100}},{"name":" search","bndbox":{"xmin":13,"ymin":122,"xmax":70,"ymax":176}},{"name":" arrow backward","bndbox":{"xmin":73,"ymin":886,"xmax":151,"ymax":950}}]},"time_labeled":1696443396548,"labeled":true,"size":{"width":540,"height":960,"depth":3}}