{"path":"C:\\Samsung Prism\\myvenv\\datasets\\images\\train\\12715.jpg","outputs":{"object":[{"name":" Bluetooth","bndbox":{"xmin":709,"ymin":-7,"xmax":793,"ymax":76}},{"name":" add","bndbox":{"xmin":54,"ymin":545,"xmax":139,"ymax":629}},{"name":" notifications","bndbox":{"xmin":27,"ymin":701,"xmax":145,"ymax":791}},{"name":"star","bndbox":{"xmin":36,"ymin":1169,"xmax":112,"ymax":1247}},{"name":" arrow backward","bndbox":{"xmin":193,"ymin":1818,"xmax":295,"ymax":1902}}]},"time_labeled":1696443652507,"labeled":true,"size":{"width":1080,"height":1920,"depth":3}}