{"path":"C:\\Samsung Prism\\myvenv\\datasets\\images\\train\\12719.jpg","outputs":{"object":[{"name":" Bluetooth","bndbox":{"xmin":751,"ymin":-7,"xmax":817,"ymax":64}},{"name":" share","bndbox":{"xmin":937,"ymin":94,"xmax":1069,"ymax":244}},{"name":"star","bndbox":{"xmin":925,"ymin":1493,"xmax":1045,"ymax":1620}},{"name":" arrow forward","bndbox":{"xmin":364,"ymin":1692,"xmax":451,"ymax":1773}},{"name":" close","bndbox":{"xmin":1033,"ymin":1644,"xmax":1096,"ymax":1710}},{"name":" arrow backward","bndbox":{"xmin":193,"ymin":1812,"xmax":325,"ymax":1908}}]},"time_labeled":1696518319867,"labeled":true,"size":{"width":1080,"height":1920,"depth":3}}