{"path":"C:\\Samsung Prism\\myvenv\\datasets\\images\\train\\12717.jpg","outputs":{"object":[{"name":" Bluetooth","bndbox":{"xmin":733,"ymin":4,"xmax":793,"ymax":64}},{"name":" arrow backward","bndbox":{"xmin":24,"ymin":88,"xmax":133,"ymax":196}},{"name":" search","bndbox":{"xmin":283,"ymin":232,"xmax":379,"ymax":328}},{"name":" add","bndbox":{"xmin":229,"ymin":665,"xmax":301,"ymax":749}},{"name":" add","bndbox":{"xmin":565,"ymin":677,"xmax":661,"ymax":752}},{"name":" add","bndbox":{"xmin":229,"ymin":1211,"xmax":301,"ymax":1295}},{"name":" add","bndbox":{"xmin":577,"ymin":1217,"xmax":667,"ymax":1289}},{"name":" add","bndbox":{"xmin":937,"ymin":1223,"xmax":1000,"ymax":1301}},{"name":" check","bndbox":{"xmin":925,"ymin":665,"xmax":1021,"ymax":761}},{"name":" arrow forward","bndbox":{"xmin":997,"ymin":388,"xmax":1045,"ymax":442}},{"name":" arrow forward","bndbox":{"xmin":997,"ymin":917,"xmax":1039,"ymax":980}},{"name":" arrow forward","bndbox":{"xmin":997,"ymin":1475,"xmax":1039,"ymax":1530}},{"name":" arrow backward","bndbox":{"xmin":187,"ymin":1797,"xmax":325,"ymax":1914}}]},"time_labeled":1696518217071,"labeled":true,"size":{"width":1080,"height":1920,"depth":3}}