{"path":"C:\\Samsung Prism\\myvenv\\datasets\\images\\train\\12712.jpg","outputs":{"object":[{"name":" Bluetooth","bndbox":{"xmin":721,"ymin":-7,"xmax":787,"ymax":70}},{"name":" share","bndbox":{"xmin":949,"ymin":70,"xmax":1081,"ymax":190}},{"name":" arrow backward","bndbox":{"xmin":36,"ymin":100,"xmax":193,"ymax":184}},{"name":" play","bndbox":{"xmin":30,"ymin":1037,"xmax":133,"ymax":1121}},{"name":" arrow backward","bndbox":{"xmin":187,"ymin":1809,"xmax":313,"ymax":1914}}]},"time_labeled":1696443510934,"labeled":true,"size":{"width":1080,"height":1920,"depth":3}}