{"path":"C:\\Samsung Prism\\myvenv\\datasets\\images\\train\\12713.jpg","outputs":{"object":[{"name":" Bluetooth","bndbox":{"xmin":733,"ymin":-4,"xmax":793,"ymax":70}},{"name":" menu","bndbox":{"xmin":24,"ymin":88,"xmax":169,"ymax":190}},{"name":" search","bndbox":{"xmin":265,"ymin":247,"xmax":373,"ymax":316}},{"name":" share","bndbox":{"xmin":781,"ymin":1157,"xmax":844,"ymax":1229}},{"name":" add","bndbox":{"xmin":949,"ymin":1475,"xmax":1009,"ymax":1542}},{"name":" arrow backward","bndbox":{"xmin":175,"ymin":1821,"xmax":301,"ymax":1902}}]},"time_labeled":1696443560797,"labeled":true,"size":{"width":1080,"height":1920,"depth":3}}