{"path":"C:\\Samsung Prism\\myvenv\\datasets\\images\\train\\12714.jpg","outputs":{"object":[{"name":" Bluetooth","bndbox":{"xmin":724,"ymin":4,"xmax":793,"ymax":64}},{"name":" arrow forward","bndbox":{"xmin":889,"ymin":1656,"xmax":973,"ymax":1770}},{"name":" check","bndbox":{"xmin":397,"ymin":1037,"xmax":577,"ymax":1169}},{"name":" arrow backward","bndbox":{"xmin":205,"ymin":1824,"xmax":301,"ymax":1896}}]},"time_labeled":1696443601663,"labeled":true,"size":{"width":1080,"height":1920,"depth":3}}