{"path":"C:\\Samsung Prism\\myvenv\\datasets\\images\\train\\12721.jpg","outputs":{"object":[{"name":" Bluetooth","bndbox":{"xmin":751,"ymin":4,"xmax":817,"ymax":64}},{"name":" arrow backward","bndbox":{"xmin":15,"ymin":76,"xmax":87,"ymax":154}},{"name":" arrow backward","bndbox":{"xmin":328,"ymin":79,"xmax":421,"ymax":163}},{"name":" arrow forward","bndbox":{"xmin":973,"ymin":76,"xmax":1051,"ymax":172}},{"name":"star","bndbox":{"xmin":817,"ymin":412,"xmax":907,"ymax":509}},{"name":" close","bndbox":{"xmin":1036,"ymin":1638,"xmax":1084,"ymax":1722}},{"name":" arrow forward","bndbox":{"xmin":364,"ymin":1674,"xmax":439,"ymax":1770}},{"name":" arrow backward","bndbox":{"xmin":196,"ymin":1806,"xmax":313,"ymax":1902}}]},"time_labeled":1696518393696,"labeled":true,"size":{"width":1080,"height":1920,"depth":3}}