{"path":"C:\\Samsung Prism\\myvenv\\datasets\\images\\train\\12723.jpg","outputs":{"object":[{"name":" Bluetooth","bndbox":{"xmin":748,"ymin":4,"xmax":823,"ymax":67}},{"name":" arrow backward","bndbox":{"xmin":12,"ymin":64,"xmax":96,"ymax":163}},{"name":" arrow backward","bndbox":{"xmin":316,"ymin":76,"xmax":424,"ymax":172}},{"name":" arrow forward","bndbox":{"xmin":973,"ymin":76,"xmax":1051,"ymax":166}},{"name":" close","bndbox":{"xmin":1027,"ymin":1650,"xmax":1084,"ymax":1710}},{"name":" arrow forward","bndbox":{"xmin":364,"ymin":1698,"xmax":463,"ymax":1758}},{"name":" arrow backward","bndbox":{"xmin":181,"ymin":1806,"xmax":295,"ymax":1905}}]},"time_labeled":1696518462380,"labeled":true,"size":{"width":1080,"height":1920,"depth":3}}