{"path":"C:\\Samsung Prism\\myvenv\\datasets\\images\\train\\12725.jpg","outputs":{"object":[{"name":" notifications","bndbox":{"xmin":709,"ymin":220,"xmax":799,"ymax":316}},{"name":" search","bndbox":{"xmin":820,"ymin":211,"xmax":925,"ymax":319}},{"name":" menu","bndbox":{"xmin":940,"ymin":220,"xmax":1063,"ymax":322}},{"name":" arrow forward","bndbox":{"xmin":12,"ymin":367,"xmax":96,"ymax":460}},{"name":" arrow forward","bndbox":{"xmin":745,"ymin":379,"xmax":799,"ymax":424}},{"name":" arrow forward","bndbox":{"xmin":997,"ymin":382,"xmax":1039,"ymax":436}},{"name":" notifications","bndbox":{"xmin":757,"ymin":623,"xmax":877,"ymax":728}},{"name":" chat","bndbox":{"xmin":889,"ymin":629,"xmax":997,"ymax":728}},{"name":" share","bndbox":{"xmin":817,"ymin":1124,"xmax":868,"ymax":1193}},{"name":" arrow forward","bndbox":{"xmin":361,"ymin":1680,"xmax":448,"ymax":1761}},{"name":" close","bndbox":{"xmin":1033,"ymin":1650,"xmax":1093,"ymax":1713}},{"name":" arrow backward","bndbox":{"xmin":199,"ymin":1806,"xmax":301,"ymax":1890}}]},"time_labeled":1696518612440,"labeled":true,"size":{"width":1080,"height":1920,"depth":3}}