{"path":"C:\\Samsung Prism\\myvenv\\datasets\\images\\train\\12728.jpg","outputs":{"object":[{"name":" Bluetooth","bndbox":{"xmin":748,"ymin":4,"xmax":811,"ymax":64}},{"name":" arrow backward","bndbox":{"xmin":15,"ymin":64,"xmax":96,"ymax":166}},{"name":" arrow backward","bndbox":{"xmin":337,"ymin":70,"xmax":409,"ymax":163}},{"name":" arrow forward","bndbox":{"xmin":979,"ymin":67,"xmax":1057,"ymax":166}},{"name":" add","bndbox":{"xmin":925,"ymin":370,"xmax":1033,"ymax":451}},{"name":" arrow backward","bndbox":{"xmin":193,"ymin":1806,"xmax":307,"ymax":1914}}]},"time_labeled":1696518676804,"labeled":true,"size":{"width":1080,"height":1920,"depth":3}}