{"path":"C:\\Samsung Prism\\myvenv\\datasets\\images\\train\\12726.jpg","outputs":{"object":[{"name":" Bluetooth","bndbox":{"xmin":757,"ymin":-4,"xmax":817,"ymax":64}},{"name":" arrow forward","bndbox":{"xmin":991,"ymin":256,"xmax":1075,"ymax":370}},{"name":" arrow forward","bndbox":{"xmin":976,"ymin":415,"xmax":1069,"ymax":536}},{"name":" arrow backward","bndbox":{"xmin":181,"ymin":1806,"xmax":319,"ymax":1893}}]},"time_labeled":1696518637086,"labeled":true,"size":{"width":1080,"height":1920,"depth":3}}