{"path":"C:\\Samsung Prism\\myvenv\\datasets\\images\\train\\12724.jpg","outputs":{"object":[{"name":" Bluetooth","bndbox":{"xmin":757,"ymin":-4,"xmax":817,"ymax":64}},{"name":" arrow backward","bndbox":{"xmin":24,"ymin":64,"xmax":90,"ymax":172}},{"name":" arrow backward","bndbox":{"xmin":328,"ymin":67,"xmax":412,"ymax":166}},{"name":" arrow forward","bndbox":{"xmin":985,"ymin":67,"xmax":1057,"ymax":172}},{"name":" add","bndbox":{"xmin":652,"ymin":340,"xmax":733,"ymax":424}},{"name":" add","bndbox":{"xmin":661,"ymin":524,"xmax":739,"ymax":611}},{"name":" add","bndbox":{"xmin":655,"ymin":701,"xmax":748,"ymax":788}},{"name":" arrow forward","bndbox":{"xmin":337,"ymin":1689,"xmax":469,"ymax":1764}},{"name":" close","bndbox":{"xmin":1033,"ymin":1650,"xmax":1087,"ymax":1710}},{"name":" arrow backward","bndbox":{"xmin":205,"ymin":1806,"xmax":289,"ymax":1902}}]},"time_labeled":1696518526818,"labeled":true,"size":{"width":1080,"height":1920,"depth":3}}