{"path":"C:\\Samsung Prism\\myvenv\\datasets\\images\\train\\12729.jpg","outputs":{"object":[{"name":" Bluetooth","bndbox":{"xmin":748,"ymin":-4,"xmax":817,"ymax":64}},{"name":" arrow backward","bndbox":{"xmin":18,"ymin":64,"xmax":96,"ymax":166}},{"name":" arrow backward","bndbox":{"xmin":337,"ymin":67,"xmax":421,"ymax":166}},{"name":" arrow forward","bndbox":{"xmin":988,"ymin":76,"xmax":1057,"ymax":166}},{"name":"star","bndbox":{"xmin":808,"ymin":292,"xmax":901,"ymax":364}},{"name":" arrow forward","bndbox":{"xmin":355,"ymin":1686,"xmax":445,"ymax":1758}},{"name":" close","bndbox":{"xmin":1033,"ymin":1653,"xmax":1084,"ymax":1716}},{"name":" arrow backward","bndbox":{"xmin":181,"ymin":1806,"xmax":289,"ymax":1905}}]},"time_labeled":1696518722535,"labeled":true,"size":{"width":1080,"height":1920,"depth":3}}