{"path":"C:\\Samsung Prism\\myvenv\\datasets\\images\\train\\12731.jpg","outputs":{"object":[{"name":" arrow backward","bndbox":{"xmin":3,"ymin":-7,"xmax":84,"ymax":88}},{"name":" arrow backward","bndbox":{"xmin":187,"ymin":1812,"xmax":289,"ymax":1902}},{"name":" expand more","bndbox":{"xmin":12,"ymin":178,"xmax":96,"ymax":259}},{"name":" expand more","bndbox":{"xmin":12,"ymin":364,"xmax":109,"ymax":454}},{"name":" expand more","bndbox":{"xmin":12,"ymin":605,"xmax":115,"ymax":671}},{"name":" expand more","bndbox":{"xmin":12,"ymin":785,"xmax":112,"ymax":857}},{"name":" expand more","bndbox":{"xmin":12,"ymin":977,"xmax":96,"ymax":1049}}]},"time_labeled":1696518770798,"labeled":true,"size":{"width":1080,"height":1920,"depth":3}}