{"path":"C:\\Samsung Prism\\myvenv\\datasets\\images\\train\\12749.jpg","outputs":{"object":[{"name":" Bluetooth","bndbox":{"xmin":733,"ymin":-13,"xmax":793,"ymax":64}},{"name":" expand more","bndbox":{"xmin":697,"ymin":256,"xmax":805,"ymax":328}},{"name":" home","bndbox":{"xmin":36,"ymin":436,"xmax":121,"ymax":521}},{"name":" settings","bndbox":{"xmin":36,"ymin":851,"xmax":121,"ymax":941}},{"name":"star","bndbox":{"xmin":60,"ymin":593,"xmax":109,"ymax":659}},{"name":" arrow backward","bndbox":{"xmin":181,"ymin":1806,"xmax":292,"ymax":1905}}]},"time_labeled":1696519277490,"labeled":true,"size":{"width":1080,"height":1920,"depth":3}}