{"path":"C:\\Samsung Prism\\myvenv\\datasets\\images\\train\\12747.jpg","outputs":{"object":[{"name":" Bluetooth","bndbox":{"xmin":736,"ymin":4,"xmax":793,"ymax":64}},{"name":" menu","bndbox":{"xmin":15,"ymin":88,"xmax":127,"ymax":184}},{"name":" search","bndbox":{"xmin":856,"ymin":82,"xmax":952,"ymax":199}},{"name":" more","bndbox":{"xmin":985,"ymin":76,"xmax":1057,"ymax":187}},{"name":" more","bndbox":{"xmin":829,"ymin":557,"xmax":949,"ymax":644}},{"name":" more","bndbox":{"xmin":859,"ymin":707,"xmax":907,"ymax":776}},{"name":" more","bndbox":{"xmin":844,"ymin":845,"xmax":913,"ymax":944}},{"name":" arrow backward","bndbox":{"xmin":205,"ymin":1806,"xmax":277,"ymax":1908}}]},"time_labeled":1696519157019,"labeled":true,"size":{"width":1080,"height":1920,"depth":3}}