{"path":"C:\\Samsung Prism\\myvenv\\datasets\\images\\train\\12743.jpg","outputs":{"object":[{"name":" Bluetooth","bndbox":{"xmin":733,"ymin":-7,"xmax":793,"ymax":64}},{"name":" search","bndbox":{"xmin":865,"ymin":88,"xmax":937,"ymax":178}},{"name":" more","bndbox":{"xmin":988,"ymin":91,"xmax":1045,"ymax":172}},{"name":" menu","bndbox":{"xmin":30,"ymin":100,"xmax":124,"ymax":184}},{"name":" play","bndbox":{"xmin":27,"ymin":1542,"xmax":112,"ymax":1644}},{"name":" play","bndbox":{"xmin":565,"ymin":1554,"xmax":637,"ymax":1638}},{"name":" arrow backward","bndbox":{"xmin":181,"ymin":1806,"xmax":304,"ymax":1893}}]},"time_labeled":1696518973796,"labeled":true,"size":{"width":1080,"height":1920,"depth":3}}