{"path":"C:\\Samsung Prism\\myvenv\\datasets\\images\\train\\12748.jpg","outputs":{"object":[{"name":" Bluetooth","bndbox":{"xmin":733,"ymin":-4,"xmax":793,"ymax":64}},{"name":" arrow forward","bndbox":{"xmin":961,"ymin":268,"xmax":1045,"ymax":352}},{"name":" arrow forward","bndbox":{"xmin":952,"ymin":436,"xmax":1051,"ymax":545}},{"name":" arrow forward","bndbox":{"xmin":967,"ymin":611,"xmax":1045,"ymax":719}},{"name":" arrow forward","bndbox":{"xmin":961,"ymin":809,"xmax":1060,"ymax":923}},{"name":" arrow forward","bndbox":{"xmin":955,"ymin":977,"xmax":1033,"ymax":1091}},{"name":" arrow forward","bndbox":{"xmin":973,"ymin":1169,"xmax":1045,"ymax":1280}},{"name":" arrow forward","bndbox":{"xmin":961,"ymin":1349,"xmax":1036,"ymax":1469}},{"name":" arrow forward","bndbox":{"xmin":967,"ymin":1542,"xmax":1051,"ymax":1650}},{"name":" arrow backward","bndbox":{"xmin":193,"ymin":1800,"xmax":292,"ymax":1920}},{"name":" arrow forward","bndbox":{"xmin":949,"ymin":1713,"xmax":1048,"ymax":1800}}]},"time_labeled":1696519220300,"labeled":true,"size":{"width":1080,"height":1920,"depth":3}}