{"path":"C:\\Samsung Prism\\myvenv\\datasets\\images\\train\\12744.jpg","outputs":{"object":[{"name":" Bluetooth","bndbox":{"xmin":745,"ymin":4,"xmax":793,"ymax":67}},{"name":" menu","bndbox":{"xmin":15,"ymin":79,"xmax":121,"ymax":172}},{"name":" search","bndbox":{"xmin":865,"ymin":88,"xmax":949,"ymax":175}},{"name":" more","bndbox":{"xmin":985,"ymin":91,"xmax":1057,"ymax":202}},{"name":" arrow backward","bndbox":{"xmin":187,"ymin":1797,"xmax":277,"ymax":1902}}]},"time_labeled":1696519005887,"labeled":true,"size":{"width":1080,"height":1920,"depth":3}}