{"path":"C:\\Samsung Prism\\myvenv\\datasets\\images\\train\\12746.jpg","outputs":{"object":[{"name":" Bluetooth","bndbox":{"xmin":736,"ymin":-4,"xmax":793,"ymax":64}},{"name":" check","bndbox":{"xmin":30,"ymin":112,"xmax":99,"ymax":196}},{"name":" arrow forward","bndbox":{"xmin":976,"ymin":400,"xmax":1021,"ymax":472}},{"name":" arrow forward","bndbox":{"xmin":973,"ymin":593,"xmax":1045,"ymax":656}},{"name":" arrow forward","bndbox":{"xmin":973,"ymin":755,"xmax":1033,"ymax":857}},{"name":" arrow forward","bndbox":{"xmin":973,"ymin":959,"xmax":1045,"ymax":1043}},{"name":" arrow forward","bndbox":{"xmin":964,"ymin":1133,"xmax":1048,"ymax":1208}},{"name":" arrow forward","bndbox":{"xmin":979,"ymin":1313,"xmax":1033,"ymax":1385}},{"name":" arrow forward","bndbox":{"xmin":964,"ymin":1500,"xmax":1036,"ymax":1602}},{"name":" arrow forward","bndbox":{"xmin":973,"ymin":1674,"xmax":1039,"ymax":1764}},{"name":" arrow backward","bndbox":{"xmin":193,"ymin":1809,"xmax":313,"ymax":1893}}]},"time_labeled":1696519104815,"labeled":true,"size":{"width":1080,"height":1920,"depth":3}}