{"path":"C:\\Samsung Prism\\myvenv\\datasets\\images\\train\\12745.jpg","outputs":{"object":[{"name":" Bluetooth","bndbox":{"xmin":745,"ymin":-7,"xmax":796,"ymax":64}},{"name":" menu","bndbox":{"xmin":24,"ymin":100,"xmax":121,"ymax":175}},{"name":" search","bndbox":{"xmin":865,"ymin":82,"xmax":961,"ymax":184}},{"name":" more","bndbox":{"xmin":985,"ymin":76,"xmax":1057,"ymax":184}},{"name":" expand more","bndbox":{"xmin":961,"ymin":292,"xmax":1033,"ymax":352}},{"name":" expand more","bndbox":{"xmin":973,"ymin":472,"xmax":1024,"ymax":545}},{"name":" refresh","bndbox":{"xmin":30,"ymin":1277,"xmax":109,"ymax":1343}},{"name":" arrow backward","bndbox":{"xmin":196,"ymin":1797,"xmax":301,"ymax":1896}}]},"time_labeled":1696519055571,"labeled":true,"size":{"width":1080,"height":1920,"depth":3}}