{"path":"C:\\Samsung Prism\\myvenv\\datasets\\images\\train\\12752.jpg","outputs":{"object":[{"name":" Bluetooth","bndbox":{"xmin":724,"ymin":-7,"xmax":793,"ymax":64}},{"name":" expand more","bndbox":{"xmin":721,"ymin":238,"xmax":805,"ymax":340}},{"name":" home","bndbox":{"xmin":36,"ymin":436,"xmax":136,"ymax":533}},{"name":"star","bndbox":{"xmin":48,"ymin":593,"xmax":109,"ymax":644}},{"name":" settings","bndbox":{"xmin":24,"ymin":833,"xmax":124,"ymax":965}},{"name":" arrow backward","bndbox":{"xmin":193,"ymin":1794,"xmax":292,"ymax":1902}}]},"time_labeled":1696519458703,"labeled":true,"size":{"width":1080,"height":1920,"depth":3}}