{"path":"C:\\Samsung Prism\\myvenv\\datasets\\images\\train\\12751.jpg","outputs":{"object":[{"name":" Bluetooth","bndbox":{"xmin":745,"ymin":4,"xmax":793,"ymax":64}},{"name":" expand more","bndbox":{"xmin":733,"ymin":244,"xmax":796,"ymax":352}},{"name":" settings","bndbox":{"xmin":36,"ymin":851,"xmax":109,"ymax":941}},{"name":" home","bndbox":{"xmin":48,"ymin":415,"xmax":109,"ymax":521}},{"name":"star","bndbox":{"xmin":60,"ymin":596,"xmax":124,"ymax":656}},{"name":" arrow backward","bndbox":{"xmin":193,"ymin":1806,"xmax":301,"ymax":1902}}]},"time_labeled":1696519407693,"labeled":true,"size":{"width":1080,"height":1920,"depth":3}}