{"path":"C:\\Samsung Prism\\myvenv\\datasets\\images\\train\\12750.jpg","outputs":{"object":[{"name":" Bluetooth","bndbox":{"xmin":745,"ymin":-7,"xmax":793,"ymax":67}},{"name":" menu","bndbox":{"xmin":18,"ymin":82,"xmax":115,"ymax":184}},{"name":" refresh","bndbox":{"xmin":736,"ymin":94,"xmax":841,"ymax":175}},{"name":" search","bndbox":{"xmin":871,"ymin":91,"xmax":952,"ymax":178}},{"name":" more","bndbox":{"xmin":988,"ymin":82,"xmax":1051,"ymax":178}},{"name":" play","bndbox":{"xmin":39,"ymin":752,"xmax":121,"ymax":869}},{"name":" play","bndbox":{"xmin":565,"ymin":761,"xmax":640,"ymax":857}},{"name":" arrow backward","bndbox":{"xmin":193,"ymin":1806,"xmax":301,"ymax":1914}}]},"time_labeled":1696519357556,"labeled":true,"size":{"width":1080,"height":1920,"depth":3}}