{"path":"C:\\Samsung Prism\\myvenv\\datasets\\images\\train\\12766.jpg","outputs":{"object":[{"name":" Bluetooth","bndbox":{"xmin":757,"ymin":4,"xmax":820,"ymax":64}},{"name":" more","bndbox":{"xmin":976,"ymin":79,"xmax":1051,"ymax":184}},{"name":" arrow forward","bndbox":{"xmin":964,"ymin":292,"xmax":1051,"ymax":412}},{"name":" arrow forward","bndbox":{"xmin":964,"ymin":484,"xmax":1063,"ymax":617}},{"name":" arrow forward","bndbox":{"xmin":961,"ymin":689,"xmax":1081,"ymax":797}},{"name":" arrow forward","bndbox":{"xmin":949,"ymin":869,"xmax":1099,"ymax":1004}},{"name":" arrow forward","bndbox":{"xmin":961,"ymin":1049,"xmax":1069,"ymax":1196}},{"name":" arrow backward","bndbox":{"xmin":193,"ymin":1818,"xmax":289,"ymax":1926}}]},"time_labeled":1696519625024,"labeled":true,"size":{"width":1080,"height":1920,"depth":3}}