{"path":"C:\\Samsung Prism\\myvenv\\datasets\\images\\train\\12769.jpg","outputs":{"object":[{"name":" Bluetooth","bndbox":{"xmin":748,"ymin":-4,"xmax":817,"ymax":70}},{"name":" close","bndbox":{"xmin":36,"ymin":76,"xmax":124,"ymax":175}},{"name":" more","bndbox":{"xmin":979,"ymin":67,"xmax":1045,"ymax":175}},{"name":" menu","bndbox":{"xmin":961,"ymin":211,"xmax":1069,"ymax":316}},{"name":" arrow backward","bndbox":{"xmin":205,"ymin":1794,"xmax":328,"ymax":1908}}]},"time_labeled":1696520063812,"labeled":true,"size":{"width":1080,"height":1920,"depth":3}}