{"path":"C:\\Samsung Prism\\myvenv\\datasets\\images\\train\\12768.jpg","outputs":{"object":[{"name":" Bluetooth","bndbox":{"xmin":757,"ymin":-16,"xmax":808,"ymax":64}},{"name":" menu","bndbox":{"xmin":6,"ymin":76,"xmax":133,"ymax":163}},{"name":" play","bndbox":{"xmin":457,"ymin":472,"xmax":595,"ymax":620}},{"name":" play","bndbox":{"xmin":913,"ymin":1169,"xmax":973,"ymax":1232}},{"name":" play","bndbox":{"xmin":889,"ymin":1409,"xmax":1003,"ymax":1487}},{"name":" arrow forward","bndbox":{"xmin":469,"ymin":1665,"xmax":553,"ymax":1758}},{"name":" arrow backward","bndbox":{"xmin":187,"ymin":1788,"xmax":313,"ymax":1893}}]},"time_labeled":1696520030527,"labeled":true,"size":{"width":1080,"height":1920,"depth":3}}