{"path":"C:\\Samsung Prism\\myvenv\\datasets\\images\\train\\12779.jpg","outputs":{"object":[{"name":" Bluetooth","bndbox":{"xmin":757,"ymin":-4,"xmax":805,"ymax":70}},{"name":" arrow backward","bndbox":{"xmin":181,"ymin":1794,"xmax":304,"ymax":1908}},{"name":" expand more","bndbox":{"xmin":325,"ymin":617,"xmax":415,"ymax":695}},{"name":" expand more","bndbox":{"xmin":841,"ymin":737,"xmax":940,"ymax":812}},{"name":" expand more","bndbox":{"xmin":865,"ymin":869,"xmax":949,"ymax":953}}]},"time_labeled":1696520598841,"labeled":true,"size":{"width":1080,"height":1920,"depth":3}}