{"path":"C:\\Samsung Prism\\myvenv\\datasets\\images\\train\\12774.jpg","outputs":{"object":[{"name":" Bluetooth","bndbox":{"xmin":751,"ymin":4,"xmax":817,"ymax":76}},{"name":" share","bndbox":{"xmin":685,"ymin":70,"xmax":784,"ymax":184}},{"name":" close","bndbox":{"xmin":-23,"ymin":1746,"xmax":36,"ymax":1812}},{"name":" arrow backward","bndbox":{"xmin":169,"ymin":1806,"xmax":316,"ymax":1902}},{"name":" arrow forward","bndbox":{"xmin":424,"ymin":1680,"xmax":481,"ymax":1764}},{"name":" arrow forward","bndbox":{"xmin":595,"ymin":1698,"xmax":649,"ymax":1776}}]},"time_labeled":1696520291050,"labeled":true,"size":{"width":1080,"height":1920,"depth":3}}