{"path":"C:\\Samsung Prism\\myvenv\\datasets\\images\\train\\12775.jpg","outputs":{"object":[{"name":" Bluetooth","bndbox":{"xmin":757,"ymin":-7,"xmax":808,"ymax":67}},{"name":" share","bndbox":{"xmin":829,"ymin":82,"xmax":937,"ymax":190}},{"name":" close","bndbox":{"xmin":-11,"ymin":1740,"xmax":63,"ymax":1794}},{"name":" arrow backward","bndbox":{"xmin":157,"ymin":1794,"xmax":301,"ymax":1893}},{"name":" arrow forward","bndbox":{"xmin":409,"ymin":1686,"xmax":475,"ymax":1770}},{"name":" arrow forward","bndbox":{"xmin":589,"ymin":1686,"xmax":652,"ymax":1770}}]},"time_labeled":1696520302944,"labeled":true,"size":{"width":1080,"height":1920,"depth":3}}