{"path":"C:\\Samsung Prism\\myvenv\\datasets\\images\\train\\12772.jpg","outputs":{"object":[{"name":" Bluetooth","bndbox":{"xmin":757,"ymin":4,"xmax":817,"ymax":64}},{"name":" share","bndbox":{"xmin":817,"ymin":88,"xmax":937,"ymax":190}},{"name":" Bluetooth","bndbox":{"xmin":424,"ymin":232,"xmax":511,"ymax":316}},{"name":" close","bndbox":{"xmin":-23,"ymin":1725,"xmax":48,"ymax":1809}},{"name":" arrow backward","bndbox":{"xmin":172,"ymin":1788,"xmax":313,"ymax":1932}}]},"time_labeled":1696520198516,"labeled":true,"size":{"width":1080,"height":1920,"depth":3}}