{"path":"C:\\Samsung Prism\\myvenv\\datasets\\images\\train\\12778.jpg","outputs":{"object":[{"name":" Bluetooth","bndbox":{"xmin":751,"ymin":-13,"xmax":841,"ymax":76}},{"name":" arrow forward","bndbox":{"xmin":928,"ymin":112,"xmax":1063,"ymax":424}},{"name":"star","bndbox":{"xmin":937,"ymin":451,"xmax":1021,"ymax":569}},{"name":" search","bndbox":{"xmin":583,"ymin":448,"xmax":715,"ymax":557}},{"name":" arrow backward","bndbox":{"xmin":184,"ymin":1818,"xmax":325,"ymax":1908}},{"name":" arrow backward","bndbox":{"xmin":-23,"ymin":103,"xmax":169,"ymax":424}}]},"time_labeled":1696520537226,"labeled":true,"size":{"width":1080,"height":1920,"depth":3}}