{"path":"C:\\Samsung Prism\\myvenv\\datasets\\images\\train\\12786.jpg","outputs":{"object":[{"name":" Bluetooth","bndbox":{"xmin":757,"ymin":-7,"xmax":829,"ymax":76}},{"name":" menu","bndbox":{"xmin":18,"ymin":88,"xmax":109,"ymax":196}},{"name":" arrow backward","bndbox":{"xmin":217,"ymin":100,"xmax":301,"ymax":190}},{"name":" arrow forward","bndbox":{"xmin":715,"ymin":76,"xmax":817,"ymax":190}},{"name":" search","bndbox":{"xmin":973,"ymin":88,"xmax":1063,"ymax":184}},{"name":" arrow backward","bndbox":{"xmin":205,"ymin":1806,"xmax":289,"ymax":1914}}]},"time_labeled":1696520957144,"labeled":true,"size":{"width":1080,"height":1920,"depth":3}}