{"path":"C:\\Samsung Prism\\myvenv\\datasets\\images\\train\\12785.jpg","outputs":{"object":[{"name":" Bluetooth","bndbox":{"xmin":751,"ymin":4,"xmax":829,"ymax":76}},{"name":" arrow backward","bndbox":{"xmin":24,"ymin":88,"xmax":121,"ymax":178}},{"name":" add","bndbox":{"xmin":865,"ymin":88,"xmax":961,"ymax":196}},{"name":" more","bndbox":{"xmin":988,"ymin":64,"xmax":1060,"ymax":199}},{"name":" arrow backward","bndbox":{"xmin":184,"ymin":1812,"xmax":283,"ymax":1902}}]},"time_labeled":1696520918591,"labeled":true,"size":{"width":1080,"height":1920,"depth":3}}