{"path":"C:\\Samsung Prism\\myvenv\\datasets\\images\\train\\12784.jpg","outputs":{"object":[{"name":" Bluetooth","bndbox":{"xmin":757,"ymin":4,"xmax":817,"ymax":64}},{"name":" menu","bndbox":{"xmin":24,"ymin":88,"xmax":121,"ymax":175}},{"name":" arrow backward","bndbox":{"xmin":181,"ymin":88,"xmax":283,"ymax":184}},{"name":" arrow forward","bndbox":{"xmin":709,"ymin":82,"xmax":808,"ymax":184}},{"name":" search","bndbox":{"xmin":961,"ymin":88,"xmax":1075,"ymax":184}},{"name":" close","bndbox":{"xmin":-8,"ymin":1734,"xmax":48,"ymax":1806}},{"name":" arrow backward","bndbox":{"xmin":181,"ymin":1794,"xmax":337,"ymax":1938}}]},"time_labeled":1696520889702,"labeled":true,"size":{"width":1080,"height":1920,"depth":3}}