{"path":"C:\\Samsung Prism\\myvenv\\datasets\\images\\train\\12797.jpg","outputs":{"object":[{"name":" arrow backward","bndbox":{"xmin":10,"ymin":44,"xmax":61,"ymax":86}},{"name":" arrow forward","bndbox":{"xmin":468,"ymin":122,"xmax":534,"ymax":172}},{"name":" arrow forward","bndbox":{"xmin":474,"ymin":218,"xmax":534,"ymax":290}},{"name":" arrow forward","bndbox":{"xmin":480,"ymin":314,"xmax":534,"ymax":365}},{"name":" arrow forward","bndbox":{"xmin":482,"ymin":418,"xmax":522,"ymax":470}},{"name":" arrow forward","bndbox":{"xmin":486,"ymin":506,"xmax":531,"ymax":560}},{"name":" arrow forward","bndbox":{"xmin":486,"ymin":599,"xmax":528,"ymax":656}},{"name":" arrow forward","bndbox":{"xmin":488,"ymin":692,"xmax":528,"ymax":752}},{"name":" arrow forward","bndbox":{"xmin":483,"ymin":785,"xmax":528,"ymax":848}},{"name":" arrow backward","bndbox":{"xmin":97,"ymin":896,"xmax":160,"ymax":953}}]},"time_labeled":1696521321831,"labeled":true,"size":{"width":540,"height":960,"depth":3}}