{"path":"C:\\Samsung Prism\\myvenv\\datasets\\images\\train\\12799.jpg","outputs":{"object":[{"name":" play","bndbox":{"xmin":422,"ymin":134,"xmax":516,"ymax":218}},{"name":" add","bndbox":{"xmin":31,"ymin":368,"xmax":88,"ymax":425}},{"name":" more","bndbox":{"xmin":468,"ymin":460,"xmax":519,"ymax":524}},{"name":" more","bndbox":{"xmin":464,"ymin":566,"xmax":534,"ymax":620}},{"name":" more","bndbox":{"xmin":462,"ymin":676,"xmax":522,"ymax":737}},{"name":" more","bndbox":{"xmin":462,"ymin":782,"xmax":519,"ymax":832}},{"name":" arrow backward","bndbox":{"xmin":92,"ymin":899,"xmax":152,"ymax":965}}]},"time_labeled":1696521417852,"labeled":true,"size":{"width":540,"height":960,"depth":3}}