{"path":"C:\\Samsung Prism\\myvenv\\datasets\\images\\train\\12794.jpg","outputs":{"object":[{"name":" Bluetooth","bndbox":{"xmin":745,"ymin":-7,"xmax":817,"ymax":70}},{"name":" arrow backward","bndbox":{"xmin":24,"ymin":88,"xmax":121,"ymax":202}},{"name":" arrow backward","bndbox":{"xmin":613,"ymin":103,"xmax":727,"ymax":184}},{"name":" arrow backward","bndbox":{"xmin":175,"ymin":1782,"xmax":283,"ymax":1902}}]},"time_labeled":1696521220785,"labeled":true,"size":{"width":1080,"height":1920,"depth":3}}