{"path":"C:\\Samsung Prism\\myvenv\\datasets\\images\\train\\12790.jpg","outputs":{"object":[{"name":" Bluetooth","bndbox":{"xmin":748,"ymin":4,"xmax":829,"ymax":67}},{"name":" arrow backward","bndbox":{"xmin":12,"ymin":100,"xmax":121,"ymax":184}},{"name":" arrow backward","bndbox":{"xmin":625,"ymin":91,"xmax":709,"ymax":175}},{"name":" arrow forward","bndbox":{"xmin":952,"ymin":103,"xmax":1051,"ymax":196}},{"name":" arrow backward","bndbox":{"xmin":193,"ymin":1797,"xmax":304,"ymax":1890}}]},"time_labeled":1696521101522,"labeled":true,"size":{"width":1080,"height":1920,"depth":3}}