{"path":"C:\\Samsung Prism\\myvenv\\datasets\\images\\train\\12796.jpg","outputs":{"object":[{"name":" search","bndbox":{"xmin":19,"ymin":41,"xmax":64,"ymax":92}},{"name":" arrow forward","bndbox":{"xmin":492,"ymin":131,"xmax":546,"ymax":188}},{"name":" arrow forward","bndbox":{"xmin":480,"ymin":215,"xmax":537,"ymax":275}},{"name":" arrow forward","bndbox":{"xmin":489,"ymin":320,"xmax":531,"ymax":362}},{"name":" arrow forward","bndbox":{"xmin":477,"ymin":416,"xmax":546,"ymax":460}},{"name":" arrow forward","bndbox":{"xmin":492,"ymin":502,"xmax":534,"ymax":566}},{"name":" arrow forward","bndbox":{"xmin":483,"ymin":608,"xmax":540,"ymax":664}},{"name":" arrow forward","bndbox":{"xmin":474,"ymin":695,"xmax":528,"ymax":752}},{"name":" arrow backward","bndbox":{"xmin":91,"ymin":899,"xmax":152,"ymax":956}}]},"time_labeled":1696521284612,"labeled":true,"size":{"width":540,"height":960,"depth":3}}