{"path":"C:\\Samsung Prism\\myvenv\\datasets\\images\\train\\12803.jpg","outputs":{"object":[{"name":" arrow backward","bndbox":{"xmin":14,"ymin":34,"xmax":109,"ymax":82}},{"name":" arrow forward","bndbox":{"xmin":482,"ymin":332,"xmax":546,"ymax":376}},{"name":" arrow forward","bndbox":{"xmin":488,"ymin":407,"xmax":537,"ymax":464}},{"name":" arrow forward","bndbox":{"xmin":483,"ymin":500,"xmax":534,"ymax":575}},{"name":" arrow forward","bndbox":{"xmin":489,"ymin":596,"xmax":546,"ymax":647}},{"name":" arrow forward","bndbox":{"xmin":486,"ymin":674,"xmax":534,"ymax":734}},{"name":" arrow forward","bndbox":{"xmin":476,"ymin":776,"xmax":542,"ymax":824}}]},"time_labeled":1696521495440,"labeled":true,"size":{"width":540,"height":960,"depth":3}}