{"path":"C:\\Samsung Prism\\myvenv\\datasets\\images\\train\\12815.jpg","outputs":{"object":[{"name":" arrow backward","bndbox":{"xmin":13,"ymin":50,"xmax":73,"ymax":86}},{"name":" arrow forward","bndbox":{"xmin":486,"ymin":128,"xmax":518,"ymax":170}},{"name":" arrow forward","bndbox":{"xmin":480,"ymin":218,"xmax":542,"ymax":278}},{"name":" arrow forward","bndbox":{"xmin":489,"ymin":320,"xmax":540,"ymax":388}},{"name":" arrow forward","bndbox":{"xmin":486,"ymin":416,"xmax":546,"ymax":458}},{"name":" arrow forward","bndbox":{"xmin":480,"ymin":512,"xmax":540,"ymax":560}},{"name":" arrow forward","bndbox":{"xmin":480,"ymin":608,"xmax":554,"ymax":659}},{"name":" arrow forward","bndbox":{"xmin":488,"ymin":704,"xmax":540,"ymax":755}},{"name":" arrow forward","bndbox":{"xmin":486,"ymin":791,"xmax":543,"ymax":868}}]},"time_labeled":1696521637365,"labeled":true,"size":{"width":540,"height":960,"depth":3}}