{"path":"C:\\Samsung Prism\\myvenv\\datasets\\images\\train\\12818.jpg","outputs":{"object":[{"name":" arrow backward","bndbox":{"xmin":10,"ymin":32,"xmax":67,"ymax":83}},{"name":" arrow forward","bndbox":{"xmin":482,"ymin":322,"xmax":525,"ymax":368}},{"name":" arrow forward","bndbox":{"xmin":486,"ymin":410,"xmax":540,"ymax":458}},{"name":" arrow forward","bndbox":{"xmin":486,"ymin":500,"xmax":543,"ymax":566}},{"name":" arrow forward","bndbox":{"xmin":488,"ymin":590,"xmax":552,"ymax":658}},{"name":" arrow forward","bndbox":{"xmin":486,"ymin":680,"xmax":546,"ymax":740}},{"name":" arrow forward","bndbox":{"xmin":483,"ymin":773,"xmax":534,"ymax":824}}]},"time_labeled":1696521692353,"labeled":true,"size":{"width":540,"height":960,"depth":3}}