{"path":"C:\\Samsung Prism\\myvenv\\datasets\\images\\train\\12838.jpg","outputs":{"object":[{"name":" Bluetooth","bndbox":{"xmin":769,"ymin":-4,"xmax":823,"ymax":64}},{"name":" check","bndbox":{"xmin":337,"ymin":743,"xmax":448,"ymax":833}},{"name":" check","bndbox":{"xmin":517,"ymin":749,"xmax":685,"ymax":836}},{"name":" refresh","bndbox":{"xmin":163,"ymin":1385,"xmax":241,"ymax":1448}},{"name":" info","bndbox":{"xmin":355,"ymin":1385,"xmax":445,"ymax":1451}},{"name":" Microphone","bndbox":{"xmin":268,"ymin":1373,"xmax":337,"ymax":1460}}]},"time_labeled":1696576994125,"labeled":true,"size":{"width":1080,"height":1920,"depth":3}}