{"path":"C:\\Samsung Prism\\myvenv\\datasets\\images\\train\\12836.jpg","outputs":{"object":[{"name":" Bluetooth","bndbox":{"xmin":757,"ymin":4,"xmax":817,"ymax":70}},{"name":" menu","bndbox":{"xmin":15,"ymin":88,"xmax":133,"ymax":196}},{"name":" search","bndbox":{"xmin":736,"ymin":106,"xmax":835,"ymax":178}},{"name":" refresh","bndbox":{"xmin":859,"ymin":100,"xmax":949,"ymax":184}},{"name":" more","bndbox":{"xmin":985,"ymin":76,"xmax":1057,"ymax":196}},{"name":" Save/Bookmark","bndbox":{"xmin":796,"ymin":376,"xmax":913,"ymax":460}},{"name":" more","bndbox":{"xmin":937,"ymin":388,"xmax":1021,"ymax":460}},{"name":" Save/Bookmark","bndbox":{"xmin":805,"ymin":953,"xmax":892,"ymax":1031}},{"name":" more","bndbox":{"xmin":925,"ymin":944,"xmax":1033,"ymax":1028}},{"name":" Save/Bookmark","bndbox":{"xmin":820,"ymin":1518,"xmax":892,"ymax":1593}},{"name":" more","bndbox":{"xmin":916,"ymin":1512,"xmax":1045,"ymax":1593}}]},"time_labeled":1696576885284,"labeled":true,"size":{"width":1080,"height":1920,"depth":3}}