{"path":"C:\\Samsung Prism\\myvenv\\datasets\\images\\train\\12835.jpg","outputs":{"object":[{"name":" Bluetooth","bndbox":{"xmin":757,"ymin":-4,"xmax":820,"ymax":64}},{"name":" settings","bndbox":{"xmin":661,"ymin":112,"xmax":769,"ymax":220}},{"name":" home","bndbox":{"xmin":24,"ymin":460,"xmax":99,"ymax":539}},{"name":" close","bndbox":{"xmin":27,"ymin":605,"xmax":109,"ymax":683}},{"name":" Save/Bookmark","bndbox":{"xmin":36,"ymin":737,"xmax":109,"ymax":833}},{"name":" time","bndbox":{"xmin":12,"ymin":1244,"xmax":121,"ymax":1328}}]},"time_labeled":1696576816271,"labeled":true,"size":{"width":1080,"height":1920,"depth":3}}