{"path":"C:\\Samsung Prism\\myvenv\\datasets\\images\\train\\12832.jpg","outputs":{"object":[{"name":" Bluetooth","bndbox":{"xmin":733,"ymin":4,"xmax":805,"ymax":67}},{"name":" menu","bndbox":{"xmin":12,"ymin":64,"xmax":115,"ymax":187}},{"name":" arrow forward","bndbox":{"xmin":808,"ymin":1469,"xmax":955,"ymax":1605}},{"name":" play","bndbox":{"xmin":712,"ymin":1614,"xmax":817,"ymax":1728}},{"name":" close","bndbox":{"xmin":109,"ymin":1569,"xmax":163,"ymax":1614}},{"name":" more","bndbox":{"xmin":988,"ymin":1821,"xmax":1057,"ymax":1902}}]},"time_labeled":1696576681153,"labeled":true,"size":{"width":1080,"height":1920,"depth":3}}