{"path":"C:\\Samsung Prism\\myvenv\\datasets\\images\\train\\12837.jpg","outputs":{"object":[{"name":" Bluetooth","bndbox":{"xmin":748,"ymin":-7,"xmax":820,"ymax":64}},{"name":" menu","bndbox":{"xmin":12,"ymin":76,"xmax":148,"ymax":184}},{"name":" Save/Bookmark","bndbox":{"xmin":739,"ymin":88,"xmax":823,"ymax":178}},{"name":" refresh","bndbox":{"xmin":853,"ymin":82,"xmax":949,"ymax":175}},{"name":" more","bndbox":{"xmin":979,"ymin":88,"xmax":1072,"ymax":187}},{"name":" more","bndbox":{"xmin":937,"ymin":340,"xmax":1039,"ymax":436}},{"name":" more","bndbox":{"xmin":964,"ymin":809,"xmax":1045,"ymax":905}},{"name":" more","bndbox":{"xmin":943,"ymin":1193,"xmax":1045,"ymax":1289}}]},"time_labeled":1696576930930,"labeled":true,"size":{"width":1080,"height":1920,"depth":3}}