{"path":"C:\\Samsung Prism\\myvenv\\datasets\\images\\train\\12833.jpg","outputs":{"object":[{"name":" Bluetooth","bndbox":{"xmin":757,"ymin":-4,"xmax":817,"ymax":64}},{"name":" menu","bndbox":{"xmin":15,"ymin":88,"xmax":124,"ymax":184}},{"name":" Save/Bookmark","bndbox":{"xmin":748,"ymin":88,"xmax":817,"ymax":184}},{"name":" refresh","bndbox":{"xmin":859,"ymin":88,"xmax":961,"ymax":172}},{"name":" more","bndbox":{"xmin":985,"ymin":88,"xmax":1048,"ymax":184}},{"name":" more","bndbox":{"xmin":961,"ymin":352,"xmax":1021,"ymax":424}},{"name":" more","bndbox":{"xmin":964,"ymin":821,"xmax":1033,"ymax":893}},{"name":" more","bndbox":{"xmin":955,"ymin":1211,"xmax":1051,"ymax":1277}},{"name":" arrow backward","bndbox":{"xmin":199,"ymin":1800,"xmax":295,"ymax":1917}}]},"time_labeled":1696576744285,"labeled":true,"size":{"width":1080,"height":1920,"depth":3}}