{"path":"C:\\Samsung Prism\\myvenv\\datasets\\images\\train\\12840.jpg","outputs":{"object":[{"name":" Bluetooth","bndbox":{"xmin":745,"ymin":-4,"xmax":817,"ymax":76}},{"name":" Save/Bookmark","bndbox":{"xmin":808,"ymin":214,"xmax":889,"ymax":328}},{"name":" more","bndbox":{"xmin":943,"ymin":244,"xmax":1051,"ymax":316}},{"name":" Save/Bookmark","bndbox":{"xmin":817,"ymin":1367,"xmax":892,"ymax":1469}},{"name":" more","bndbox":{"xmin":925,"ymin":1364,"xmax":1051,"ymax":1436}}]},"time_labeled":1696577057528,"labeled":true,"size":{"width":1080,"height":1920,"depth":3}}