{"path":"C:\\Samsung Prism\\myvenv\\datasets\\images\\train\\12844.jpg","outputs":{"object":[{"name":" Bluetooth","bndbox":{"xmin":760,"ymin":-7,"xmax":820,"ymax":64}},{"name":" more","bndbox":{"xmin":937,"ymin":223,"xmax":1033,"ymax":322}},{"name":" Save/Bookmark","bndbox":{"xmin":817,"ymin":226,"xmax":892,"ymax":328}},{"name":" Save/Bookmark","bndbox":{"xmin":817,"ymin":785,"xmax":913,"ymax":905}},{"name":" more","bndbox":{"xmin":937,"ymin":809,"xmax":1033,"ymax":881}},{"name":" Save/Bookmark","bndbox":{"xmin":805,"ymin":1373,"xmax":907,"ymax":1457}},{"name":" more","bndbox":{"xmin":916,"ymin":1379,"xmax":1051,"ymax":1460}}]},"time_labeled":1696577205462,"labeled":true,"size":{"width":1080,"height":1920,"depth":3}}