{"path":"C:\\Samsung Prism\\myvenv\\datasets\\images\\train\\12849.jpg","outputs":{"object":[{"name":" Bluetooth","bndbox":{"xmin":733,"ymin":-4,"xmax":799,"ymax":76}},{"name":" more","bndbox":{"xmin":985,"ymin":1794,"xmax":1069,"ymax":1908}},{"name":" chat","bndbox":{"xmin":27,"ymin":358,"xmax":139,"ymax":475}},{"name":" chat","bndbox":{"xmin":39,"ymin":509,"xmax":127,"ymax":629}},{"name":" chat","bndbox":{"xmin":36,"ymin":665,"xmax":133,"ymax":776}},{"name":" chat","bndbox":{"xmin":39,"ymin":809,"xmax":124,"ymax":917}},{"name":" chat","bndbox":{"xmin":36,"ymin":944,"xmax":133,"ymax":1061}},{"name":" chat","bndbox":{"xmin":36,"ymin":1100,"xmax":124,"ymax":1205}},{"name":" chat","bndbox":{"xmin":36,"ymin":1241,"xmax":124,"ymax":1349}},{"name":" chat","bndbox":{"xmin":24,"ymin":1373,"xmax":124,"ymax":1506}}]},"time_labeled":1696577383372,"labeled":true,"size":{"width":1080,"height":1920,"depth":3}}