{"path":"C:\\Samsung Prism\\myvenv\\datasets\\images\\train\\12845.jpg","outputs":{"object":[{"name":" Bluetooth","bndbox":{"xmin":733,"ymin":4,"xmax":805,"ymax":76}},{"name":" arrow backward","bndbox":{"xmin":12,"ymin":64,"xmax":109,"ymax":184}},{"name":" check","bndbox":{"xmin":928,"ymin":76,"xmax":1093,"ymax":184}},{"name":" arrow backward","bndbox":{"xmin":157,"ymin":1554,"xmax":280,"ymax":1650}},{"name":" arrow forward","bndbox":{"xmin":787,"ymin":1542,"xmax":913,"ymax":1653}},{"name":" more","bndbox":{"xmin":997,"ymin":1800,"xmax":1075,"ymax":1902}}]},"time_labeled":1696577239577,"labeled":true,"size":{"width":1080,"height":1920,"depth":3}}