{"path":"C:\\Samsung Prism\\myvenv\\datasets\\images\\train\\12843.jpg","outputs":{"object":[{"name":" Bluetooth","bndbox":{"xmin":751,"ymin":-7,"xmax":823,"ymax":67}},{"name":" menu","bndbox":{"xmin":12,"ymin":67,"xmax":157,"ymax":187}},{"name":" search","bndbox":{"xmin":715,"ymin":94,"xmax":823,"ymax":187}},{"name":" refresh","bndbox":{"xmin":853,"ymin":94,"xmax":949,"ymax":199}},{"name":" more","bndbox":{"xmin":979,"ymin":76,"xmax":1057,"ymax":184}},{"name":" Save/Bookmark","bndbox":{"xmin":793,"ymin":382,"xmax":895,"ymax":460}},{"name":" more","bndbox":{"xmin":928,"ymin":382,"xmax":1033,"ymax":460}},{"name":" Save/Bookmark","bndbox":{"xmin":817,"ymin":941,"xmax":901,"ymax":1019}},{"name":" more","bndbox":{"xmin":928,"ymin":917,"xmax":1033,"ymax":1031}},{"name":" Save/Bookmark","bndbox":{"xmin":817,"ymin":1509,"xmax":889,"ymax":1602}},{"name":" more","bndbox":{"xmin":925,"ymin":1509,"xmax":1039,"ymax":1602}}]},"time_labeled":1696577171106,"labeled":true,"size":{"width":1080,"height":1920,"depth":3}}