{"path":"C:\\Samsung Prism\\myvenv\\datasets\\images\\train\\12853.jpg","outputs":{"object":[{"name":" Bluetooth","bndbox":{"xmin":751,"ymin":-7,"xmax":817,"ymax":76}},{"name":" menu","bndbox":{"xmin":24,"ymin":82,"xmax":133,"ymax":184}},{"name":" expand more","bndbox":{"xmin":661,"ymin":88,"xmax":733,"ymax":148}},{"name":" search","bndbox":{"xmin":961,"ymin":70,"xmax":1057,"ymax":208}},{"name":" arrow forward","bndbox":{"xmin":421,"ymin":1680,"xmax":505,"ymax":1782}}]},"time_labeled":1696577532931,"labeled":true,"size":{"width":1080,"height":1920,"depth":3}}