{"path":"C:\\Samsung Prism\\myvenv\\datasets\\images\\train\\12859.jpg","outputs":{"object":[{"name":" menu","bndbox":{"xmin":30,"ymin":76,"xmax":121,"ymax":184}},{"name":" notifications","bndbox":{"xmin":871,"ymin":91,"xmax":949,"ymax":178}},{"name":" more","bndbox":{"xmin":985,"ymin":76,"xmax":1057,"ymax":175}},{"name":" add","bndbox":{"xmin":943,"ymin":1493,"xmax":1009,"ymax":1590}},{"name":" arrow forward","bndbox":{"xmin":421,"ymin":1680,"xmax":505,"ymax":1770}}]},"time_labeled":1696577721114,"labeled":true,"size":{"width":1080,"height":1920,"depth":3}}