{"path":"C:\\Samsung Prism\\myvenv\\datasets\\images\\train\\12850.jpg","outputs":{"object":[{"name":" Bluetooth","bndbox":{"xmin":760,"ymin":-4,"xmax":817,"ymax":76}},{"name":" menu","bndbox":{"xmin":15,"ymin":88,"xmax":121,"ymax":178}},{"name":" Cart","bndbox":{"xmin":961,"ymin":79,"xmax":1051,"ymax":175}},{"name":" arrow forward","bndbox":{"xmin":925,"ymin":259,"xmax":1021,"ymax":367}},{"name":" send","bndbox":{"xmin":793,"ymin":533,"xmax":916,"ymax":683}},{"name":" send","bndbox":{"xmin":817,"ymin":845,"xmax":925,"ymax":977}},{"name":" send","bndbox":{"xmin":781,"ymin":1109,"xmax":913,"ymax":1232}},{"name":" send","bndbox":{"xmin":805,"ymin":1361,"xmax":913,"ymax":1481}}]},"time_labeled":1696577457828,"labeled":true,"size":{"width":1080,"height":1920,"depth":3}}