{"path":"C:\\Samsung Prism\\myvenv\\datasets\\images\\train\\12856.jpg","outputs":{"object":[{"name":" Bluetooth","bndbox":{"xmin":751,"ymin":4,"xmax":805,"ymax":70}},{"name":" arrow backward","bndbox":{"xmin":27,"ymin":82,"xmax":115,"ymax":172}},{"name":" share","bndbox":{"xmin":109,"ymin":617,"xmax":217,"ymax":701}},{"name":" Copy","bndbox":{"xmin":301,"ymin":605,"xmax":397,"ymax":707}},{"name":" refresh","bndbox":{"xmin":691,"ymin":629,"xmax":769,"ymax":701}},{"name":" delete","bndbox":{"xmin":901,"ymin":611,"xmax":961,"ymax":701}},{"name":" share","bndbox":{"xmin":109,"ymin":1160,"xmax":193,"ymax":1280}},{"name":" Copy","bndbox":{"xmin":295,"ymin":1175,"xmax":415,"ymax":1271}},{"name":" refresh","bndbox":{"xmin":673,"ymin":1169,"xmax":775,"ymax":1268}},{"name":" delete","bndbox":{"xmin":859,"ymin":1181,"xmax":979,"ymax":1271}},{"name":" add","bndbox":{"xmin":913,"ymin":1481,"xmax":1015,"ymax":1593}},{"name":" arrow forward","bndbox":{"xmin":385,"ymin":1662,"xmax":517,"ymax":1794}}]},"time_labeled":1696577664542,"labeled":true,"size":{"width":1080,"height":1920,"depth":3}}