{"path":"C:\\Samsung Prism\\myvenv\\datasets\\images\\train\\12864.jpg","outputs":{"object":[{"name":" menu","bndbox":{"xmin":27,"ymin":79,"xmax":121,"ymax":187}},{"name":" notifications","bndbox":{"xmin":841,"ymin":88,"xmax":961,"ymax":184}},{"name":" more","bndbox":{"xmin":985,"ymin":94,"xmax":1057,"ymax":178}},{"name":" add","bndbox":{"xmin":481,"ymin":1496,"xmax":625,"ymax":1590}},{"name":" arrow forward","bndbox":{"xmin":376,"ymin":1674,"xmax":472,"ymax":1776}}]},"time_labeled":1696577819807,"labeled":true,"size":{"width":1080,"height":1920,"depth":3}}