{"path":"C:\\Samsung Prism\\myvenv\\datasets\\images\\train\\12863.jpg","outputs":{"object":[{"name":" menu","bndbox":{"xmin":24,"ymin":100,"xmax":136,"ymax":172}},{"name":" expand more","bndbox":{"xmin":976,"ymin":292,"xmax":1033,"ymax":358}},{"name":" expand more","bndbox":{"xmin":973,"ymin":442,"xmax":1039,"ymax":536}},{"name":" expand more","bndbox":{"xmin":985,"ymin":605,"xmax":1033,"ymax":701}},{"name":" expand more","bndbox":{"xmin":448,"ymin":608,"xmax":520,"ymax":689}},{"name":" arrow forward","bndbox":{"xmin":391,"ymin":1686,"xmax":469,"ymax":1782}}]},"time_labeled":1696577795239,"labeled":true,"size":{"width":1080,"height":1920,"depth":3}}