{"path":"C:\\Samsung Prism\\myvenv\\datasets\\images\\train\\12879.jpg","outputs":{"object":[{"name":" menu","bndbox":{"xmin":18,"ymin":88,"xmax":127,"ymax":199}},{"name":" expand more","bndbox":{"xmin":253,"ymin":88,"xmax":304,"ymax":184}},{"name":" notifications","bndbox":{"xmin":868,"ymin":64,"xmax":943,"ymax":190}},{"name":" more","bndbox":{"xmin":979,"ymin":76,"xmax":1069,"ymax":184}},{"name":" add","bndbox":{"xmin":487,"ymin":1481,"xmax":577,"ymax":1614}},{"name":" add","bndbox":{"xmin":457,"ymin":1121,"xmax":523,"ymax":1208}},{"name":" arrow forward","bndbox":{"xmin":385,"ymin":1686,"xmax":469,"ymax":1782}}]},"time_labeled":1696578441442,"labeled":true,"size":{"width":1080,"height":1920,"depth":3}}