{"path":"C:\\Samsung Prism\\myvenv\\datasets\\images\\train\\12888.jpg","outputs":{"object":[{"name":" expand more","bndbox":{"xmin":471,"ymin":230,"xmax":522,"ymax":274}},{"name":" expand more","bndbox":{"xmin":468,"ymin":320,"xmax":516,"ymax":380}},{"name":" expand more","bndbox":{"xmin":474,"ymin":425,"xmax":534,"ymax":506}},{"name":" check","bndbox":{"xmin":10,"ymin":593,"xmax":58,"ymax":652}},{"name":" check","bndbox":{"xmin":13,"ymin":668,"xmax":58,"ymax":724}},{"name":" expand more","bndbox":{"xmin":468,"ymin":826,"xmax":512,"ymax":866}}]},"time_labeled":1696578596102,"labeled":true,"size":{"width":540,"height":960,"depth":3}}