{"path":"C:\\Samsung Prism\\myvenv\\datasets\\images\\train\\12881.jpg","outputs":{"object":[{"name":" check","bndbox":{"xmin":24,"ymin":88,"xmax":127,"ymax":223}},{"name":" expand more","bndbox":{"xmin":109,"ymin":881,"xmax":169,"ymax":971}},{"name":" close","bndbox":{"xmin":931,"ymin":1097,"xmax":973,"ymax":1145}},{"name":" add","bndbox":{"xmin":901,"ymin":1391,"xmax":985,"ymax":1481}},{"name":" close","bndbox":{"xmin":625,"ymin":1085,"xmax":721,"ymax":1163}}]},"time_labeled":1696578480575,"labeled":true,"size":{"width":1080,"height":1920,"depth":3}}