{"path":"C:\\Samsung Prism\\myvenv\\datasets\\images\\train\\12909.jpg","outputs":{"object":[{"name":" emoji","bndbox":{"xmin":265,"ymin":4,"xmax":319,"ymax":70}},{"name":" emoji","bndbox":{"xmin":577,"ymin":4,"xmax":640,"ymax":76}},{"name":" Bluetooth","bndbox":{"xmin":709,"ymin":-7,"xmax":760,"ymax":76}},{"name":" time","bndbox":{"xmin":769,"ymin":-4,"xmax":817,"ymax":82}},{"name":" menu","bndbox":{"xmin":36,"ymin":64,"xmax":151,"ymax":184}},{"name":" search","bndbox":{"xmin":865,"ymin":70,"xmax":964,"ymax":184}},{"name":" Cart","bndbox":{"xmin":988,"ymin":88,"xmax":1087,"ymax":196}},{"name":" info","bndbox":{"xmin":961,"ymin":220,"xmax":1069,"ymax":352}},{"name":" Cart","bndbox":{"xmin":253,"ymin":1569,"xmax":361,"ymax":1686}},{"name":" Cart","bndbox":{"xmin":664,"ymin":1578,"xmax":781,"ymax":1677}},{"name":" time","bndbox":{"xmin":145,"ymin":4,"xmax":199,"ymax":64}}]},"time_labeled":1696740302523,"labeled":true,"size":{"width":1080,"height":1920,"depth":3}}