{"path":"C:\\Samsung Prism\\myvenv\\datasets\\images\\train\\12907.jpg","outputs":{"object":[{"name":" emoji","bndbox":{"xmin":265,"ymin":7,"xmax":325,"ymax":67}},{"name":" emoji","bndbox":{"xmin":577,"ymin":4,"xmax":643,"ymax":64}},{"name":" Bluetooth","bndbox":{"xmin":703,"ymin":4,"xmax":757,"ymax":67}},{"name":" time","bndbox":{"xmin":769,"ymin":4,"xmax":811,"ymax":76}},{"name":" menu","bndbox":{"xmin":30,"ymin":76,"xmax":145,"ymax":184}},{"name":" search","bndbox":{"xmin":871,"ymin":76,"xmax":961,"ymax":172}},{"name":" Cart","bndbox":{"xmin":979,"ymin":82,"xmax":1081,"ymax":184}},{"name":" home","bndbox":{"xmin":27,"ymin":196,"xmax":124,"ymax":304}},{"name":" time","bndbox":{"xmin":136,"ymin":-4,"xmax":208,"ymax":70}}]},"time_labeled":1696740287238,"labeled":true,"size":{"width":1080,"height":1920,"depth":3}}