{"path":"C:\\Samsung Prism\\myvenv\\datasets\\images\\train\\12908.jpg","outputs":{"object":[{"name":" emoji","bndbox":{"xmin":259,"ymin":-7,"xmax":328,"ymax":76}},{"name":" emoji","bndbox":{"xmin":577,"ymin":-13,"xmax":643,"ymax":88}},{"name":" Bluetooth","bndbox":{"xmin":700,"ymin":-4,"xmax":757,"ymax":76}},{"name":" time","bndbox":{"xmin":760,"ymin":-7,"xmax":817,"ymax":76}},{"name":" menu","bndbox":{"xmin":15,"ymin":70,"xmax":151,"ymax":184}},{"name":" search","bndbox":{"xmin":853,"ymin":76,"xmax":973,"ymax":178}},{"name":" Cart","bndbox":{"xmin":985,"ymin":76,"xmax":1081,"ymax":196}},{"name":" home","bndbox":{"xmin":24,"ymin":199,"xmax":133,"ymax":298}},{"name":" time","bndbox":{"xmin":139,"ymin":4,"xmax":205,"ymax":64}}]},"time_labeled":1696740293993,"labeled":true,"size":{"width":1080,"height":1920,"depth":3}}