{"path":"C:\\Samsung Prism\\myvenv\\datasets\\images\\train\\12906.jpg","outputs":{"object":[{"name":" emoji","bndbox":{"xmin":265,"ymin":-13,"xmax":325,"ymax":70}},{"name":" emoji","bndbox":{"xmin":580,"ymin":-7,"xmax":649,"ymax":70}},{"name":" Bluetooth","bndbox":{"xmin":697,"ymin":-7,"xmax":757,"ymax":67}},{"name":" time","bndbox":{"xmin":763,"ymin":-13,"xmax":817,"ymax":76}},{"name":" search","bndbox":{"xmin":883,"ymin":55,"xmax":973,"ymax":166}},{"name":" Cart","bndbox":{"xmin":997,"ymin":76,"xmax":1084,"ymax":184}},{"name":" menu","bndbox":{"xmin":24,"ymin":64,"xmax":145,"ymax":178}},{"name":" arrow forward","bndbox":{"xmin":979,"ymin":220,"xmax":1057,"ymax":352}},{"name":" arrow forward","bndbox":{"xmin":985,"ymin":451,"xmax":1069,"ymax":611}},{"name":" arrow forward","bndbox":{"xmin":973,"ymin":677,"xmax":1060,"ymax":803}},{"name":" arrow forward","bndbox":{"xmin":973,"ymin":929,"xmax":1072,"ymax":1043}},{"name":" arrow forward","bndbox":{"xmin":985,"ymin":1124,"xmax":1081,"ymax":1277}},{"name":" arrow forward","bndbox":{"xmin":985,"ymin":1364,"xmax":1057,"ymax":1481}},{"name":" arrow forward","bndbox":{"xmin":973,"ymin":1584,"xmax":1072,"ymax":1698}},{"name":" time","bndbox":{"xmin":136,"ymin":4,"xmax":205,"ymax":67}}]},"time_labeled":1696740280483,"labeled":true,"size":{"width":1080,"height":1920,"depth":3}}