{"path":"C:\\Samsung Prism\\myvenv\\datasets\\images\\train\\12904.jpg","outputs":{"object":[{"name":" menu","bndbox":{"xmin":24,"ymin":70,"xmax":151,"ymax":175}},{"name":" search","bndbox":{"xmin":877,"ymin":76,"xmax":955,"ymax":178}},{"name":" Cart","bndbox":{"xmin":985,"ymin":67,"xmax":1081,"ymax":178}},{"name":" emoji","bndbox":{"xmin":583,"ymin":-4,"xmax":640,"ymax":70}},{"name":" emoji","bndbox":{"xmin":277,"ymin":-4,"xmax":337,"ymax":70}},{"name":" Bluetooth","bndbox":{"xmin":697,"ymin":-13,"xmax":760,"ymax":64}},{"name":" time","bndbox":{"xmin":769,"ymin":-7,"xmax":817,"ymax":82}},{"name":" home","bndbox":{"xmin":27,"ymin":199,"xmax":133,"ymax":304}},{"name":" notifications","bndbox":{"xmin":36,"ymin":1085,"xmax":133,"ymax":1205}},{"name":" time","bndbox":{"xmin":139,"ymin":4,"xmax":205,"ymax":64}}]},"time_labeled":1696740267946,"labeled":true,"size":{"width":1080,"height":1920,"depth":3}}