{"path":"C:\\Samsung Prism\\myvenv\\datasets\\images\\train\\12901.jpg","outputs":{"object":[{"name":" Bluetooth","bndbox":{"xmin":673,"ymin":-7,"xmax":733,"ymax":76}},{"name":" time","bndbox":{"xmin":745,"ymin":-7,"xmax":793,"ymax":76}},{"name":" arrow backward","bndbox":{"xmin":24,"ymin":70,"xmax":66,"ymax":172}},{"name":" add","bndbox":{"xmin":39,"ymin":274,"xmax":109,"ymax":364}},{"name":" add","bndbox":{"xmin":30,"ymin":424,"xmax":109,"ymax":527}},{"name":" add","bndbox":{"xmin":18,"ymin":587,"xmax":121,"ymax":701}},{"name":" add","bndbox":{"xmin":27,"ymin":812,"xmax":109,"ymax":893}},{"name":" add","bndbox":{"xmin":42,"ymin":1013,"xmax":115,"ymax":1133}},{"name":" add","bndbox":{"xmin":36,"ymin":1229,"xmax":145,"ymax":1328}},{"name":" add","bndbox":{"xmin":27,"ymin":1400,"xmax":124,"ymax":1524}},{"name":" add","bndbox":{"xmin":48,"ymin":1638,"xmax":115,"ymax":1734}}]},"time_labeled":1696578824487,"labeled":true,"size":{"width":1080,"height":1920,"depth":3}}