{"path":"C:\\Samsung Prism\\myvenv\\datasets\\images\\train\\12905.jpg","outputs":{"object":[{"name":" emoji","bndbox":{"xmin":265,"ymin":-7,"xmax":331,"ymax":70}},{"name":" emoji","bndbox":{"xmin":583,"ymin":-7,"xmax":649,"ymax":64}},{"name":" Bluetooth","bndbox":{"xmin":709,"ymin":-7,"xmax":757,"ymax":76}},{"name":" time","bndbox":{"xmin":769,"ymin":-7,"xmax":817,"ymax":76}},{"name":" menu","bndbox":{"xmin":42,"ymin":64,"xmax":148,"ymax":172}},{"name":" search","bndbox":{"xmin":865,"ymin":76,"xmax":961,"ymax":175}},{"name":" Cart","bndbox":{"xmin":988,"ymin":76,"xmax":1081,"ymax":175}},{"name":" arrow forward","bndbox":{"xmin":979,"ymin":836,"xmax":1051,"ymax":929}},{"name":" arrow forward","bndbox":{"xmin":979,"ymin":1319,"xmax":1051,"ymax":1409}},{"name":" time","bndbox":{"xmin":145,"ymin":-7,"xmax":205,"ymax":67}}]},"time_labeled":1696740273752,"labeled":true,"size":{"width":1080,"height":1920,"depth":3}}