{"path":"C:\\Samsung Prism\\myvenv\\datasets\\images\\train\\12916.jpg","outputs":{"object":[{"name":" time","bndbox":{"xmin":145,"ymin":-7,"xmax":205,"ymax":64}},{"name":" emoji","bndbox":{"xmin":265,"ymin":-7,"xmax":337,"ymax":46}},{"name":" emoji","bndbox":{"xmin":577,"ymin":-7,"xmax":637,"ymax":76}},{"name":" Bluetooth","bndbox":{"xmin":709,"ymin":-7,"xmax":748,"ymax":76}},{"name":" time","bndbox":{"xmin":757,"ymin":-7,"xmax":811,"ymax":67}},{"name":" menu","bndbox":{"xmin":24,"ymin":76,"xmax":157,"ymax":166}},{"name":" search","bndbox":{"xmin":877,"ymin":82,"xmax":961,"ymax":166}},{"name":" Cart","bndbox":{"xmin":979,"ymin":76,"xmax":1081,"ymax":172}},{"name":" home","bndbox":{"xmin":27,"ymin":196,"xmax":127,"ymax":298}},{"name":" notifications","bndbox":{"xmin":18,"ymin":1073,"xmax":133,"ymax":1205}}]},"time_labeled":1696740804225,"labeled":true,"size":{"width":1080,"height":1920,"depth":3}}