{"path":"C:\\Samsung Prism\\myvenv\\datasets\\images\\train\\12910.jpg","outputs":{"object":[{"name":" emoji","bndbox":{"xmin":265,"ymin":4,"xmax":325,"ymax":67}},{"name":" emoji","bndbox":{"xmin":580,"ymin":4,"xmax":637,"ymax":67}},{"name":" Bluetooth","bndbox":{"xmin":709,"ymin":4,"xmax":757,"ymax":70}},{"name":" time","bndbox":{"xmin":763,"ymin":4,"xmax":808,"ymax":76}},{"name":" menu","bndbox":{"xmin":36,"ymin":76,"xmax":145,"ymax":175}},{"name":" Cart","bndbox":{"xmin":973,"ymin":76,"xmax":1087,"ymax":196}},{"name":" menu","bndbox":{"xmin":24,"ymin":713,"xmax":133,"ymax":857}},{"name":" chat","bndbox":{"xmin":24,"ymin":1397,"xmax":136,"ymax":1506}},{"name":" notifications","bndbox":{"xmin":30,"ymin":863,"xmax":133,"ymax":968}},{"name":" time","bndbox":{"xmin":136,"ymin":4,"xmax":205,"ymax":64}}]},"time_labeled":1696740315502,"labeled":true,"size":{"width":1080,"height":1920,"depth":3}}