{"path":"C:\\Samsung Prism\\myvenv\\datasets\\images\\train\\12918.jpg","outputs":{"object":[{"name":" time","bndbox":{"xmin":133,"ymin":-4,"xmax":205,"ymax":64}},{"name":" emoji","bndbox":{"xmin":265,"ymin":-7,"xmax":325,"ymax":67}},{"name":" emoji","bndbox":{"xmin":580,"ymin":-19,"xmax":640,"ymax":64}},{"name":" Bluetooth","bndbox":{"xmin":709,"ymin":-16,"xmax":757,"ymax":67}},{"name":" time","bndbox":{"xmin":769,"ymin":-13,"xmax":817,"ymax":76}},{"name":" menu","bndbox":{"xmin":36,"ymin":76,"xmax":150,"ymax":169}},{"name":" search","bndbox":{"xmin":865,"ymin":76,"xmax":973,"ymax":184}},{"name":" Cart","bndbox":{"xmin":985,"ymin":76,"xmax":1081,"ymax":178}},{"name":" home","bndbox":{"xmin":30,"ymin":196,"xmax":133,"ymax":304}},{"name":" notifications","bndbox":{"xmin":39,"ymin":1085,"xmax":133,"ymax":1196}}]},"time_labeled":1696740918244,"labeled":true,"size":{"width":1080,"height":1920,"depth":3}}