{"path":"C:\\Samsung Prism\\myvenv\\datasets\\images\\train\\12913.jpg","outputs":{"object":[{"name":" time","bndbox":{"xmin":136,"ymin":-7,"xmax":196,"ymax":64}},{"name":" emoji","bndbox":{"xmin":268,"ymin":-4,"xmax":325,"ymax":64}},{"name":" emoji","bndbox":{"xmin":577,"ymin":-7,"xmax":643,"ymax":64}},{"name":" Bluetooth","bndbox":{"xmin":709,"ymin":4,"xmax":757,"ymax":67}},{"name":" time","bndbox":{"xmin":763,"ymin":4,"xmax":817,"ymax":64}},{"name":" menu","bndbox":{"xmin":36,"ymin":76,"xmax":145,"ymax":175}},{"name":" Cart","bndbox":{"xmin":985,"ymin":76,"xmax":1075,"ymax":175}},{"name":" home","bndbox":{"xmin":36,"ymin":196,"xmax":133,"ymax":304}}]},"time_labeled":1696740630686,"labeled":true,"size":{"width":1080,"height":1920,"depth":3}}