{"path":"C:\\Samsung Prism\\myvenv\\datasets\\images\\train\\12911.jpg","outputs":{"object":[{"name":" time","bndbox":{"xmin":133,"ymin":-16,"xmax":205,"ymax":64}},{"name":" time","bndbox":{"xmin":757,"ymin":-19,"xmax":811,"ymax":58}},{"name":" emoji","bndbox":{"xmin":268,"ymin":-7,"xmax":328,"ymax":64}},{"name":" emoji","bndbox":{"xmin":589,"ymin":-4,"xmax":637,"ymax":70}},{"name":" Bluetooth","bndbox":{"xmin":709,"ymin":-7,"xmax":751,"ymax":64}},{"name":" menu","bndbox":{"xmin":36,"ymin":67,"xmax":145,"ymax":175}},{"name":" search","bndbox":{"xmin":877,"ymin":76,"xmax":961,"ymax":184}},{"name":" Cart","bndbox":{"xmin":973,"ymin":76,"xmax":1072,"ymax":196}},{"name":" add","bndbox":{"xmin":487,"ymin":884,"xmax":628,"ymax":1073}}]},"time_labeled":1696740415419,"labeled":true,"size":{"width":1080,"height":1920,"depth":3}}