{"path":"C:\\Samsung Prism\\myvenv\\datasets\\images\\train\\12912.jpg","outputs":{"object":[{"name":" time","bndbox":{"xmin":139,"ymin":-7,"xmax":196,"ymax":67}},{"name":" emoji","bndbox":{"xmin":256,"ymin":-7,"xmax":325,"ymax":67}},{"name":" emoji","bndbox":{"xmin":583,"ymin":-7,"xmax":640,"ymax":67}},{"name":" Bluetooth","bndbox":{"xmin":709,"ymin":-4,"xmax":748,"ymax":64}},{"name":" time","bndbox":{"xmin":751,"ymin":-7,"xmax":811,"ymax":70}},{"name":" menu","bndbox":{"xmin":39,"ymin":82,"xmax":148,"ymax":172}},{"name":" search","bndbox":{"xmin":877,"ymin":88,"xmax":961,"ymax":172}},{"name":" Cart","bndbox":{"xmin":979,"ymin":82,"xmax":1069,"ymax":175}},{"name":" arrow forward","bndbox":{"xmin":940,"ymin":259,"xmax":1057,"ymax":358}},{"name":" arrow forward","bndbox":{"xmin":967,"ymin":524,"xmax":1045,"ymax":641}},{"name":" arrow forward","bndbox":{"xmin":961,"ymin":725,"xmax":1057,"ymax":863}},{"name":"star","bndbox":{"xmin":24,"ymin":503,"xmax":121,"ymax":617}},{"name":"star","bndbox":{"xmin":27,"ymin":737,"xmax":115,"ymax":869}}]},"time_labeled":1696740565584,"labeled":true,"size":{"width":1080,"height":1920,"depth":3}}