{"path":"C:\\Samsung Prism\\myvenv\\datasets\\images\\train\\12914.jpg","outputs":{"object":[{"name":" time","bndbox":{"xmin":145,"ymin":-7,"xmax":193,"ymax":70}},{"name":" emoji","bndbox":{"xmin":265,"ymin":-7,"xmax":325,"ymax":82}},{"name":" emoji","bndbox":{"xmin":580,"ymin":-16,"xmax":640,"ymax":76}},{"name":" Bluetooth","bndbox":{"xmin":709,"ymin":-7,"xmax":748,"ymax":76}},{"name":" time","bndbox":{"xmin":751,"ymin":-16,"xmax":817,"ymax":70}},{"name":" menu","bndbox":{"xmin":12,"ymin":76,"xmax":151,"ymax":175}},{"name":" search","bndbox":{"xmin":865,"ymin":79,"xmax":961,"ymax":172}},{"name":" Cart","bndbox":{"xmin":985,"ymin":79,"xmax":1075,"ymax":178}}]},"time_labeled":1696740680084,"labeled":true,"size":{"width":1080,"height":1920,"depth":3}}