{"path":"C:\\Samsung Prism\\myvenv\\datasets\\images\\train\\12915.jpg","outputs":{"object":[{"name":" time","bndbox":{"xmin":145,"ymin":-19,"xmax":193,"ymax":64}},{"name":" emoji","bndbox":{"xmin":259,"ymin":-7,"xmax":325,"ymax":70}},{"name":" emoji","bndbox":{"xmin":577,"ymin":-7,"xmax":649,"ymax":70}},{"name":" Bluetooth","bndbox":{"xmin":709,"ymin":-16,"xmax":751,"ymax":70}},{"name":" time","bndbox":{"xmin":757,"ymin":-7,"xmax":817,"ymax":64}},{"name":" menu","bndbox":{"xmin":36,"ymin":64,"xmax":148,"ymax":184}},{"name":" search","bndbox":{"xmin":883,"ymin":79,"xmax":967,"ymax":175}},{"name":" Cart","bndbox":{"xmin":973,"ymin":64,"xmax":1069,"ymax":184}},{"name":" home","bndbox":{"xmin":36,"ymin":196,"xmax":133,"ymax":316}},{"name":" notifications","bndbox":{"xmin":6,"ymin":1088,"xmax":133,"ymax":1196}}]},"time_labeled":1696740811884,"labeled":true,"size":{"width":1080,"height":1920,"depth":3}}