{"path":"C:\\Samsung Prism\\myvenv\\datasets\\images\\train\\12928.jpg","outputs":{"object":[{"name":" Bluetooth","bndbox":{"xmin":691,"ymin":-19,"xmax":757,"ymax":76}},{"name":" home","bndbox":{"xmin":937,"ymin":713,"xmax":1048,"ymax":845}},{"name":" settings","bndbox":{"xmin":913,"ymin":905,"xmax":1057,"ymax":1025}},{"name":" send","bndbox":{"xmin":925,"ymin":1283,"xmax":1045,"ymax":1421}},{"name":" search","bndbox":{"xmin":60,"ymin":1644,"xmax":175,"ymax":1746}},{"name":" chat","bndbox":{"xmin":685,"ymin":1650,"xmax":829,"ymax":1746}}]},"time_labeled":1696741194047,"labeled":true,"size":{"width":1080,"height":1920,"depth":3}}