{"path":"C:\\Samsung Prism\\myvenv\\datasets\\images\\train\\12921.jpg","outputs":{"object":[{"name":" Bluetooth","bndbox":{"xmin":697,"ymin":-19,"xmax":757,"ymax":67}},{"name":" search","bndbox":{"xmin":48,"ymin":115,"xmax":133,"ymax":232}},{"name":" search","bndbox":{"xmin":66,"ymin":1638,"xmax":172,"ymax":1749}},{"name":" chat","bndbox":{"xmin":685,"ymin":1650,"xmax":817,"ymax":1746}},{"name":" arrow forward","bndbox":{"xmin":973,"ymin":424,"xmax":1021,"ymax":533}}]},"time_labeled":1696741018734,"labeled":true,"size":{"width":1080,"height":1920,"depth":3}}