{"path":"C:\\Samsung Prism\\myvenv\\datasets\\images\\train\\12922.jpg","outputs":{"object":[{"name":" Bluetooth","bndbox":{"xmin":697,"ymin":-7,"xmax":751,"ymax":67}},{"name":" search","bndbox":{"xmin":51,"ymin":130,"xmax":139,"ymax":208}},{"name":" search","bndbox":{"xmin":60,"ymin":1644,"xmax":181,"ymax":1746}},{"name":" chat","bndbox":{"xmin":697,"ymin":1650,"xmax":805,"ymax":1746}},{"name":"star","bndbox":{"xmin":48,"ymin":1181,"xmax":96,"ymax":1211}}]},"time_labeled":1696741066484,"labeled":true,"size":{"width":1080,"height":1920,"depth":3}}