{"path":"C:\\Samsung Prism\\myvenv\\datasets\\images\\train\\12934.jpg","outputs":{"object":[{"name":" Bluetooth","bndbox":{"xmin":757,"ymin":-7,"xmax":817,"ymax":76}},{"name":" arrow backward","bndbox":{"xmin":42,"ymin":88,"xmax":133,"ymax":175}},{"name":" close","bndbox":{"xmin":928,"ymin":100,"xmax":1063,"ymax":187}},{"name":" play","bndbox":{"xmin":397,"ymin":773,"xmax":553,"ymax":896}},{"name":" play","bndbox":{"xmin":925,"ymin":764,"xmax":1045,"ymax":893}},{"name":" play","bndbox":{"xmin":397,"ymin":1427,"xmax":541,"ymax":1542}},{"name":" play","bndbox":{"xmin":895,"ymin":1412,"xmax":1045,"ymax":1542}},{"name":" more","bndbox":{"xmin":460,"ymin":905,"xmax":541,"ymax":989}},{"name":" more","bndbox":{"xmin":988,"ymin":905,"xmax":1051,"ymax":983}},{"name":" more","bndbox":{"xmin":469,"ymin":1554,"xmax":541,"ymax":1638}},{"name":" more","bndbox":{"xmin":997,"ymin":1557,"xmax":1045,"ymax":1638}}]},"time_labeled":1696741453977,"labeled":true,"size":{"width":1080,"height":1920,"depth":3}}