{"path":"C:\\Samsung Prism\\myvenv\\datasets\\images\\train\\12936.jpg","outputs":{"object":[{"name":" Bluetooth","bndbox":{"xmin":745,"ymin":-7,"xmax":808,"ymax":64}},{"name":" menu","bndbox":{"xmin":12,"ymin":76,"xmax":151,"ymax":163}},{"name":" search","bndbox":{"xmin":973,"ymin":88,"xmax":1063,"ymax":196}},{"name":" play","bndbox":{"xmin":424,"ymin":881,"xmax":517,"ymax":977}},{"name":" play","bndbox":{"xmin":925,"ymin":893,"xmax":1024,"ymax":977}},{"name":" more","bndbox":{"xmin":469,"ymin":1001,"xmax":532,"ymax":1073}},{"name":" more","bndbox":{"xmin":988,"ymin":992,"xmax":1045,"ymax":1076}},{"name":" play","bndbox":{"xmin":424,"ymin":1530,"xmax":499,"ymax":1620}},{"name":" play","bndbox":{"xmin":925,"ymin":1512,"xmax":1027,"ymax":1626}},{"name":" pause","bndbox":{"xmin":919,"ymin":1653,"xmax":1036,"ymax":1776}},{"name":" expand more","bndbox":{"xmin":409,"ymin":391,"xmax":487,"ymax":478}}]},"time_labeled":1696741578162,"labeled":true,"size":{"width":1080,"height":1920,"depth":3}}