{"path":"C:\\Samsung Prism\\myvenv\\datasets\\images\\train\\12935.jpg","outputs":{"object":[{"name":" Bluetooth","bndbox":{"xmin":739,"ymin":-19,"xmax":817,"ymax":64}},{"name":" menu","bndbox":{"xmin":18,"ymin":79,"xmax":109,"ymax":187}},{"name":" search","bndbox":{"xmin":976,"ymin":76,"xmax":1081,"ymax":187}},{"name":" expand more","bndbox":{"xmin":433,"ymin":418,"xmax":481,"ymax":503}},{"name":" play","bndbox":{"xmin":391,"ymin":905,"xmax":520,"ymax":1013}},{"name":" play","bndbox":{"xmin":916,"ymin":911,"xmax":1033,"ymax":1025}},{"name":" more","bndbox":{"xmin":472,"ymin":1037,"xmax":529,"ymax":1109}},{"name":" more","bndbox":{"xmin":988,"ymin":1037,"xmax":1045,"ymax":1097}},{"name":" pause","bndbox":{"xmin":901,"ymin":1629,"xmax":1045,"ymax":1761}}]},"time_labeled":1696741512786,"labeled":true,"size":{"width":1080,"height":1920,"depth":3}}