{"path":"C:\\Samsung Prism\\myvenv\\datasets\\images\\train\\12942.jpg","outputs":{"object":[{"name":" Bluetooth","bndbox":{"xmin":757,"ymin":-19,"xmax":817,"ymax":70}},{"name":" arrow backward","bndbox":{"xmin":48,"ymin":88,"xmax":136,"ymax":196}},{"name":" close","bndbox":{"xmin":937,"ymin":88,"xmax":1021,"ymax":199}},{"name":" play","bndbox":{"xmin":424,"ymin":773,"xmax":520,"ymax":887}},{"name":" play","bndbox":{"xmin":937,"ymin":785,"xmax":1045,"ymax":881}},{"name":" play","bndbox":{"xmin":427,"ymin":1436,"xmax":517,"ymax":1548}},{"name":" play","bndbox":{"xmin":937,"ymin":1439,"xmax":1045,"ymax":1554}},{"name":" more","bndbox":{"xmin":469,"ymin":911,"xmax":517,"ymax":989}},{"name":" more","bndbox":{"xmin":988,"ymin":905,"xmax":1057,"ymax":983}},{"name":" more","bndbox":{"xmin":475,"ymin":1569,"xmax":535,"ymax":1626}},{"name":" more","bndbox":{"xmin":997,"ymin":1566,"xmax":1039,"ymax":1641}},{"name":" pause","bndbox":{"xmin":925,"ymin":1650,"xmax":1027,"ymax":1770}}]},"time_labeled":1696741865288,"labeled":true,"size":{"width":1080,"height":1920,"depth":3}}