{"path":"C:\\Samsung Prism\\myvenv\\datasets\\images\\train\\12941.jpg","outputs":{"object":[{"name":" Bluetooth","bndbox":{"xmin":757,"ymin":4,"xmax":811,"ymax":70}},{"name":" menu","bndbox":{"xmin":30,"ymin":100,"xmax":112,"ymax":166}},{"name":" expand more","bndbox":{"xmin":580,"ymin":100,"xmax":652,"ymax":175}},{"name":" search","bndbox":{"xmin":964,"ymin":79,"xmax":1048,"ymax":184}},{"name":" more","bndbox":{"xmin":961,"ymin":863,"xmax":1024,"ymax":968}},{"name":" more","bndbox":{"xmin":961,"ymin":1055,"xmax":1033,"ymax":1163}},{"name":" more","bndbox":{"xmin":961,"ymin":1229,"xmax":1039,"ymax":1361}},{"name":" more","bndbox":{"xmin":961,"ymin":1433,"xmax":1021,"ymax":1536}},{"name":" pause","bndbox":{"xmin":925,"ymin":1638,"xmax":1045,"ymax":1770}}]},"time_labeled":1696741742669,"labeled":true,"size":{"width":1080,"height":1920,"depth":3}}