{"path":"C:\\Samsung Prism\\myvenv\\datasets\\images\\train\\12945.jpg","outputs":{"object":[{"name":" Bluetooth","bndbox":{"xmin":769,"ymin":-7,"xmax":817,"ymax":64}},{"name":" arrow backward","bndbox":{"xmin":27,"ymin":91,"xmax":127,"ymax":208}},{"name":" search","bndbox":{"xmin":961,"ymin":76,"xmax":1069,"ymax":172}},{"name":" play","bndbox":{"xmin":907,"ymin":460,"xmax":997,"ymax":572}},{"name":" more","bndbox":{"xmin":979,"ymin":665,"xmax":1045,"ymax":761}},{"name":" share","bndbox":{"xmin":709,"ymin":953,"xmax":781,"ymax":1028}},{"name":" add","bndbox":{"xmin":112,"ymin":965,"xmax":193,"ymax":1037}},{"name":" pause","bndbox":{"xmin":907,"ymin":1638,"xmax":1036,"ymax":1770}}]},"time_labeled":1696741964065,"labeled":true,"size":{"width":1080,"height":1920,"depth":3}}