{"path":"C:\\Samsung Prism\\myvenv\\datasets\\images\\train\\12940.jpg","outputs":{"object":[{"name":" Bluetooth","bndbox":{"xmin":751,"ymin":-7,"xmax":817,"ymax":64}},{"name":" arrow backward","bndbox":{"xmin":36,"ymin":82,"xmax":115,"ymax":190}},{"name":" search","bndbox":{"xmin":955,"ymin":91,"xmax":1069,"ymax":187}},{"name":" play","bndbox":{"xmin":901,"ymin":436,"xmax":1027,"ymax":572}},{"name":" more","bndbox":{"xmin":985,"ymin":644,"xmax":1039,"ymax":749}},{"name":" share","bndbox":{"xmin":685,"ymin":953,"xmax":787,"ymax":1043}},{"name":" play","bndbox":{"xmin":409,"ymin":1608,"xmax":535,"ymax":1734}},{"name":" play","bndbox":{"xmin":895,"ymin":1596,"xmax":1057,"ymax":1734}},{"name":" add","bndbox":{"xmin":115,"ymin":956,"xmax":181,"ymax":1028}}]},"time_labeled":1696741696906,"labeled":true,"size":{"width":1080,"height":1920,"depth":3}}