{"path":"C:\\Samsung Prism\\myvenv\\datasets\\images\\train\\12957.jpg","outputs":{"object":[{"name":" Bluetooth","bndbox":{"xmin":733,"ymin":-7,"xmax":787,"ymax":64}},{"name":" Cart","bndbox":{"xmin":673,"ymin":76,"xmax":769,"ymax":184}},{"name":" menu","bndbox":{"xmin":781,"ymin":76,"xmax":871,"ymax":154}},{"name":" search","bndbox":{"xmin":901,"ymin":64,"xmax":973,"ymax":148}},{"name":" more","bndbox":{"xmin":1012,"ymin":64,"xmax":1072,"ymax":178}},{"name":" call","bndbox":{"xmin":565,"ymin":64,"xmax":661,"ymax":184}}]},"time_labeled":1696742493528,"labeled":true,"size":{"width":1080,"height":1920,"depth":3}}