{"path":"C:\\Samsung Prism\\myvenv\\datasets\\images\\train\\12966.jpg","outputs":{"object":[{"name":" Bluetooth","bndbox":{"xmin":721,"ymin":-7,"xmax":793,"ymax":64}},{"name":" call","bndbox":{"xmin":577,"ymin":64,"xmax":649,"ymax":187}},{"name":" Cart","bndbox":{"xmin":679,"ymin":67,"xmax":769,"ymax":178}},{"name":" menu","bndbox":{"xmin":787,"ymin":82,"xmax":877,"ymax":160}},{"name":" search","bndbox":{"xmin":889,"ymin":67,"xmax":976,"ymax":160}},{"name":" more","bndbox":{"xmin":1000,"ymin":76,"xmax":1069,"ymax":184}},{"name":" close","bndbox":{"xmin":952,"ymin":1554,"xmax":1045,"ymax":1674}}]},"time_labeled":1696742725682,"labeled":true,"size":{"width":1080,"height":1920,"depth":3}}