{"path":"C:\\Samsung Prism\\myvenv\\datasets\\images\\train\\12974.jpg","outputs":{"object":[{"name":" Bluetooth","bndbox":{"xmin":769,"ymin":-16,"xmax":817,"ymax":76}},{"name":" play","bndbox":{"xmin":-8,"ymin":424,"xmax":181,"ymax":569}},{"name":" play","bndbox":{"xmin":48,"ymin":641,"xmax":199,"ymax":797}},{"name":" play","bndbox":{"xmin":36,"ymin":833,"xmax":160,"ymax":983}},{"name":" play","bndbox":{"xmin":27,"ymin":1064,"xmax":184,"ymax":1205}},{"name":" more","bndbox":{"xmin":985,"ymin":220,"xmax":1096,"ymax":322}},{"name":" more","bndbox":{"xmin":973,"ymin":412,"xmax":1069,"ymax":569}},{"name":" more","bndbox":{"xmin":979,"ymin":641,"xmax":1069,"ymax":773}},{"name":" more","bndbox":{"xmin":988,"ymin":833,"xmax":1081,"ymax":977}},{"name":" more","bndbox":{"xmin":988,"ymin":1037,"xmax":1093,"ymax":1193}},{"name":" more","bndbox":{"xmin":973,"ymin":1650,"xmax":1045,"ymax":1788}},{"name":" home","bndbox":{"xmin":12,"ymin":1677,"xmax":136,"ymax":1794}},{"name":" search","bndbox":{"xmin":181,"ymin":1653,"xmax":283,"ymax":1797}}]},"time_labeled":1696743020212,"labeled":true,"size":{"width":1080,"height":1920,"depth":3}}