{"path":"C:\\Samsung Prism\\myvenv\\datasets\\images\\train\\12972.jpg","outputs":{"object":[{"name":" Bluetooth","bndbox":{"xmin":748,"ymin":-7,"xmax":817,"ymax":76}},{"name":" play","bndbox":{"xmin":36,"ymin":100,"xmax":99,"ymax":172}},{"name":" home","bndbox":{"xmin":24,"ymin":1665,"xmax":109,"ymax":1785}},{"name":" search","bndbox":{"xmin":160,"ymin":1668,"xmax":277,"ymax":1782}},{"name":" more","bndbox":{"xmin":973,"ymin":1668,"xmax":1036,"ymax":1794}}]},"time_labeled":1696742921071,"labeled":true,"size":{"width":1080,"height":1920,"depth":3}}