{"path":"C:\\Samsung Prism\\myvenv\\datasets\\images\\train\\12989.jpg","outputs":{"object":[{"name":" menu","bndbox":{"xmin":-5,"ymin":88,"xmax":121,"ymax":208}},{"name":"star","bndbox":{"xmin":304,"ymin":355,"xmax":412,"ymax":460}},{"name":"star","bndbox":{"xmin":745,"ymin":340,"xmax":829,"ymax":460}},{"name":" Camera","bndbox":{"xmin":160,"ymin":971,"xmax":256,"ymax":1085}},{"name":" Camera","bndbox":{"xmin":415,"ymin":980,"xmax":520,"ymax":1085}},{"name":" Camera","bndbox":{"xmin":673,"ymin":977,"xmax":787,"ymax":1076}},{"name":" Camera","bndbox":{"xmin":937,"ymin":968,"xmax":1045,"ymax":1079}},{"name":" play","bndbox":{"xmin":145,"ymin":1376,"xmax":271,"ymax":1469}},{"name":" play","bndbox":{"xmin":403,"ymin":1373,"xmax":544,"ymax":1460}},{"name":" play","bndbox":{"xmin":685,"ymin":1361,"xmax":781,"ymax":1481}},{"name":" play","bndbox":{"xmin":937,"ymin":1352,"xmax":1057,"ymax":1481}},{"name":" arrow forward","bndbox":{"xmin":145,"ymin":1487,"xmax":253,"ymax":1590}}]},"time_labeled":1696743431338,"labeled":true,"size":{"width":1080,"height":1920,"depth":3}}