{"path":"C:\\Samsung Prism\\myvenv\\datasets\\images\\train\\12986.jpg","outputs":{"object":[{"name":" share","bndbox":{"xmin":916,"ymin":-28,"xmax":1136,"ymax":142}},{"name":" arrow forward","bndbox":{"xmin":937,"ymin":286,"xmax":1045,"ymax":424}},{"name":" arrow forward","bndbox":{"xmin":928,"ymin":472,"xmax":1057,"ymax":581}},{"name":" arrow forward","bndbox":{"xmin":913,"ymin":617,"xmax":1075,"ymax":764}},{"name":" arrow forward","bndbox":{"xmin":955,"ymin":809,"xmax":1063,"ymax":977}},{"name":" arrow backward","bndbox":{"xmin":925,"ymin":1001,"xmax":1081,"ymax":1163}},{"name":" arrow forward","bndbox":{"xmin":919,"ymin":1169,"xmax":1048,"ymax":1316}},{"name":" arrow forward","bndbox":{"xmin":937,"ymin":1361,"xmax":1039,"ymax":1545}},{"name":" arrow forward","bndbox":{"xmin":925,"ymin":1590,"xmax":1027,"ymax":1662}},{"name":" info","bndbox":{"xmin":223,"ymin":1665,"xmax":325,"ymax":1746}}]},"time_labeled":1696743326765,"labeled":true,"size":{"width":1080,"height":1920,"depth":3}}