{"path":"C:\\Samsung Prism\\myvenv\\datasets\\images\\train\\12988.jpg","outputs":{"object":[{"name":" Camera","bndbox":{"xmin":103,"ymin":358,"xmax":205,"ymax":436}},{"name":"star","bndbox":{"xmin":997,"ymin":448,"xmax":1106,"ymax":557}},{"name":"star","bndbox":{"xmin":997,"ymin":695,"xmax":1112,"ymax":827}},{"name":"star","bndbox":{"xmin":979,"ymin":911,"xmax":1133,"ymax":1067}},{"name":"star","bndbox":{"xmin":976,"ymin":1163,"xmax":1154,"ymax":1313}},{"name":"star","bndbox":{"xmin":988,"ymin":1457,"xmax":1109,"ymax":1569}},{"name":" menu","bndbox":{"xmin":6,"ymin":88,"xmax":109,"ymax":223}}]},"time_labeled":1696743368910,"labeled":true,"size":{"width":1080,"height":1920,"depth":3}}