{"path":"C:\\Samsung Prism\\myvenv\\datasets\\images\\train\\12983.jpg","outputs":{"object":[{"name":" share","bndbox":{"xmin":964,"ymin":-13,"xmax":1069,"ymax":130}},{"name":" settings","bndbox":{"xmin":337,"ymin":677,"xmax":412,"ymax":737}},{"name":" time","bndbox":{"xmin":385,"ymin":521,"xmax":457,"ymax":611}},{"name":" time","bndbox":{"xmin":289,"ymin":376,"xmax":367,"ymax":454}},{"name":" chat","bndbox":{"xmin":232,"ymin":163,"xmax":313,"ymax":268}},{"name":" info","bndbox":{"xmin":208,"ymin":1644,"xmax":325,"ymax":1740}},{"name":" close","bndbox":{"xmin":-17,"ymin":1614,"xmax":39,"ymax":1686}}]},"time_labeled":1696743245846,"labeled":true,"size":{"width":1080,"height":1920,"depth":3}}