{"path":"C:\\Samsung Prism\\myvenv\\datasets\\images\\train\\12998.jpg","outputs":{"object":[{"name":" Bluetooth","bndbox":{"xmin":757,"ymin":-7,"xmax":811,"ymax":55}},{"name":" menu","bndbox":{"xmin":36,"ymin":79,"xmax":121,"ymax":187}},{"name":" add","bndbox":{"xmin":841,"ymin":91,"xmax":961,"ymax":196}},{"name":" more","bndbox":{"xmin":985,"ymin":88,"xmax":1051,"ymax":196}},{"name":" expand more","bndbox":{"xmin":157,"ymin":232,"xmax":193,"ymax":295}},{"name":" expand more","bndbox":{"xmin":577,"ymin":235,"xmax":649,"ymax":316}}]},"time_labeled":1696743785859,"labeled":true,"size":{"width":1080,"height":1920,"depth":3}}