{"path":"C:\\Samsung Prism\\myvenv\\datasets\\images\\train\\12997.jpg","outputs":{"object":[{"name":" Bluetooth","bndbox":{"xmin":757,"ymin":-13,"xmax":805,"ymax":76}},{"name":" Save/Bookmark","bndbox":{"xmin":976,"ymin":88,"xmax":1048,"ymax":190}},{"name":" search","bndbox":{"xmin":556,"ymin":103,"xmax":649,"ymax":184}},{"name":" arrow backward","bndbox":{"xmin":12,"ymin":106,"xmax":139,"ymax":172}},{"name":" Skip Previous","bndbox":{"xmin":289,"ymin":1662,"xmax":364,"ymax":1782}},{"name":" play","bndbox":{"xmin":496,"ymin":1641,"xmax":604,"ymax":1764}},{"name":" Skip Next","bndbox":{"xmin":712,"ymin":1653,"xmax":808,"ymax":1776}},{"name":" more","bndbox":{"xmin":925,"ymin":1686,"xmax":1009,"ymax":1746}},{"name":" menu","bndbox":{"xmin":36,"ymin":1686,"xmax":157,"ymax":1770}}]},"time_labeled":1696743752450,"labeled":true,"size":{"width":1080,"height":1920,"depth":3}}