{"path":"C:\\Samsung Prism\\myvenv\\datasets\\images\\train\\12991.jpg","outputs":{"object":[{"name":" menu","bndbox":{"xmin":15,"ymin":103,"xmax":133,"ymax":211}},{"name":"star","bndbox":{"xmin":289,"ymin":343,"xmax":457,"ymax":448}},{"name":"star","bndbox":{"xmin":733,"ymin":340,"xmax":841,"ymax":454}},{"name":" Camera","bndbox":{"xmin":151,"ymin":977,"xmax":256,"ymax":1076}},{"name":" Camera","bndbox":{"xmin":421,"ymin":983,"xmax":505,"ymax":1073}},{"name":" Camera","bndbox":{"xmin":667,"ymin":965,"xmax":784,"ymax":1076}},{"name":" Camera","bndbox":{"xmin":949,"ymin":968,"xmax":1045,"ymax":1085}},{"name":" play","bndbox":{"xmin":169,"ymin":1448,"xmax":265,"ymax":1617}},{"name":" play","bndbox":{"xmin":409,"ymin":1469,"xmax":508,"ymax":1614}},{"name":" play","bndbox":{"xmin":655,"ymin":1493,"xmax":772,"ymax":1614}},{"name":" play","bndbox":{"xmin":943,"ymin":1493,"xmax":1057,"ymax":1614}}]},"time_labeled":1696743551598,"labeled":true,"size":{"width":1080,"height":1920,"depth":3}}