{"path":"C:\\Samsung Prism\\myvenv\\datasets\\images\\train\\12996.jpg","outputs":{"object":[{"name":" menu","bndbox":{"xmin":18,"ymin":88,"xmax":145,"ymax":208}},{"name":"star","bndbox":{"xmin":985,"ymin":343,"xmax":1112,"ymax":478}},{"name":"star","bndbox":{"xmin":973,"ymin":557,"xmax":1087,"ymax":713}},{"name":"star","bndbox":{"xmin":985,"ymin":1097,"xmax":1093,"ymax":1193}},{"name":"star","bndbox":{"xmin":997,"ymin":1337,"xmax":1093,"ymax":1463}},{"name":"star","bndbox":{"xmin":991,"ymin":1590,"xmax":1099,"ymax":1686}},{"name":" Camera","bndbox":{"xmin":181,"ymin":472,"xmax":289,"ymax":593}},{"name":" Camera","bndbox":{"xmin":181,"ymin":704,"xmax":301,"ymax":845}},{"name":" Camera","bndbox":{"xmin":193,"ymin":1199,"xmax":313,"ymax":1337}},{"name":" Camera","bndbox":{"xmin":193,"ymin":1445,"xmax":301,"ymax":1569}}]},"time_labeled":1696743654952,"labeled":true,"size":{"width":1080,"height":1920,"depth":3}}