{"path":"C:\\Samsung Prism\\myvenv\\datasets\\images\\train\\12990.jpg","outputs":{"object":[{"name":" menu","bndbox":{"xmin":15,"ymin":94,"xmax":133,"ymax":232}},{"name":" send","bndbox":{"xmin":991,"ymin":352,"xmax":1133,"ymax":463}},{"name":" send","bndbox":{"xmin":991,"ymin":569,"xmax":1106,"ymax":719}},{"name":" send","bndbox":{"xmin":1009,"ymin":1073,"xmax":1096,"ymax":1223}},{"name":" send","bndbox":{"xmin":991,"ymin":1340,"xmax":1106,"ymax":1469}},{"name":" send","bndbox":{"xmin":985,"ymin":1566,"xmax":1099,"ymax":1680}},{"name":" play","bndbox":{"xmin":160,"ymin":496,"xmax":316,"ymax":587}},{"name":" play","bndbox":{"xmin":184,"ymin":725,"xmax":289,"ymax":845}},{"name":" play","bndbox":{"xmin":181,"ymin":1208,"xmax":301,"ymax":1325}},{"name":" play","bndbox":{"xmin":181,"ymin":1463,"xmax":301,"ymax":1578}}]},"time_labeled":1696743499813,"labeled":true,"size":{"width":1080,"height":1920,"depth":3}}