{"path":"C:\\Samsung Prism\\myvenv\\datasets\\images\\train\\13008.jpg","outputs":{"object":[{"name":" Bluetooth","bndbox":{"xmin":760,"ymin":-7,"xmax":829,"ymax":76}},{"name":" menu","bndbox":{"xmin":24,"ymin":88,"xmax":124,"ymax":190}},{"name":" add","bndbox":{"xmin":853,"ymin":94,"xmax":973,"ymax":184}},{"name":" more","bndbox":{"xmin":985,"ymin":76,"xmax":1063,"ymax":196}},{"name":" expand more","bndbox":{"xmin":145,"ymin":244,"xmax":217,"ymax":340}},{"name":" expand more","bndbox":{"xmin":631,"ymin":235,"xmax":685,"ymax":319}}]},"time_labeled":1696744086834,"labeled":true,"size":{"width":1080,"height":1920,"depth":3}}