{"path":"C:\\Samsung Prism\\myvenv\\datasets\\images\\train\\13009.jpg","outputs":{"object":[{"name":" Bluetooth","bndbox":{"xmin":760,"ymin":-7,"xmax":808,"ymax":76}},{"name":" menu","bndbox":{"xmin":24,"ymin":79,"xmax":112,"ymax":184}},{"name":" add","bndbox":{"xmin":880,"ymin":100,"xmax":955,"ymax":175}},{"name":" more","bndbox":{"xmin":979,"ymin":103,"xmax":1069,"ymax":178}},{"name":" expand more","bndbox":{"xmin":136,"ymin":247,"xmax":217,"ymax":328}},{"name":" expand more","bndbox":{"xmin":625,"ymin":232,"xmax":685,"ymax":316}}]},"time_labeled":1696744107456,"labeled":true,"size":{"width":1080,"height":1920,"depth":3}}