{"path":"C:\\Samsung Prism\\myvenv\\datasets\\images\\train\\13005.jpg","outputs":{"object":[{"name":" Bluetooth","bndbox":{"xmin":733,"ymin":-19,"xmax":817,"ymax":64}},{"name":" menu","bndbox":{"xmin":18,"ymin":64,"xmax":112,"ymax":184}},{"name":" add","bndbox":{"xmin":829,"ymin":76,"xmax":949,"ymax":196}},{"name":" more","bndbox":{"xmin":991,"ymin":88,"xmax":1075,"ymax":190}},{"name":" expand more","bndbox":{"xmin":133,"ymin":232,"xmax":241,"ymax":316}},{"name":" expand more","bndbox":{"xmin":568,"ymin":220,"xmax":649,"ymax":316}}]},"time_labeled":1696743975046,"labeled":true,"size":{"width":1080,"height":1920,"depth":3}}