{"path":"C:\\Samsung Prism\\myvenv\\datasets\\images\\train\\13006.jpg","outputs":{"object":[{"name":" Bluetooth","bndbox":{"xmin":733,"ymin":-37,"xmax":829,"ymax":76}},{"name":" menu","bndbox":{"xmin":12,"ymin":100,"xmax":133,"ymax":208}},{"name":" add","bndbox":{"xmin":865,"ymin":100,"xmax":973,"ymax":172}},{"name":" more","bndbox":{"xmin":985,"ymin":100,"xmax":1051,"ymax":196}},{"name":" expand more","bndbox":{"xmin":136,"ymin":232,"xmax":196,"ymax":304}},{"name":" expand more","bndbox":{"xmin":628,"ymin":232,"xmax":709,"ymax":322}},{"name":" check","bndbox":{"xmin":997,"ymin":436,"xmax":1166,"ymax":569}}]},"time_labeled":1696744032178,"labeled":true,"size":{"width":1080,"height":1920,"depth":3}}