{"path":"C:\\Samsung Prism\\myvenv\\datasets\\images\\train\\13003.jpg","outputs":{"object":[{"name":" Bluetooth","bndbox":{"xmin":757,"ymin":-19,"xmax":805,"ymax":76}},{"name":" arrow backward","bndbox":{"xmin":24,"ymin":88,"xmax":90,"ymax":184}},{"name":" search","bndbox":{"xmin":565,"ymin":88,"xmax":631,"ymax":211}},{"name":" Save/Bookmark","bndbox":{"xmin":967,"ymin":88,"xmax":1048,"ymax":196}},{"name":" menu","bndbox":{"xmin":42,"ymin":1650,"xmax":157,"ymax":1776}},{"name":" more","bndbox":{"xmin":928,"ymin":1662,"xmax":1057,"ymax":1785}}]},"time_labeled":1696743906159,"labeled":true,"size":{"width":1080,"height":1920,"depth":3}}