{"path":"C:\\Samsung Prism\\myvenv\\datasets\\images\\train\\13002.jpg","outputs":{"object":[{"name":" Bluetooth","bndbox":{"xmin":757,"ymin":-19,"xmax":811,"ymax":88}},{"name":" menu","bndbox":{"xmin":18,"ymin":88,"xmax":124,"ymax":187}},{"name":" add","bndbox":{"xmin":877,"ymin":88,"xmax":949,"ymax":184}},{"name":" more","bndbox":{"xmin":979,"ymin":88,"xmax":1081,"ymax":184}},{"name":" expand more","bndbox":{"xmin":136,"ymin":232,"xmax":205,"ymax":304}},{"name":" expand more","bndbox":{"xmin":625,"ymin":244,"xmax":715,"ymax":310}}]},"time_labeled":1696743875641,"labeled":true,"size":{"width":1080,"height":1920,"depth":3}}