{"path":"C:\\Samsung Prism\\myvenv\\datasets\\images\\train\\13007.jpg","outputs":{"object":[{"name":" Bluetooth","bndbox":{"xmin":736,"ymin":-19,"xmax":829,"ymax":79}},{"name":" menu","bndbox":{"xmin":12,"ymin":94,"xmax":133,"ymax":196}},{"name":" add","bndbox":{"xmin":865,"ymin":91,"xmax":949,"ymax":196}},{"name":" more","bndbox":{"xmin":985,"ymin":88,"xmax":1075,"ymax":208}},{"name":" expand more","bndbox":{"xmin":127,"ymin":232,"xmax":241,"ymax":316}},{"name":" expand more","bndbox":{"xmin":577,"ymin":232,"xmax":664,"ymax":316}}]},"time_labeled":1696744059710,"labeled":true,"size":{"width":1080,"height":1920,"depth":3}}