{"path":"C:\\Samsung Prism\\myvenv\\datasets\\images\\train\\13004.jpg","outputs":{"object":[{"name":" arrow backward","bndbox":{"xmin":24,"ymin":100,"xmax":109,"ymax":196}},{"name":" search","bndbox":{"xmin":577,"ymin":100,"xmax":664,"ymax":196}},{"name":" Save/Bookmark","bndbox":{"xmin":961,"ymin":100,"xmax":1063,"ymax":208}},{"name":" menu","bndbox":{"xmin":42,"ymin":1662,"xmax":181,"ymax":1758}},{"name":" more","bndbox":{"xmin":892,"ymin":1650,"xmax":1036,"ymax":1773}},{"name":" Bluetooth","bndbox":{"xmin":727,"ymin":-19,"xmax":829,"ymax":64}}]},"time_labeled":1696743944179,"labeled":true,"size":{"width":1080,"height":1920,"depth":3}}