{"path":"C:\\Samsung Prism\\myvenv\\datasets\\images\\train\\13014.jpg","outputs":{"object":[{"name":" Bluetooth","bndbox":{"xmin":757,"ymin":-7,"xmax":823,"ymax":91}},{"name":" menu","bndbox":{"xmin":30,"ymin":94,"xmax":109,"ymax":190}},{"name":" add","bndbox":{"xmin":877,"ymin":100,"xmax":949,"ymax":199}},{"name":" more","bndbox":{"xmin":988,"ymin":91,"xmax":1069,"ymax":196}},{"name":" expand more","bndbox":{"xmin":133,"ymin":196,"xmax":223,"ymax":322}},{"name":" expand more","bndbox":{"xmin":568,"ymin":232,"xmax":649,"ymax":310}},{"name":" check","bndbox":{"xmin":961,"ymin":563,"xmax":1154,"ymax":695}}]},"time_labeled":1696744278089,"labeled":true,"size":{"width":1080,"height":1920,"depth":3}}