{"path":"C:\\Samsung Prism\\myvenv\\datasets\\images\\train\\13015.jpg","outputs":{"object":[{"name":" Bluetooth","bndbox":{"xmin":757,"ymin":-31,"xmax":820,"ymax":91}},{"name":" menu","bndbox":{"xmin":24,"ymin":88,"xmax":121,"ymax":184}},{"name":" add","bndbox":{"xmin":877,"ymin":88,"xmax":949,"ymax":163}},{"name":" more","bndbox":{"xmin":985,"ymin":76,"xmax":1072,"ymax":175}},{"name":" expand more","bndbox":{"xmin":151,"ymin":223,"xmax":208,"ymax":298}},{"name":" expand more","bndbox":{"xmin":577,"ymin":238,"xmax":637,"ymax":316}}]},"time_labeled":1696744305066,"labeled":true,"size":{"width":1080,"height":1920,"depth":3}}