{"path":"C:\\Samsung Prism\\myvenv\\datasets\\images\\train\\13012.jpg","outputs":{"object":[{"name":" Bluetooth","bndbox":{"xmin":748,"ymin":-31,"xmax":811,"ymax":88}},{"name":" arrow backward","bndbox":{"xmin":-8,"ymin":64,"xmax":121,"ymax":220}},{"name":" search","bndbox":{"xmin":553,"ymin":88,"xmax":637,"ymax":187}},{"name":" Save/Bookmark","bndbox":{"xmin":952,"ymin":88,"xmax":1045,"ymax":208}},{"name":" menu","bndbox":{"xmin":66,"ymin":1653,"xmax":169,"ymax":1782}},{"name":" Skip Previous","bndbox":{"xmin":265,"ymin":1662,"xmax":361,"ymax":1782}},{"name":" play","bndbox":{"xmin":463,"ymin":1650,"xmax":625,"ymax":1797}},{"name":" Skip Next","bndbox":{"xmin":709,"ymin":1638,"xmax":829,"ymax":1806}},{"name":" more","bndbox":{"xmin":877,"ymin":1686,"xmax":1039,"ymax":1770}}]},"time_labeled":1696744216595,"labeled":true,"size":{"width":1080,"height":1920,"depth":3}}