{"path":"C:\\Samsung Prism\\myvenv\\datasets\\images\\train\\13013.jpg","outputs":{"object":[{"name":" Bluetooth","bndbox":{"xmin":727,"ymin":-25,"xmax":817,"ymax":79}},{"name":" menu","bndbox":{"xmin":6,"ymin":88,"xmax":112,"ymax":196}},{"name":" add","bndbox":{"xmin":865,"ymin":94,"xmax":952,"ymax":190}},{"name":" more","bndbox":{"xmin":973,"ymin":76,"xmax":1081,"ymax":196}},{"name":" expand more","bndbox":{"xmin":133,"ymin":247,"xmax":196,"ymax":316}},{"name":" expand more","bndbox":{"xmin":565,"ymin":232,"xmax":661,"ymax":352}}]},"time_labeled":1696744247932,"labeled":true,"size":{"width":1080,"height":1920,"depth":3}}