{"path":"C:\\Samsung Prism\\myvenv\\datasets\\images\\train\\13016.jpg","outputs":{"object":[{"name":" Bluetooth","bndbox":{"xmin":763,"ymin":-13,"xmax":835,"ymax":70}},{"name":" menu","bndbox":{"xmin":12,"ymin":82,"xmax":109,"ymax":196}},{"name":" add","bndbox":{"xmin":853,"ymin":88,"xmax":949,"ymax":196}},{"name":" more","bndbox":{"xmin":985,"ymin":82,"xmax":1060,"ymax":196}},{"name":" expand more","bndbox":{"xmin":148,"ymin":226,"xmax":241,"ymax":340}},{"name":" expand more","bndbox":{"xmin":613,"ymin":244,"xmax":697,"ymax":319}}]},"time_labeled":1696744324832,"labeled":true,"size":{"width":1080,"height":1920,"depth":3}}