{"path":"C:\\Samsung Prism\\myvenv\\datasets\\images\\train\\13010.jpg","outputs":{"object":[{"name":" Bluetooth","bndbox":{"xmin":751,"ymin":-25,"xmax":805,"ymax":76}},{"name":" arrow backward","bndbox":{"xmin":3,"ymin":82,"xmax":109,"ymax":196}},{"name":" search","bndbox":{"xmin":556,"ymin":79,"xmax":673,"ymax":238}},{"name":" Save/Bookmark","bndbox":{"xmin":949,"ymin":100,"xmax":1063,"ymax":196}},{"name":" menu","bndbox":{"xmin":54,"ymin":1674,"xmax":145,"ymax":1758}},{"name":" Skip Previous","bndbox":{"xmin":277,"ymin":1668,"xmax":367,"ymax":1758}},{"name":" pause","bndbox":{"xmin":469,"ymin":1662,"xmax":580,"ymax":1752}},{"name":" Skip Next","bndbox":{"xmin":697,"ymin":1662,"xmax":805,"ymax":1773}},{"name":" more","bndbox":{"xmin":925,"ymin":1653,"xmax":1048,"ymax":1776}}]},"time_labeled":1696744156065,"labeled":true,"size":{"width":1080,"height":1920,"depth":3}}