{"path":"C:\\Samsung Prism\\myvenv\\datasets\\images\\train\\13032.jpg","outputs":{"object":[{"name":" expand more","bndbox":{"xmin":60,"ymin":31,"xmax":145,"ymax":118}},{"name":" Skip Previous","bndbox":{"xmin":136,"ymin":160,"xmax":265,"ymax":268}},{"name":" pause","bndbox":{"xmin":481,"ymin":154,"xmax":655,"ymax":259}},{"name":" Skip Next","bndbox":{"xmin":853,"ymin":160,"xmax":964,"ymax":286}},{"name":" more","bndbox":{"xmin":997,"ymin":1818,"xmax":1093,"ymax":1902}}]},"time_labeled":1696744498153,"labeled":true,"size":{"width":1080,"height":1920,"depth":3}}