{"path":"C:\\Samsung Prism\\myvenv\\datasets\\images\\train\\13046.jpg","outputs":{"object":[{"name":" arrow backward","bndbox":{"xmin":19,"ymin":44,"xmax":68,"ymax":92}},{"name":"star","bndbox":{"xmin":498,"ymin":251,"xmax":546,"ymax":302}},{"name":"star","bndbox":{"xmin":492,"ymin":326,"xmax":546,"ymax":376}},{"name":"star","bndbox":{"xmin":480,"ymin":400,"xmax":552,"ymax":446}},{"name":"star","bndbox":{"xmin":492,"ymin":473,"xmax":558,"ymax":548}},{"name":"star","bndbox":{"xmin":482,"ymin":560,"xmax":564,"ymax":620}},{"name":"star","bndbox":{"xmin":486,"ymin":638,"xmax":542,"ymax":710}},{"name":"star","bndbox":{"xmin":488,"ymin":710,"xmax":540,"ymax":761}},{"name":" play","bndbox":{"xmin":456,"ymin":820,"xmax":501,"ymax":863}}]},"time_labeled":1696744698859,"labeled":true,"size":{"width":540,"height":960,"depth":3}}