{"path":"C:\\Samsung Prism\\myvenv\\datasets\\images\\train\\13055.jpg","outputs":{"object":[{"name":" arrow backward","bndbox":{"xmin":19,"ymin":44,"xmax":55,"ymax":98}},{"name":"star","bndbox":{"xmin":488,"ymin":236,"xmax":546,"ymax":310}},{"name":"star","bndbox":{"xmin":492,"ymin":316,"xmax":548,"ymax":380}},{"name":"star","bndbox":{"xmin":492,"ymin":398,"xmax":542,"ymax":460}},{"name":"star","bndbox":{"xmin":489,"ymin":473,"xmax":546,"ymax":536}},{"name":"star","bndbox":{"xmin":489,"ymin":556,"xmax":554,"ymax":614}},{"name":"star","bndbox":{"xmin":492,"ymin":626,"xmax":546,"ymax":682}},{"name":"star","bndbox":{"xmin":492,"ymin":701,"xmax":542,"ymax":770}},{"name":" play","bndbox":{"xmin":450,"ymin":820,"xmax":516,"ymax":860}}]},"time_labeled":1696744915992,"labeled":true,"size":{"width":540,"height":960,"depth":3}}