{"path":"C:\\Samsung Prism\\myvenv\\datasets\\images\\train\\13057.jpg","outputs":{"object":[{"name":" arrow backward","bndbox":{"xmin":7,"ymin":44,"xmax":56,"ymax":98}},{"name":"star","bndbox":{"xmin":489,"ymin":236,"xmax":554,"ymax":296}},{"name":"star","bndbox":{"xmin":483,"ymin":314,"xmax":546,"ymax":368}},{"name":"star","bndbox":{"xmin":489,"ymin":394,"xmax":542,"ymax":458}},{"name":"star","bndbox":{"xmin":489,"ymin":476,"xmax":540,"ymax":530}},{"name":"star","bndbox":{"xmin":492,"ymin":551,"xmax":537,"ymax":617}},{"name":"star","bndbox":{"xmin":494,"ymin":626,"xmax":534,"ymax":682}},{"name":"star","bndbox":{"xmin":489,"ymin":701,"xmax":546,"ymax":746}},{"name":" play","bndbox":{"xmin":453,"ymin":803,"xmax":498,"ymax":862}}]},"time_labeled":1696745007674,"labeled":true,"size":{"width":540,"height":960,"depth":3}}