{"path":"C:\\Samsung Prism\\myvenv\\datasets\\images\\train\\13058.jpg","outputs":{"object":[{"name":" arrow backward","bndbox":{"xmin":19,"ymin":47,"xmax":55,"ymax":92}},{"name":" refresh","bndbox":{"xmin":480,"ymin":44,"xmax":572,"ymax":98}},{"name":" more","bndbox":{"xmin":432,"ymin":242,"xmax":486,"ymax":314}},{"name":" Microphone","bndbox":{"xmin":157,"ymin":437,"xmax":202,"ymax":515}},{"name":" arrow forward","bndbox":{"xmin":328,"ymin":422,"xmax":426,"ymax":542}}]},"time_labeled":1696745034652,"labeled":true,"size":{"width":540,"height":960,"depth":3}}