{"path":"C:\\Samsung Prism\\myvenv\\datasets\\images\\train\\13054.jpg","outputs":{"object":[{"name":" search","bndbox":{"xmin":289,"ymin":35,"xmax":340,"ymax":100}},{"name":" menu","bndbox":{"xmin":355,"ymin":41,"xmax":402,"ymax":98}},{"name":" settings","bndbox":{"xmin":486,"ymin":38,"xmax":561,"ymax":107}},{"name":" add","bndbox":{"xmin":244,"ymin":302,"xmax":307,"ymax":352}},{"name":"star","bndbox":{"xmin":44,"ymin":812,"xmax":134,"ymax":890}}]},"time_labeled":1696744888858,"labeled":true,"size":{"width":540,"height":960,"depth":3}}