{"path":"C:\\Samsung Prism\\myvenv\\datasets\\images\\train\\13065.jpg","outputs":{"object":[{"name":" arrow backward","bndbox":{"xmin":10,"ymin":35,"xmax":70,"ymax":89}},{"name":"star","bndbox":{"xmin":488,"ymin":242,"xmax":536,"ymax":292}},{"name":"star","bndbox":{"xmin":476,"ymin":314,"xmax":558,"ymax":377}},{"name":"star","bndbox":{"xmin":468,"ymin":394,"xmax":561,"ymax":460}},{"name":"star","bndbox":{"xmin":474,"ymin":476,"xmax":546,"ymax":530}},{"name":"star","bndbox":{"xmin":486,"ymin":545,"xmax":540,"ymax":608}},{"name":"star","bndbox":{"xmin":488,"ymin":629,"xmax":573,"ymax":686}},{"name":"star","bndbox":{"xmin":488,"ymin":706,"xmax":543,"ymax":760}},{"name":" play","bndbox":{"xmin":434,"ymin":802,"xmax":516,"ymax":869}}]},"time_labeled":1696745188350,"labeled":true,"size":{"width":540,"height":960,"depth":3}}