{"path":"C:\\Samsung Prism\\myvenv\\datasets\\images\\train\\13062.jpg","outputs":{"object":[{"name":" arrow backward","bndbox":{"xmin":7,"ymin":38,"xmax":62,"ymax":98}},{"name":"star","bndbox":{"xmin":474,"ymin":233,"xmax":546,"ymax":298}},{"name":"star","bndbox":{"xmin":494,"ymin":320,"xmax":546,"ymax":368}},{"name":"star","bndbox":{"xmin":486,"ymin":392,"xmax":537,"ymax":452}},{"name":"star","bndbox":{"xmin":480,"ymin":476,"xmax":548,"ymax":530}},{"name":"star","bndbox":{"xmin":476,"ymin":556,"xmax":546,"ymax":602}},{"name":"star","bndbox":{"xmin":486,"ymin":626,"xmax":540,"ymax":680}},{"name":"star","bndbox":{"xmin":486,"ymin":704,"xmax":558,"ymax":754}},{"name":" play","bndbox":{"xmin":458,"ymin":808,"xmax":501,"ymax":857}}]},"time_labeled":1696745117145,"labeled":true,"size":{"width":540,"height":960,"depth":3}}