{"path":"C:\\Samsung Prism\\myvenv\\datasets\\images\\train\\13060.jpg","outputs":{"object":[{"name":" arrow backward","bndbox":{"xmin":13,"ymin":44,"xmax":67,"ymax":92}},{"name":"star","bndbox":{"xmin":486,"ymin":238,"xmax":554,"ymax":296}},{"name":"star","bndbox":{"xmin":492,"ymin":320,"xmax":548,"ymax":380}},{"name":"star","bndbox":{"xmin":492,"ymin":386,"xmax":561,"ymax":464}},{"name":"star","bndbox":{"xmin":495,"ymin":476,"xmax":554,"ymax":536}},{"name":"star","bndbox":{"xmin":482,"ymin":554,"xmax":554,"ymax":608}},{"name":"star","bndbox":{"xmin":486,"ymin":626,"xmax":540,"ymax":686}},{"name":"star","bndbox":{"xmin":492,"ymin":704,"xmax":540,"ymax":764}},{"name":" play","bndbox":{"xmin":462,"ymin":818,"xmax":506,"ymax":862}}]},"time_labeled":1696745077434,"labeled":true,"size":{"width":540,"height":960,"depth":3}}