{"path":"C:\\Samsung Prism\\myvenv\\datasets\\images\\train\\13079.jpg","outputs":{"object":[{"name":" Bluetooth","bndbox":{"xmin":757,"ymin":-4,"xmax":817,"ymax":70}},{"name":" menu","bndbox":{"xmin":18,"ymin":103,"xmax":121,"ymax":184}},{"name":" more","bndbox":{"xmin":973,"ymin":737,"xmax":1081,"ymax":872}},{"name":" more","bndbox":{"xmin":985,"ymin":1424,"xmax":1081,"ymax":1533}},{"name":" add","bndbox":{"xmin":919,"ymin":1590,"xmax":1024,"ymax":1728}}]},"time_labeled":1696745481897,"labeled":true,"size":{"width":1080,"height":1920,"depth":3}}