{"path":"C:\\Samsung Prism\\myvenv\\datasets\\images\\train\\13074.jpg","outputs":{"object":[{"name":" menu","bndbox":{"xmin":2,"ymin":32,"xmax":82,"ymax":98}},{"name":" search","bndbox":{"xmin":482,"ymin":38,"xmax":546,"ymax":86}},{"name":" arrow forward","bndbox":{"xmin":498,"ymin":131,"xmax":542,"ymax":178}},{"name":" Camera","bndbox":{"xmin":13,"ymin":214,"xmax":166,"ymax":350}},{"name":" arrow forward","bndbox":{"xmin":498,"ymin":728,"xmax":531,"ymax":770}}]},"time_labeled":1696745386582,"labeled":true,"size":{"width":540,"height":960,"depth":3}}