{"path":"C:\\Samsung Prism\\myvenv\\datasets\\images\\train\\13072.jpg","outputs":{"object":[{"name":" arrow backward","bndbox":{"xmin":13,"ymin":44,"xmax":49,"ymax":94}},{"name":" search","bndbox":{"xmin":97,"ymin":44,"xmax":136,"ymax":95}},{"name":" arrow forward","bndbox":{"xmin":498,"ymin":140,"xmax":536,"ymax":176}},{"name":" Microphone","bndbox":{"xmin":492,"ymin":503,"xmax":558,"ymax":562}},{"name":" close","bndbox":{"xmin":486,"ymin":736,"xmax":534,"ymax":784}},{"name":" arrow forward","bndbox":{"xmin":468,"ymin":818,"xmax":530,"ymax":874}}]},"time_labeled":1696745326001,"labeled":true,"size":{"width":540,"height":960,"depth":3}}