{"path":"C:\\Samsung Prism\\myvenv\\datasets\\images\\train\\13073.jpg","outputs":{"object":[{"name":" arrow backward","bndbox":{"xmin":19,"ymin":46,"xmax":62,"ymax":86}},{"name":" search","bndbox":{"xmin":86,"ymin":40,"xmax":136,"ymax":98}},{"name":" arrow forward","bndbox":{"xmin":504,"ymin":140,"xmax":548,"ymax":182}},{"name":" Microphone","bndbox":{"xmin":492,"ymin":506,"xmax":540,"ymax":562}},{"name":" close","bndbox":{"xmin":474,"ymin":734,"xmax":546,"ymax":788}},{"name":" arrow forward","bndbox":{"xmin":471,"ymin":815,"xmax":552,"ymax":872}}]},"time_labeled":1696745350120,"labeled":true,"size":{"width":540,"height":960,"depth":3}}