{"path":"C:\\Samsung Prism\\myvenv\\datasets\\images\\train\\13080.jpg","outputs":{"object":[{"name":" Bluetooth","bndbox":{"xmin":757,"ymin":-7,"xmax":817,"ymax":112}},{"name":" menu","bndbox":{"xmin":18,"ymin":76,"xmax":160,"ymax":196}},{"name":" expand more","bndbox":{"xmin":883,"ymin":403,"xmax":1084,"ymax":521}},{"name":" add","bndbox":{"xmin":84,"ymin":1007,"xmax":169,"ymax":1136}},{"name":" add","bndbox":{"xmin":84,"ymin":1325,"xmax":193,"ymax":1469}}]},"time_labeled":1696745502798,"labeled":true,"size":{"width":1080,"height":1920,"depth":3}}