{"path":"C:\\Samsung Prism\\myvenv\\datasets\\images\\train\\13087.jpg","outputs":{"object":[{"name":" Bluetooth","bndbox":{"xmin":748,"ymin":-13,"xmax":811,"ymax":82}},{"name":" add","bndbox":{"xmin":36,"ymin":496,"xmax":124,"ymax":593}},{"name":" menu","bndbox":{"xmin":36,"ymin":623,"xmax":145,"ymax":737}},{"name":" add","bndbox":{"xmin":39,"ymin":1294,"xmax":109,"ymax":1384}},{"name":" menu","bndbox":{"xmin":24,"ymin":1415,"xmax":121,"ymax":1518}}]},"time_labeled":1696745679935,"labeled":true,"size":{"width":1080,"height":1920,"depth":3}}