{"path":"C:\\Samsung Prism\\myvenv\\datasets\\images\\train\\13082.jpg","outputs":{"object":[{"name":" Bluetooth","bndbox":{"xmin":769,"ymin":-13,"xmax":817,"ymax":64}},{"name":" arrow backward","bndbox":{"xmin":24,"ymin":79,"xmax":109,"ymax":184}},{"name":" check","bndbox":{"xmin":973,"ymin":106,"xmax":1075,"ymax":196}},{"name":" expand more","bndbox":{"xmin":901,"ymin":1316,"xmax":973,"ymax":1421}},{"name":" expand more","bndbox":{"xmin":889,"ymin":1436,"xmax":961,"ymax":1506}},{"name":" expand more","bndbox":{"xmin":901,"ymin":1542,"xmax":985,"ymax":1614}}]},"time_labeled":1696745552977,"labeled":true,"size":{"width":1080,"height":1920,"depth":3}}