{"path":"C:\\Samsung Prism\\myvenv\\datasets\\images\\train\\13084.jpg","outputs":{"object":[{"name":" Bluetooth","bndbox":{"xmin":745,"ymin":-19,"xmax":808,"ymax":76}},{"name":" add","bndbox":{"xmin":36,"ymin":509,"xmax":103,"ymax":593}},{"name":" menu","bndbox":{"xmin":12,"ymin":632,"xmax":121,"ymax":719}},{"name":" add","bndbox":{"xmin":30,"ymin":1277,"xmax":145,"ymax":1409}},{"name":" menu","bndbox":{"xmin":30,"ymin":1433,"xmax":121,"ymax":1530}}]},"time_labeled":1696745598916,"labeled":true,"size":{"width":1080,"height":1920,"depth":3}}