{"path":"C:\\Samsung Prism\\myvenv\\datasets\\images\\train\\14792.jpg","outputs":{"object":[{"name":"settings","bndbox":{"xmin":326,"ymin":106,"xmax":389,"ymax":156}},{"name":"search","bndbox":{"xmin":346,"ymin":170,"xmax":385,"ymax":214}},{"name":"Camera","bndbox":{"xmin":447,"ymin":274,"xmax":516,"ymax":334}},{"name":"star","bndbox":{"xmin":436,"ymin":53,"xmax":472,"ymax":83}},{"name":"more","bndbox":{"xmin":500,"ymin":50,"xmax":524,"ymax":89}}]},"time_labeled":1694935436811,"labeled":true,"size":{"width":540,"height":960,"depth":3}}