{"path":"C:\\Samsung Prism\\myvenv\\datasets\\images\\train\\14809.jpg","outputs":{"object":[{"name":"more","bndbox":{"xmin":447,"ymin":101,"xmax":510,"ymax":140}},{"name":"add","bndbox":{"xmin":474,"ymin":542,"xmax":510,"ymax":578}},{"name":"add","bndbox":{"xmin":474,"ymin":614,"xmax":513,"ymax":656}},{"name":"add","bndbox":{"xmin":474,"ymin":692,"xmax":510,"ymax":730}},{"name":"add","bndbox":{"xmin":476,"ymin":767,"xmax":516,"ymax":802}}]},"time_labeled":1694940111688,"labeled":true,"size":{"width":540,"height":960,"depth":3}}