{"path":"C:\\Samsung Prism\\myvenv\\datasets\\images\\train\\14814.jpg","outputs":{"object":[{"name":"arrow forward","bndbox":{"xmin":960,"ymin":136,"xmax":1065,"ymax":226}},{"name":"arrow forward","bndbox":{"xmin":985,"ymin":292,"xmax":1045,"ymax":364}},{"name":"arrow forward","bndbox":{"xmin":985,"ymin":424,"xmax":1045,"ymax":496}},{"name":"arrow backward","bndbox":{"xmin":12,"ymin":1689,"xmax":99,"ymax":1773}}]},"time_labeled":1694940445373,"labeled":true,"size":{"width":1080,"height":1920,"depth":3}}