{"path":"C:\\Samsung Prism\\myvenv\\datasets\\images\\train\\14810.jpg","outputs":{"object":[{"name":"add","bndbox":{"xmin":967,"ymin":232,"xmax":1057,"ymax":304}},{"name":"add","bndbox":{"xmin":973,"ymin":448,"xmax":1033,"ymax":496}},{"name":"add","bndbox":{"xmin":973,"ymin":581,"xmax":1024,"ymax":656}},{"name":"add","bndbox":{"xmin":973,"ymin":735,"xmax":1045,"ymax":798}},{"name":"add","bndbox":{"xmin":973,"ymin":893,"xmax":1033,"ymax":953}},{"name":"add","bndbox":{"xmin":966,"ymin":1036,"xmax":1032,"ymax":1114}},{"name":"add","bndbox":{"xmin":973,"ymin":1187,"xmax":1036,"ymax":1268}},{"name":"add","bndbox":{"xmin":976,"ymin":1342,"xmax":1033,"ymax":1396}},{"name":"add","bndbox":{"xmin":960,"ymin":1477,"xmax":1044,"ymax":1574}},{"name":"arrow backward","bndbox":{"xmin":24,"ymin":1690,"xmax":109,"ymax":1756}},{"name":"arrow backward","bndbox":{"xmin":24,"ymin":88,"xmax":232,"ymax":172}},{"name":"star","bndbox":{"xmin":43,"ymin":351,"xmax":72,"ymax":383}}]},"time_labeled":1694940621369,"labeled":true,"size":{"width":1080,"height":1920,"depth":3}}