{"path":"C:\\Samsung Prism\\myvenv\\datasets\\images\\train\\14817.jpg","outputs":{"object":[{"name":"pause","bndbox":{"xmin":336,"ymin":871,"xmax":371,"ymax":908}},{"name":"Skip Next","bndbox":{"xmin":377,"ymin":873,"xmax":426,"ymax":912}},{"name":"Skip Previous","bndbox":{"xmin":294,"ymin":874,"xmax":327,"ymax":906}},{"name":"arrow backward","bndbox":{"xmin":103,"ymin":919,"xmax":129,"ymax":951}},{"name":"arrow backward","bndbox":{"xmin":776,"ymin":926,"xmax":804,"ymax":949}},{"name":"arrow backward","bndbox":{"xmin":106,"ymin":879,"xmax":132,"ymax":906}},{"name":"pause","bndbox":{"xmin":783,"ymin":808,"xmax":804,"ymax":837}},{"name":"Microphone","bndbox":{"xmin":363,"ymin":617,"xmax":381,"ymax":637}},{"name":"arrow forward","bndbox":{"xmin":582,"ymin":582,"xmax":599,"ymax":607}},{"name":"arrow forward","bndbox":{"xmin":586,"ymin":617,"xmax":601,"ymax":635}},{"name":"arrow forward","bndbox":{"xmin":582,"ymin":648,"xmax":602,"ymax":670}},{"name":"arrow forward","bndbox":{"xmin":577,"ymin":678,"xmax":606,"ymax":703}},{"name":"arrow forward","bndbox":{"xmin":586,"ymin":711,"xmax":607,"ymax":734}},{"name":"arrow forward","bndbox":{"xmin":584,"ymin":760,"xmax":599,"ymax":786}},{"name":"search","bndbox":{"xmin":363,"ymin":536,"xmax":383,"ymax":556}},{"name":"edit","bndbox":{"xmin":251,"ymin":534,"xmax":277,"ymax":558}}]},"time_labeled":1694940884961,"labeled":true,"size":{"width":1080,"height":1920,"depth":3}}