{"path":"C:\\Samsung Prism\\myvenv\\datasets\\images\\train\\14816.jpg","outputs":{"object":[{"name":"arrow forward","bndbox":{"xmin":985,"ymin":280,"xmax":1045,"ymax":352}},{"name":"arrow forward","bndbox":{"xmin":991,"ymin":400,"xmax":1036,"ymax":448}},{"name":"arrow forward","bndbox":{"xmin":985,"ymin":509,"xmax":1036,"ymax":581}},{"name":"arrow forward","bndbox":{"xmin":988,"ymin":617,"xmax":1045,"ymax":683}},{"name":"arrow forward","bndbox":{"xmin":976,"ymin":725,"xmax":1069,"ymax":803}},{"name":"search","bndbox":{"xmin":39,"ymin":100,"xmax":121,"ymax":166}},{"name":"arrow backward","bndbox":{"xmin":15,"ymin":1686,"xmax":112,"ymax":1770}},{"name":"Microphone","bndbox":{"xmin":12,"ymin":379,"xmax":87,"ymax":454}}]},"time_labeled":1694940561458,"labeled":true,"size":{"width":1080,"height":1920,"depth":3}}