{"path":"C:\\Samsung Prism\\myvenv\\datasets\\images\\train\\14827.jpg","outputs":{"object":[{"name":"home","bndbox":{"xmin":307,"ymin":58,"xmax":424,"ymax":166}},{"name":"menu","bndbox":{"xmin":54,"ymin":60,"xmax":172,"ymax":156}},{"name":"star","bndbox":{"xmin":667,"ymin":67,"xmax":757,"ymax":154}},{"name":"star","bndbox":{"xmin":919,"ymin":79,"xmax":1012,"ymax":160}},{"name":"close","bndbox":{"xmin":121,"ymin":1758,"xmax":157,"ymax":1794}},{"name":"arrow forward","bndbox":{"xmin":181,"ymin":247,"xmax":205,"ymax":280}},{"name":"arrow forward","bndbox":{"xmin":289,"ymin":187,"xmax":325,"ymax":226}}]},"time_labeled":1694941460762,"labeled":true,"size":{"width":1080,"height":1920,"depth":3}}