{"path":"C:\\Samsung Prism\\myvenv\\datasets\\images\\train\\14825.jpg","outputs":{"object":[{"name":"arrow backward","bndbox":{"xmin":330,"ymin":915,"xmax":385,"ymax":985}},{"name":"edit","bndbox":{"xmin":564,"ymin":267,"xmax":621,"ymax":315}},{"name":"menu","bndbox":{"xmin":677,"ymin":336,"xmax":726,"ymax":389}},{"name":"menu","bndbox":{"xmin":680,"ymin":424,"xmax":712,"ymax":457}},{"name":"menu","bndbox":{"xmin":685,"ymin":506,"xmax":713,"ymax":538}},{"name":"menu","bndbox":{"xmin":688,"ymin":581,"xmax":712,"ymax":620}},{"name":"menu","bndbox":{"xmin":689,"ymin":661,"xmax":714,"ymax":693}},{"name":"menu","bndbox":{"xmin":688,"ymin":818,"xmax":708,"ymax":851}},{"name":"arrow forward","bndbox":{"xmin":728,"ymin":638,"xmax":772,"ymax":673}},{"name":"arrow backward","bndbox":{"xmin":549,"ymin":718,"xmax":574,"ymax":761}}]},"time_labeled":1694941306788,"labeled":true,"size":{"width":1080,"height":1920,"depth":3}}