{"path":"C:\\Samsung Prism\\myvenv\\datasets\\images\\train\\14826.jpg","outputs":{"object":[{"name":"add","bndbox":{"xmin":949,"ymin":223,"xmax":1045,"ymax":316}},{"name":"add","bndbox":{"xmin":967,"ymin":450,"xmax":1036,"ymax":499}},{"name":"add","bndbox":{"xmin":964,"ymin":584,"xmax":1027,"ymax":656}},{"name":"add","bndbox":{"xmin":973,"ymin":737,"xmax":1033,"ymax":809}},{"name":"add","bndbox":{"xmin":964,"ymin":869,"xmax":1033,"ymax":947}},{"name":"add","bndbox":{"xmin":967,"ymin":1031,"xmax":1027,"ymax":1097}},{"name":"add","bndbox":{"xmin":952,"ymin":1181,"xmax":1033,"ymax":1271}},{"name":"add","bndbox":{"xmin":973,"ymin":1337,"xmax":1036,"ymax":1397}},{"name":"add","bndbox":{"xmin":975,"ymin":1493,"xmax":1050,"ymax":1557}},{"name":"arrow backward","bndbox":{"xmin":12,"ymin":1674,"xmax":115,"ymax":1776}},{"name":"arrow backward","bndbox":{"xmin":12,"ymin":87,"xmax":265,"ymax":174}}]},"time_labeled":1694941369066,"labeled":true,"size":{"width":1080,"height":1920,"depth":3}}