{"path":"C:\\Samsung Prism\\myvenv\\datasets\\images\\train\\14822.jpg","outputs":{"object":[{"name":"arrow forward","bndbox":{"xmin":985,"ymin":148,"xmax":1051,"ymax":232}},{"name":"arrow forward","bndbox":{"xmin":976,"ymin":271,"xmax":1051,"ymax":358}},{"name":"arrow forward","bndbox":{"xmin":976,"ymin":424,"xmax":1048,"ymax":496}},{"name":"Bluetooth","bndbox":{"xmin":60,"ymin":1475,"xmax":253,"ymax":1677}}]},"time_labeled":1694941101804,"labeled":true,"size":{"width":1080,"height":1920,"depth":3}}