{"path":"C:\\Samsung Prism\\myvenv\\datasets\\images\\train\\14838.jpg","outputs":{"object":[{"name":"home","bndbox":{"xmin":36,"ymin":460,"xmax":96,"ymax":548}},{"name":"add","bndbox":{"xmin":27,"ymin":1088,"xmax":99,"ymax":1169}},{"name":"settings","bndbox":{"xmin":36,"ymin":971,"xmax":109,"ymax":1037}},{"name":"more","bndbox":{"xmin":988,"ymin":100,"xmax":1048,"ymax":172}},{"name":"close","bndbox":{"xmin":925,"ymin":1524,"xmax":967,"ymax":1578}}]},"time_labeled":1694941938138,"labeled":true,"size":{"width":1080,"height":1920,"depth":3}}