{"path":"C:\\Samsung Prism\\myvenv\\datasets\\images\\train\\14849.jpg","outputs":{"object":[{"name":"more","bndbox":{"xmin":973,"ymin":82,"xmax":1024,"ymax":172}},{"name":"refresh","bndbox":{"xmin":811,"ymin":82,"xmax":901,"ymax":172}},{"name":"arrow backward","bndbox":{"xmin":0,"ymin":100,"xmax":39,"ymax":160}},{"name":"arrow backward","bndbox":{"xmin":3,"ymin":701,"xmax":72,"ymax":773}},{"name":"arrow forward","bndbox":{"xmin":1000,"ymin":717,"xmax":1060,"ymax":768}},{"name":"expand more","bndbox":{"xmin":193,"ymin":617,"xmax":229,"ymax":659}},{"name":"settings","bndbox":{"xmin":937,"ymin":617,"xmax":988,"ymax":665}},{"name":"arrow backward","bndbox":{"xmin":775,"ymin":475,"xmax":829,"ymax":557}}]},"time_labeled":1696069021177,"labeled":true,"size":{"width":1080,"height":1920,"depth":3}}