{"path":"C:\\Samsung Prism\\myvenv\\datasets\\images\\train\\14851.jpg","outputs":{"object":[{"name":"menu","bndbox":{"xmin":973,"ymin":94,"xmax":1024,"ymax":148}},{"name":"arrow backward","bndbox":{"xmin":916,"ymin":100,"xmax":955,"ymax":151}},{"name":"settings","bndbox":{"xmin":774,"ymin":1650,"xmax":888,"ymax":1746}},{"name":"play","bndbox":{"xmin":424,"ymin":1662,"xmax":505,"ymax":1746}},{"name":"play","bndbox":{"xmin":270,"ymin":279,"xmax":324,"ymax":333}},{"name":"play","bndbox":{"xmin":265,"ymin":472,"xmax":325,"ymax":533}},{"name":"play","bndbox":{"xmin":265,"ymin":668,"xmax":325,"ymax":725}}]},"time_labeled":1696069271221,"labeled":true,"size":{"width":1080,"height":1920,"depth":3}}