{"path":"C:\\Samsung Prism\\myvenv\\datasets\\images\\train\\14852.jpg","outputs":{"object":[{"name":"add","bndbox":{"xmin":952,"ymin":388,"xmax":1009,"ymax":436}},{"name":"menu","bndbox":{"xmin":913,"ymin":1139,"xmax":1036,"ymax":1208}},{"name":"menu","bndbox":{"xmin":925,"ymin":1253,"xmax":1027,"ymax":1325}},{"name":"menu","bndbox":{"xmin":925,"ymin":1373,"xmax":1036,"ymax":1451}},{"name":"arrow forward","bndbox":{"xmin":-5,"ymin":88,"xmax":36,"ymax":160}}]},"time_labeled":1696069358273,"labeled":true,"size":{"width":1080,"height":1920,"depth":3}}