{"path":"C:\\Samsung Prism\\myvenv\\datasets\\images\\train\\14853.jpg","outputs":{"object":[{"name":"settings","bndbox":{"xmin":976,"ymin":496,"xmax":1033,"ymax":557}},{"name":"arrow backward","bndbox":{"xmin":0,"ymin":88,"xmax":36,"ymax":160}},{"name":"refresh","bndbox":{"xmin":973,"ymin":232,"xmax":1033,"ymax":292}},{"name":"Camera","bndbox":{"xmin":367,"ymin":503,"xmax":433,"ymax":551}},{"name":"Camera","bndbox":{"xmin":655,"ymin":800,"xmax":709,"ymax":857}},{"name":"Camera","bndbox":{"xmin":751,"ymin":1001,"xmax":817,"ymax":1049}},{"name":"Camera","bndbox":{"xmin":853,"ymin":1105,"xmax":901,"ymax":1153}},{"name":"Camera","bndbox":{"xmin":943,"ymin":995,"xmax":1000,"ymax":1061}},{"name":"Camera","bndbox":{"xmin":1021,"ymin":851,"xmax":1084,"ymax":920}},{"name":"Camera","bndbox":{"xmin":1015,"ymin":1076,"xmax":1084,"ymax":1133}},{"name":"Camera","bndbox":{"xmin":901,"ymin":1193,"xmax":961,"ymax":1259}},{"name":"Camera","bndbox":{"xmin":889,"ymin":1397,"xmax":961,"ymax":1457}},{"name":"Camera","bndbox":{"xmin":433,"ymin":1349,"xmax":523,"ymax":1397}},{"name":"Camera","bndbox":{"xmin":505,"ymin":1451,"xmax":577,"ymax":1518}},{"name":"Camera","bndbox":{"xmin":349,"ymin":1548,"xmax":409,"ymax":1590}},{"name":"Camera","bndbox":{"xmin":145,"ymin":1500,"xmax":217,"ymax":1566}},{"name":"Camera","bndbox":{"xmin":90,"ymin":1259,"xmax":163,"ymax":1328}},{"name":"Camera","bndbox":{"xmin":229,"ymin":1172,"xmax":295,"ymax":1217}},{"name":"Camera","bndbox":{"xmin":445,"ymin":1181,"xmax":517,"ymax":1235}},{"name":"Camera","bndbox":{"xmin":565,"ymin":1181,"xmax":643,"ymax":1241}},{"name":"Camera","bndbox":{"xmin":589,"ymin":1055,"xmax":661,"ymax":1124}},{"name":"Camera","bndbox":{"xmin":739,"ymin":905,"xmax":817,"ymax":959}},{"name":"Camera","bndbox":{"xmin":544,"ymin":845,"xmax":625,"ymax":905}},{"name":"Camera","bndbox":{"xmin":145,"ymin":1055,"xmax":223,"ymax":1112}},{"name":"Camera","bndbox":{"xmin":12,"ymin":990,"xmax":84,"ymax":1053}},{"name":"Camera","bndbox":{"xmin":172,"ymin":274,"xmax":241,"ymax":334}},{"name":"Camera","bndbox":{"xmin":292,"ymin":328,"xmax":361,"ymax":388}},{"name":"Camera","bndbox":{"xmin":193,"ymin":412,"xmax":265,"ymax":466}},{"name":"Camera","bndbox":{"xmin":220,"ymin":484,"xmax":301,"ymax":563}},{"name":"Camera","bndbox":{"xmin":133,"ymin":635,"xmax":205,"ymax":701}},{"name":"Camera","bndbox":{"xmin":180,"ymin":756,"xmax":255,"ymax":816}},{"name":"Camera","bndbox":{"xmin":253,"ymin":881,"xmax":313,"ymax":953}},{"name":"Camera","bndbox":{"xmin":625,"ymin":629,"xmax":691,"ymax":695}},{"name":"Camera","bndbox":{"xmin":589,"ymin":723,"xmax":673,"ymax":786}},{"name":"Camera","bndbox":{"xmin":733,"ymin":503,"xmax":796,"ymax":572}},{"name":"Camera","bndbox":{"xmin":847,"ymin":376,"xmax":928,"ymax":427}}]},"time_labeled":1696071113463,"labeled":true,"size":{"width":1080,"height":1920,"depth":3}}