{"path":"C:\\Samsung Prism\\myvenv\\datasets\\images\\train\\14879.jpg","outputs":{"object":[{"name":"refresh","bndbox":{"xmin":818,"ymin":88,"xmax":911,"ymax":172}},{"name":"more","bndbox":{"xmin":971,"ymin":81,"xmax":1031,"ymax":171}},{"name":"search","bndbox":{"xmin":971,"ymin":210,"xmax":1055,"ymax":279}},{"name":"arrow backward","bndbox":{"xmin":-1,"ymin":100,"xmax":40,"ymax":163}},{"name":"info","bndbox":{"xmin":46,"ymin":1758,"xmax":94,"ymax":1806}},{"name":"arrow forward","bndbox":{"xmin":995,"ymin":364,"xmax":1055,"ymax":442}},{"name":"arrow forward","bndbox":{"xmin":1007,"ymin":496,"xmax":1055,"ymax":569}},{"name":"arrow forward","bndbox":{"xmin":995,"ymin":629,"xmax":1055,"ymax":701}},{"name":"arrow forward","bndbox":{"xmin":995,"ymin":767,"xmax":1055,"ymax":833}},{"name":"arrow forward","bndbox":{"xmin":998,"ymin":893,"xmax":1055,"ymax":953}},{"name":"arrow forward","bndbox":{"xmin":1007,"ymin":1016,"xmax":1046,"ymax":1073}},{"name":"arrow forward","bndbox":{"xmin":1007,"ymin":1148,"xmax":1055,"ymax":1217}},{"name":"arrow forward","bndbox":{"xmin":1007,"ymin":1277,"xmax":1055,"ymax":1337}},{"name":"arrow forward","bndbox":{"xmin":1001,"ymin":1403,"xmax":1046,"ymax":1457}},{"name":"arrow forward","bndbox":{"xmin":998,"ymin":1521,"xmax":1058,"ymax":1602}}]},"time_labeled":1696072805859,"labeled":true,"size":{"width":1080,"height":1920,"depth":3}}