{"path":"C:\\Samsung Prism\\myvenv\\datasets\\images\\train\\14878.jpg","outputs":{"object":[{"name":"refresh","bndbox":{"xmin":803,"ymin":88,"xmax":911,"ymax":166}},{"name":"more","bndbox":{"xmin":983,"ymin":76,"xmax":1043,"ymax":172}},{"name":"arrow backward","bndbox":{"xmin":-1,"ymin":91,"xmax":34,"ymax":160}},{"name":"search","bndbox":{"xmin":971,"ymin":202,"xmax":1055,"ymax":280}},{"name":"info","bndbox":{"xmin":46,"ymin":1752,"xmax":85,"ymax":1794}},{"name":"arrow backward","bndbox":{"xmin":857,"ymin":319,"xmax":923,"ymax":382}},{"name":"arrow forward","bndbox":{"xmin":959,"ymin":319,"xmax":1007,"ymax":382}},{"name":"arrow backward","bndbox":{"xmin":142,"ymin":316,"xmax":190,"ymax":388}},{"name":"pause","bndbox":{"xmin":1,"ymin":415,"xmax":70,"ymax":472}},{"name":"menu","bndbox":{"xmin":971,"ymin":1548,"xmax":1055,"ymax":1629}}]},"time_labeled":1696072552914,"labeled":true,"size":{"width":1080,"height":1920,"depth":3}}