{"path":"C:\\Samsung Prism\\myvenv\\datasets\\images\\train\\14881.jpg","outputs":{"object":[{"name":"arrow backward","bndbox":{"xmin":-1,"ymin":88,"xmax":40,"ymax":178}},{"name":"refresh","bndbox":{"xmin":791,"ymin":76,"xmax":914,"ymax":166}},{"name":"more","bndbox":{"xmin":977,"ymin":76,"xmax":1031,"ymax":172}},{"name":"search","bndbox":{"xmin":959,"ymin":208,"xmax":1055,"ymax":298}},{"name":"arrow forward","bndbox":{"xmin":1001,"ymin":376,"xmax":1049,"ymax":436}},{"name":"arrow forward","bndbox":{"xmin":1007,"ymin":503,"xmax":1055,"ymax":572}},{"name":"arrow forward","bndbox":{"xmin":1007,"ymin":629,"xmax":1055,"ymax":701}},{"name":"arrow forward","bndbox":{"xmin":995,"ymin":761,"xmax":1055,"ymax":824}},{"name":"arrow forward","bndbox":{"xmin":995,"ymin":881,"xmax":1055,"ymax":944}},{"name":"arrow forward","bndbox":{"xmin":998,"ymin":1013,"xmax":1055,"ymax":1085}},{"name":"arrow forward","bndbox":{"xmin":1007,"ymin":1139,"xmax":1058,"ymax":1208}},{"name":"arrow forward","bndbox":{"xmin":1001,"ymin":1277,"xmax":1049,"ymax":1337}},{"name":"arrow forward","bndbox":{"xmin":1007,"ymin":1409,"xmax":1055,"ymax":1460}},{"name":"arrow forward","bndbox":{"xmin":995,"ymin":1542,"xmax":1058,"ymax":1602}},{"name":"info","bndbox":{"xmin":46,"ymin":1758,"xmax":88,"ymax":1794}}]},"time_labeled":1696073057090,"labeled":true,"size":{"width":1080,"height":1920,"depth":3}}