{"path":"C:\\Samsung Prism\\myvenv\\datasets\\images\\train\\14888.jpg","outputs":{"object":[{"name":"menu","bndbox":{"xmin":28,"ymin":103,"xmax":109,"ymax":166}},{"name":"settings","bndbox":{"xmin":959,"ymin":100,"xmax":1049,"ymax":184}},{"name":"arrow backward","bndbox":{"xmin":64,"ymin":364,"xmax":118,"ymax":415}},{"name":"arrow forward","bndbox":{"xmin":947,"ymin":358,"xmax":998,"ymax":418}},{"name":"play","bndbox":{"xmin":160,"ymin":887,"xmax":229,"ymax":947}}]},"time_labeled":1696073239320,"labeled":true,"size":{"width":1080,"height":1920,"depth":3}}