{"path":"C:\\Samsung Prism\\myvenv\\datasets\\images\\train\\14880.jpg","outputs":{"object":[{"name":"arrow backward","bndbox":{"xmin":-1,"ymin":88,"xmax":37,"ymax":166}},{"name":"search","bndbox":{"xmin":927,"ymin":207,"xmax":993,"ymax":279}},{"name":"more","bndbox":{"xmin":983,"ymin":82,"xmax":1031,"ymax":184}},{"name":"add","bndbox":{"xmin":124,"ymin":460,"xmax":190,"ymax":527}},{"name":"share","bndbox":{"xmin":773,"ymin":460,"xmax":851,"ymax":536}},{"name":"play","bndbox":{"xmin":902,"ymin":1409,"xmax":1055,"ymax":1545}},{"name":"play","bndbox":{"xmin":471,"ymin":465,"xmax":520,"ymax":532}},{"name":"info","bndbox":{"xmin":46,"ymin":1746,"xmax":97,"ymax":1794}}]},"time_labeled":1696072951960,"labeled":true,"size":{"width":1080,"height":1920,"depth":3}}