{"path":"C:\\Samsung Prism\\myvenv\\datasets\\images\\train\\14902.jpg","outputs":{"object":[{"name":"arrow backward","bndbox":{"xmin":28,"ymin":114,"xmax":109,"ymax":171}},{"name":"more","bndbox":{"xmin":995,"ymin":91,"xmax":1037,"ymax":172}},{"name":"arrow forward","bndbox":{"xmin":481,"ymin":118,"xmax":563,"ymax":166}},{"name":"expand more","bndbox":{"xmin":611,"ymin":256,"xmax":665,"ymax":316}},{"name":"check","bndbox":{"xmin":725,"ymin":244,"xmax":794,"ymax":316}}]},"time_labeled":1696073696838,"labeled":true,"size":{"width":1080,"height":1920,"depth":3}}