{"path":"C:\\Samsung Prism\\myvenv\\datasets\\images\\train\\14918.jpg","outputs":{"object":[{"name":"notifications","bndbox":{"xmin":863,"ymin":382,"xmax":971,"ymax":490}},{"name":"notifications","bndbox":{"xmin":851,"ymin":713,"xmax":965,"ymax":812}},{"name":"notifications","bndbox":{"xmin":851,"ymin":1133,"xmax":959,"ymax":1241}},{"name":"notifications","bndbox":{"xmin":845,"ymin":1469,"xmax":959,"ymax":1569}},{"name":"menu","bndbox":{"xmin":34,"ymin":100,"xmax":82,"ymax":139}},{"name":"arrow forward","bndbox":{"xmin":995,"ymin":220,"xmax":1031,"ymax":259}},{"name":"play","bndbox":{"xmin":887,"ymin":1668,"xmax":989,"ymax":1761}}]},"time_labeled":1696074361151,"labeled":true,"size":{"width":1080,"height":1920,"depth":3}}