{"path":"C:\\Samsung Prism\\myvenv\\datasets\\images\\train\\14915.jpg","outputs":{"object":[{"name":"arrow backward","bndbox":{"xmin":49,"ymin":76,"xmax":121,"ymax":160}},{"name":"expand more","bndbox":{"xmin":454,"ymin":208,"xmax":515,"ymax":235}},{"name":"expand more","bndbox":{"xmin":621,"ymin":310,"xmax":660,"ymax":355}},{"name":"arrow forward","bndbox":{"xmin":1010,"ymin":307,"xmax":1031,"ymax":343}},{"name":"arrow backward","bndbox":{"xmin":34,"ymin":304,"xmax":70,"ymax":352}},{"name":"notifications","bndbox":{"xmin":863,"ymin":487,"xmax":962,"ymax":581}},{"name":"notifications","bndbox":{"xmin":851,"ymin":809,"xmax":971,"ymax":905}},{"name":"notifications","bndbox":{"xmin":863,"ymin":1133,"xmax":959,"ymax":1217}},{"name":"notifications","bndbox":{"xmin":869,"ymin":1457,"xmax":962,"ymax":1554}}]},"time_labeled":1696074277578,"labeled":true,"size":{"width":1080,"height":1920,"depth":3}}