{"path":"C:\\Samsung Prism\\myvenv\\datasets\\images\\train\\14917.jpg","outputs":{"object":[{"name":"arrow backward","bndbox":{"xmin":37,"ymin":79,"xmax":118,"ymax":160}},{"name":"arrow backward","bndbox":{"xmin":28,"ymin":304,"xmax":73,"ymax":352}},{"name":"expand more","bndbox":{"xmin":454,"ymin":202,"xmax":496,"ymax":244}},{"name":"expand more","bndbox":{"xmin":653,"ymin":307,"xmax":707,"ymax":352}},{"name":"notifications","bndbox":{"xmin":863,"ymin":484,"xmax":959,"ymax":593}},{"name":"notifications","bndbox":{"xmin":839,"ymin":788,"xmax":962,"ymax":893}},{"name":"notifications","bndbox":{"xmin":870,"ymin":1132,"xmax":966,"ymax":1222}},{"name":"notifications","bndbox":{"xmin":854,"ymin":1448,"xmax":962,"ymax":1545}}]},"time_labeled":1696074261511,"labeled":true,"size":{"width":1080,"height":1920,"depth":3}}