{"path":"C:\\Samsung Prism\\myvenv\\datasets\\images\\train\\14922.jpg","outputs":{"object":[{"name":"arrow backward","bndbox":{"xmin":37,"ymin":76,"xmax":130,"ymax":160}},{"name":"arrow backward","bndbox":{"xmin":28,"ymin":292,"xmax":70,"ymax":352}},{"name":"arrow forward","bndbox":{"xmin":1006,"ymin":309,"xmax":1042,"ymax":357}},{"name":"expand more","bndbox":{"xmin":454,"ymin":199,"xmax":515,"ymax":244}},{"name":"expand more","bndbox":{"xmin":593,"ymin":298,"xmax":677,"ymax":358}}]},"time_labeled":1696074533078,"labeled":true,"size":{"width":1080,"height":1920,"depth":3}}