{"path":"C:\\Samsung Prism\\myvenv\\datasets\\images\\train\\14924.jpg","outputs":{"object":[{"name":"menu","bndbox":{"xmin":28,"ymin":88,"xmax":85,"ymax":148}},{"name":"play","bndbox":{"xmin":881,"ymin":1656,"xmax":983,"ymax":1758}},{"name":"notifications","bndbox":{"xmin":863,"ymin":545,"xmax":959,"ymax":644}},{"name":"notifications","bndbox":{"xmin":851,"ymin":1445,"xmax":965,"ymax":1533}},{"name":"play","bndbox":{"xmin":22,"ymin":202,"xmax":61,"ymax":256}}]},"time_labeled":1696074615852,"labeled":true,"size":{"width":1080,"height":1920,"depth":3}}