{"path":"C:\\Samsung Prism\\myvenv\\datasets\\images\\train\\14925.jpg","outputs":{"object":[{"name":"arrow backward","bndbox":{"xmin":46,"ymin":76,"xmax":118,"ymax":172}},{"name":"arrow backward","bndbox":{"xmin":34,"ymin":304,"xmax":82,"ymax":355}},{"name":"arrow forward","bndbox":{"xmin":995,"ymin":298,"xmax":1031,"ymax":343}},{"name":"expand more","bndbox":{"xmin":445,"ymin":190,"xmax":521,"ymax":250}}]},"time_labeled":1696074644291,"labeled":true,"size":{"width":1080,"height":1920,"depth":3}}