{"path":"C:\\Samsung Prism\\myvenv\\datasets\\images\\train\\14936.jpg","outputs":{"object":[{"name":"menu","bndbox":{"xmin":22,"ymin":88,"xmax":94,"ymax":151}},{"name":"expand more","bndbox":{"xmin":710,"ymin":295,"xmax":767,"ymax":343}},{"name":"expand more","bndbox":{"xmin":515,"ymin":202,"xmax":575,"ymax":244}},{"name":"arrow backward","bndbox":{"xmin":34,"ymin":280,"xmax":82,"ymax":340}},{"name":"expand more","bndbox":{"xmin":974,"ymin":484,"xmax":1037,"ymax":545}},{"name":"play","bndbox":{"xmin":899,"ymin":1680,"xmax":995,"ymax":1758}}]},"time_labeled":1696075086469,"labeled":true,"size":{"width":1080,"height":1920,"depth":3}}