{"path":"C:\\Samsung Prism\\myvenv\\datasets\\images\\train\\14937.jpg","outputs":{"object":[{"name":"arrow backward","bndbox":{"xmin":13,"ymin":76,"xmax":124,"ymax":160}},{"name":"search","bndbox":{"xmin":22,"ymin":220,"xmax":133,"ymax":334}},{"name":"arrow forward","bndbox":{"xmin":1010,"ymin":587,"xmax":1067,"ymax":653}},{"name":"arrow forward","bndbox":{"xmin":1007,"ymin":683,"xmax":1061,"ymax":737}},{"name":"arrow forward","bndbox":{"xmin":998,"ymin":773,"xmax":1067,"ymax":833}},{"name":"arrow forward","bndbox":{"xmin":1007,"ymin":863,"xmax":1055,"ymax":923}},{"name":"arrow forward","bndbox":{"xmin":1007,"ymin":953,"xmax":1067,"ymax":1019}},{"name":"arrow forward","bndbox":{"xmin":1013,"ymin":1049,"xmax":1067,"ymax":1097}},{"name":"arrow forward","bndbox":{"xmin":1007,"ymin":1133,"xmax":1070,"ymax":1187}},{"name":"arrow forward","bndbox":{"xmin":995,"ymin":1229,"xmax":1067,"ymax":1283}},{"name":"arrow forward","bndbox":{"xmin":1007,"ymin":1307,"xmax":1067,"ymax":1379}},{"name":"arrow forward","bndbox":{"xmin":1007,"ymin":1409,"xmax":1061,"ymax":1457}},{"name":"arrow forward","bndbox":{"xmin":1007,"ymin":1493,"xmax":1067,"ymax":1557}},{"name":"arrow forward","bndbox":{"xmin":1013,"ymin":1581,"xmax":1070,"ymax":1644}},{"name":"arrow forward","bndbox":{"xmin":1010,"ymin":1674,"xmax":1058,"ymax":1734}}]},"time_labeled":1696075168224,"labeled":true,"size":{"width":1080,"height":1920,"depth":3}}