{"path":"C:\\Samsung Prism\\myvenv\\datasets\\images\\train\\14934.jpg","outputs":{"object":[{"name":"play","bndbox":{"xmin":905,"ymin":1674,"xmax":983,"ymax":1758}},{"name":"menu","bndbox":{"xmin":16,"ymin":100,"xmax":94,"ymax":151}},{"name":"expand more","bndbox":{"xmin":713,"ymin":295,"xmax":779,"ymax":364}},{"name":"arrow backward","bndbox":{"xmin":22,"ymin":283,"xmax":70,"ymax":346}},{"name":"expand more","bndbox":{"xmin":537,"ymin":204,"xmax":564,"ymax":240}},{"name":"expand more","bndbox":{"xmin":998,"ymin":472,"xmax":1034,"ymax":533}}]},"time_labeled":1696074985860,"labeled":true,"size":{"width":1080,"height":1920,"depth":3}}