{"path":"C:\\Samsung Prism\\myvenv\\datasets\\images\\train\\14933.jpg","outputs":{"object":[{"name":"menu","bndbox":{"xmin":22,"ymin":100,"xmax":82,"ymax":160}},{"name":"time","bndbox":{"xmin":13,"ymin":533,"xmax":82,"ymax":593}},{"name":"time","bndbox":{"xmin":10,"ymin":1421,"xmax":82,"ymax":1506}},{"name":"more","bndbox":{"xmin":995,"ymin":1421,"xmax":1061,"ymax":1506}},{"name":"more","bndbox":{"xmin":995,"ymin":515,"xmax":1043,"ymax":581}},{"name":"play","bndbox":{"xmin":899,"ymin":1677,"xmax":995,"ymax":1761}}]},"time_labeled":1696074915074,"labeled":true,"size":{"width":1080,"height":1920,"depth":3}}