{"path":"C:\\Samsung Prism\\myvenv\\datasets\\images\\train\\14948.jpg","outputs":{"object":[{"name":"arrow backward","bndbox":{"xmin":46,"ymin":100,"xmax":109,"ymax":172}},{"name":"search","bndbox":{"xmin":753,"ymin":90,"xmax":840,"ymax":171}},{"name":"share","bndbox":{"xmin":863,"ymin":88,"xmax":935,"ymax":166}},{"name":"Cart","bndbox":{"xmin":887,"ymin":1680,"xmax":995,"ymax":1770}},{"name":"arrow forward","bndbox":{"xmin":334,"ymin":1439,"xmax":409,"ymax":1493}}]},"time_labeled":1696075541520,"labeled":true,"size":{"width":1080,"height":1920,"depth":3}}