{"path":"C:\\Samsung Prism\\myvenv\\datasets\\images\\train\\14955.jpg","outputs":{"object":[{"name":"share","bndbox":{"xmin":952,"ymin":30,"xmax":1069,"ymax":105}},{"name":"arrow backward","bndbox":{"xmin":36,"ymin":43,"xmax":99,"ymax":103}},{"name":"notifications","bndbox":{"xmin":967,"ymin":725,"xmax":1057,"ymax":821}},{"name":"notifications","bndbox":{"xmin":952,"ymin":905,"xmax":1051,"ymax":1013}},{"name":"notifications","bndbox":{"xmin":964,"ymin":1109,"xmax":1057,"ymax":1205}}]},"time_labeled":1696090985896,"labeled":true,"size":{"width":1080,"height":1920,"depth":3}}