{"path":"C:\\Samsung Prism\\myvenv\\datasets\\images\\train\\14969.jpg","outputs":{"object":[{"name":"close","bndbox":{"xmin":961,"ymin":28,"xmax":1057,"ymax":118}},{"name":"close","bndbox":{"xmin":712,"ymin":548,"xmax":781,"ymax":617}},{"name":"close","bndbox":{"xmin":1045,"ymin":1662,"xmax":1081,"ymax":1710}},{"name":"arrow forward","bndbox":{"xmin":349,"ymin":1674,"xmax":457,"ymax":1788}},{"name":"emoji","bndbox":{"xmin":12,"ymin":1500,"xmax":102,"ymax":1581}},{"name":"check","bndbox":{"xmin":12,"ymin":16,"xmax":133,"ymax":118}}]},"time_labeled":1696091483961,"labeled":true,"size":{"width":1080,"height":1920,"depth":3}}