{"path":"C:\\Samsung Prism\\myvenv\\datasets\\images\\train\\14973.jpg","outputs":{"object":[{"name":"Save/Bookmark","bndbox":{"xmin":967,"ymin":19,"xmax":1045,"ymax":106}},{"name":"more","bndbox":{"xmin":24,"ymin":43,"xmax":121,"ymax":100}},{"name":"close","bndbox":{"xmin":6,"ymin":154,"xmax":60,"ymax":208}},{"name":"close","bndbox":{"xmin":1009,"ymin":148,"xmax":1063,"ymax":220}},{"name":"close","bndbox":{"xmin":1039,"ymin":1665,"xmax":1072,"ymax":1698}},{"name":"arrow forward","bndbox":{"xmin":928,"ymin":1692,"xmax":1009,"ymax":1770}},{"name":"menu","bndbox":{"xmin":157,"ymin":1542,"xmax":241,"ymax":1638}}]},"time_labeled":1696091821144,"labeled":true,"size":{"width":1080,"height":1920,"depth":3}}