{"path":"C:\\Samsung Prism\\myvenv\\datasets\\images\\train\\14970.jpg","outputs":{"object":[{"name":"more","bndbox":{"xmin":36,"ymin":40,"xmax":124,"ymax":94}},{"name":"close","bndbox":{"xmin":997,"ymin":160,"xmax":1069,"ymax":232}},{"name":"close","bndbox":{"xmin":1036,"ymin":1662,"xmax":1075,"ymax":1698}},{"name":"arrow forward","bndbox":{"xmin":913,"ymin":1692,"xmax":1009,"ymax":1782}},{"name":"menu","bndbox":{"xmin":139,"ymin":1536,"xmax":241,"ymax":1656}},{"name":"close","bndbox":{"xmin":3,"ymin":160,"xmax":60,"ymax":220}},{"name":"Save/Bookmark","bndbox":{"xmin":973,"ymin":22,"xmax":1051,"ymax":118}}]},"time_labeled":1696091719416,"labeled":true,"size":{"width":1080,"height":1920,"depth":3}}