{"path":"C:\\Samsung Prism\\myvenv\\datasets\\images\\train\\14977.jpg","outputs":{"object":[{"name":"close","bndbox":{"xmin":12,"ymin":154,"xmax":63,"ymax":220}},{"name":"close","bndbox":{"xmin":1009,"ymin":154,"xmax":1069,"ymax":220}},{"name":"close","bndbox":{"xmin":1039,"ymin":1660,"xmax":1075,"ymax":1702}},{"name":"menu","bndbox":{"xmin":136,"ymin":1542,"xmax":253,"ymax":1653}},{"name":"more","bndbox":{"xmin":27,"ymin":40,"xmax":121,"ymax":100}},{"name":"Save/Bookmark","bndbox":{"xmin":961,"ymin":16,"xmax":1045,"ymax":124}}]},"time_labeled":1696091950316,"labeled":true,"size":{"width":1080,"height":1920,"depth":3}}