{"path":"C:\\Samsung Prism\\myvenv\\datasets\\images\\train\\14972.jpg","outputs":{"object":[{"name":"arrow backward","bndbox":{"xmin":15,"ymin":22,"xmax":115,"ymax":115}},{"name":"arrow forward","bndbox":{"xmin":352,"ymin":1692,"xmax":436,"ymax":1770}},{"name":"close","bndbox":{"xmin":1039,"ymin":1660,"xmax":1081,"ymax":1699}},{"name":"chat","bndbox":{"xmin":853,"ymin":1518,"xmax":952,"ymax":1608}},{"name":"Save/Bookmark","bndbox":{"xmin":145,"ymin":1521,"xmax":220,"ymax":1605}},{"name":"emoji","bndbox":{"xmin":487,"ymin":1373,"xmax":592,"ymax":1460}}]},"time_labeled":1696091675207,"labeled":true,"size":{"width":1080,"height":1920,"depth":3}}