{"path":"C:\\Samsung Prism\\myvenv\\datasets\\images\\train\\14974.jpg","outputs":{"object":[{"name":"check","bndbox":{"xmin":24,"ymin":4,"xmax":124,"ymax":118}},{"name":"close","bndbox":{"xmin":949,"ymin":22,"xmax":1057,"ymax":112}},{"name":"close","bndbox":{"xmin":699,"ymin":645,"xmax":789,"ymax":735}},{"name":"close","bndbox":{"xmin":1039,"ymin":1656,"xmax":1075,"ymax":1713}},{"name":"arrow forward","bndbox":{"xmin":348,"ymin":1675,"xmax":456,"ymax":1783}},{"name":"emoji","bndbox":{"xmin":6,"ymin":1495,"xmax":118,"ymax":1588}}]},"time_labeled":1696091900252,"labeled":true,"size":{"width":1080,"height":1920,"depth":3}}