{"path":"C:\\Samsung Prism\\myvenv\\datasets\\images\\train\\14979.jpg","outputs":{"object":[{"name":"emoji","bndbox":{"xmin":6,"ymin":1493,"xmax":109,"ymax":1593}},{"name":"arrow forward","bndbox":{"xmin":340,"ymin":1674,"xmax":457,"ymax":1782}},{"name":"close","bndbox":{"xmin":1033,"ymin":1662,"xmax":1075,"ymax":1704}},{"name":"close","bndbox":{"xmin":955,"ymin":21,"xmax":1069,"ymax":117}},{"name":"close","bndbox":{"xmin":688,"ymin":536,"xmax":769,"ymax":629}},{"name":"Save/Bookmark","bndbox":{"xmin":24,"ymin":16,"xmax":124,"ymax":112}}]},"time_labeled":1696092048343,"labeled":true,"size":{"width":1080,"height":1920,"depth":3}}