{"path":"C:\\Samsung Prism\\myvenv\\datasets\\images\\train\\14978.jpg","outputs":{"object":[{"name":"check","bndbox":{"xmin":36,"ymin":28,"xmax":139,"ymax":112}},{"name":"close","bndbox":{"xmin":949,"ymin":28,"xmax":1045,"ymax":112}},{"name":"close","bndbox":{"xmin":703,"ymin":740,"xmax":805,"ymax":833}},{"name":"close","bndbox":{"xmin":1036,"ymin":1662,"xmax":1081,"ymax":1704}},{"name":"arrow forward","bndbox":{"xmin":336,"ymin":1680,"xmax":468,"ymax":1794}},{"name":"emoji","bndbox":{"xmin":3,"ymin":1493,"xmax":96,"ymax":1602}}]},"time_labeled":1696092006026,"labeled":true,"size":{"width":1080,"height":1920,"depth":3}}