{"path":"C:\\Samsung Prism\\myvenv\\datasets\\images\\train\\14971.jpg","outputs":{"object":[{"name":"menu","bndbox":{"xmin":148,"ymin":1542,"xmax":235,"ymax":1638}},{"name":"close","bndbox":{"xmin":1039,"ymin":1665,"xmax":1075,"ymax":1698}},{"name":"close","bndbox":{"xmin":1003,"ymin":162,"xmax":1069,"ymax":216}},{"name":"close","bndbox":{"xmin":9,"ymin":162,"xmax":63,"ymax":222}},{"name":"more","bndbox":{"xmin":36,"ymin":43,"xmax":109,"ymax":112}},{"name":"arrow forward","bndbox":{"xmin":916,"ymin":1684,"xmax":1009,"ymax":1792}},{"name":"Save/Bookmark","bndbox":{"xmin":961,"ymin":28,"xmax":1057,"ymax":112}}]},"time_labeled":1696091726772,"labeled":true,"size":{"width":1080,"height":1920,"depth":3}}