{"path":"C:\\Samsung Prism\\myvenv\\datasets\\images\\train\\14980.jpg","outputs":{"object":[{"name":"menu","bndbox":{"xmin":127,"ymin":1533,"xmax":241,"ymax":1656}},{"name":"close","bndbox":{"xmin":1033,"ymin":1662,"xmax":1084,"ymax":1701}},{"name":"close","bndbox":{"xmin":1012,"ymin":148,"xmax":1060,"ymax":220}},{"name":"close","bndbox":{"xmin":12,"ymin":160,"xmax":63,"ymax":220}},{"name":"more","bndbox":{"xmin":36,"ymin":43,"xmax":121,"ymax":112}},{"name":"arrow forward","bndbox":{"xmin":907,"ymin":1677,"xmax":1024,"ymax":1782}},{"name":"Save/Bookmark","bndbox":{"xmin":964,"ymin":31,"xmax":1051,"ymax":112}}]},"time_labeled":1696092106998,"labeled":true,"size":{"width":1080,"height":1920,"depth":3}}