{"path":"C:\\Samsung Prism\\myvenv\\datasets\\images\\train\\14994.jpg","outputs":{"object":[{"name":"menu","bndbox":{"xmin":18,"ymin":91,"xmax":115,"ymax":184}},{"name":"star","bndbox":{"xmin":1018,"ymin":339,"xmax":1078,"ymax":393}},{"name":"star","bndbox":{"xmin":1003,"ymin":605,"xmax":1069,"ymax":677}},{"name":"arrow forward","bndbox":{"xmin":1003,"ymin":429,"xmax":1060,"ymax":492}},{"name":"arrow forward","bndbox":{"xmin":997,"ymin":701,"xmax":1057,"ymax":776}},{"name":"arrow forward","bndbox":{"xmin":1009,"ymin":875,"xmax":1057,"ymax":965}},{"name":"arrow forward","bndbox":{"xmin":1003,"ymin":1073,"xmax":1069,"ymax":1157}},{"name":"arrow forward","bndbox":{"xmin":997,"ymin":1280,"xmax":1057,"ymax":1352}},{"name":"arrow forward","bndbox":{"xmin":1003,"ymin":1451,"xmax":1057,"ymax":1536}},{"name":"arrow forward","bndbox":{"xmin":1012,"ymin":1662,"xmax":1069,"ymax":1737}}]},"time_labeled":1696092621555,"labeled":true,"size":{"width":1080,"height":1920,"depth":3}}