{"path":"C:\\Samsung Prism\\myvenv\\datasets\\images\\train\\14996.jpg","outputs":{"object":[{"name":"arrow backward","bndbox":{"xmin":33,"ymin":108,"xmax":118,"ymax":171}},{"name":"share","bndbox":{"xmin":973,"ymin":64,"xmax":1069,"ymax":196}},{"name":"arrow forward","bndbox":{"xmin":1021,"ymin":424,"xmax":1057,"ymax":484}},{"name":"arrow forward","bndbox":{"xmin":1009,"ymin":521,"xmax":1069,"ymax":584}},{"name":"arrow forward","bndbox":{"xmin":1003,"ymin":629,"xmax":1069,"ymax":689}},{"name":"arrow forward","bndbox":{"xmin":1012,"ymin":725,"xmax":1060,"ymax":773}},{"name":"arrow forward","bndbox":{"xmin":1012,"ymin":827,"xmax":1060,"ymax":899}},{"name":"arrow forward","bndbox":{"xmin":1021,"ymin":917,"xmax":1060,"ymax":983}},{"name":"arrow forward","bndbox":{"xmin":1009,"ymin":1013,"xmax":1063,"ymax":1085}},{"name":"arrow forward","bndbox":{"xmin":1021,"ymin":1109,"xmax":1060,"ymax":1181}},{"name":"arrow forward","bndbox":{"xmin":1009,"ymin":1211,"xmax":1060,"ymax":1271}},{"name":"arrow forward","bndbox":{"xmin":1009,"ymin":1304,"xmax":1051,"ymax":1364}},{"name":"arrow forward","bndbox":{"xmin":1009,"ymin":1409,"xmax":1057,"ymax":1469}},{"name":"arrow forward","bndbox":{"xmin":1009,"ymin":1496,"xmax":1063,"ymax":1566}},{"name":"arrow forward","bndbox":{"xmin":1012,"ymin":1596,"xmax":1069,"ymax":1662}},{"name":"star","bndbox":{"xmin":1021,"ymin":334,"xmax":1069,"ymax":400}}]},"time_labeled":1696092739897,"labeled":true,"size":{"width":1080,"height":1920,"depth":3}}