{"path":"C:\\Samsung Prism\\myvenv\\datasets\\images\\train\\14995.jpg","outputs":{"object":[{"name":"share","bndbox":{"xmin":961,"ymin":82,"xmax":1069,"ymax":187}},{"name":"arrow backward","bndbox":{"xmin":36,"ymin":100,"xmax":109,"ymax":163}},{"name":"Bluetooth","bndbox":{"xmin":841,"ymin":1175,"xmax":973,"ymax":1325}},{"name":"star","bndbox":{"xmin":397,"ymin":527,"xmax":448,"ymax":575}},{"name":"star","bndbox":{"xmin":517,"ymin":509,"xmax":580,"ymax":560}},{"name":"star","bndbox":{"xmin":625,"ymin":521,"xmax":667,"ymax":572}}]},"time_labeled":1696092672053,"labeled":true,"size":{"width":1080,"height":1920,"depth":3}}