{"path":"C:\\Samsung Prism\\myvenv\\datasets\\images\\train\\14998.jpg","outputs":{"object":[{"name":"arrow forward","bndbox":{"xmin":1009,"ymin":424,"xmax":1057,"ymax":500}},{"name":"arrow forward","bndbox":{"xmin":1021,"ymin":605,"xmax":1069,"ymax":689}},{"name":"star","bndbox":{"xmin":1015,"ymin":522,"xmax":1075,"ymax":576}},{"name":"star","bndbox":{"xmin":1021,"ymin":328,"xmax":1066,"ymax":403}},{"name":"arrow backward","bndbox":{"xmin":39,"ymin":100,"xmax":121,"ymax":178}},{"name":"star","bndbox":{"xmin":30,"ymin":627,"xmax":169,"ymax":735}}]},"time_labeled":1696092821008,"labeled":true,"size":{"width":1080,"height":1920,"depth":3}}