{"path":"C:\\Samsung Prism\\myvenv\\datasets\\images\\train\\14999.jpg","outputs":{"object":[{"name":"star","bndbox":{"xmin":18,"ymin":605,"xmax":157,"ymax":749}},{"name":"arrow backward","bndbox":{"xmin":36,"ymin":88,"xmax":127,"ymax":187}},{"name":"add","bndbox":{"xmin":846,"ymin":93,"xmax":942,"ymax":192}},{"name":"edit","bndbox":{"xmin":976,"ymin":91,"xmax":1069,"ymax":199}},{"name":"arrow forward","bndbox":{"xmin":1009,"ymin":424,"xmax":1069,"ymax":500}},{"name":"arrow forward","bndbox":{"xmin":1012,"ymin":596,"xmax":1069,"ymax":659}},{"name":"arrow forward","bndbox":{"xmin":1015,"ymin":701,"xmax":1072,"ymax":764}},{"name":"arrow forward","bndbox":{"xmin":1015,"ymin":777,"xmax":1069,"ymax":867}},{"name":"arrow forward","bndbox":{"xmin":1015,"ymin":887,"xmax":1069,"ymax":956}},{"name":"arrow forward","bndbox":{"xmin":1012,"ymin":1001,"xmax":1069,"ymax":1049}},{"name":"arrow forward","bndbox":{"xmin":1009,"ymin":1088,"xmax":1063,"ymax":1157}},{"name":"arrow forward","bndbox":{"xmin":1009,"ymin":1193,"xmax":1072,"ymax":1253}},{"name":"arrow forward","bndbox":{"xmin":1021,"ymin":1289,"xmax":1057,"ymax":1361}},{"name":"arrow forward","bndbox":{"xmin":997,"ymin":1469,"xmax":1057,"ymax":1542}},{"name":"arrow forward","bndbox":{"xmin":1009,"ymin":1573,"xmax":1063,"ymax":1633}}]},"time_labeled":1696092879393,"labeled":true,"size":{"width":1080,"height":1920,"depth":3}}