{"path":"C:\\Samsung Prism\\myvenv\\datasets\\images\\train\\14997.jpg","outputs":{"object":[{"name":"menu","bndbox":{"xmin":3,"ymin":100,"xmax":121,"ymax":175}},{"name":"search","bndbox":{"xmin":955,"ymin":64,"xmax":1069,"ymax":190}},{"name":"arrow forward","bndbox":{"xmin":1009,"ymin":484,"xmax":1057,"ymax":545}},{"name":"arrow forward","bndbox":{"xmin":1003,"ymin":584,"xmax":1057,"ymax":644}},{"name":"arrow forward","bndbox":{"xmin":1021,"ymin":680,"xmax":1069,"ymax":749}},{"name":"arrow forward","bndbox":{"xmin":1021,"ymin":779,"xmax":1069,"ymax":839}},{"name":"arrow forward","bndbox":{"xmin":1021,"ymin":881,"xmax":1069,"ymax":941}},{"name":"arrow forward","bndbox":{"xmin":1009,"ymin":983,"xmax":1069,"ymax":1049}},{"name":"arrow forward","bndbox":{"xmin":1009,"ymin":1073,"xmax":1069,"ymax":1139}},{"name":"arrow forward","bndbox":{"xmin":1012,"ymin":1157,"xmax":1057,"ymax":1241}},{"name":"arrow forward","bndbox":{"xmin":1012,"ymin":1265,"xmax":1057,"ymax":1337}},{"name":"arrow forward","bndbox":{"xmin":1009,"ymin":1373,"xmax":1057,"ymax":1421}},{"name":"arrow forward","bndbox":{"xmin":1021,"ymin":1463,"xmax":1069,"ymax":1530}},{"name":"arrow forward","bndbox":{"xmin":1015,"ymin":1560,"xmax":1057,"ymax":1644}}]},"time_labeled":1696092784007,"labeled":true,"size":{"width":1080,"height":1920,"depth":3}}