{"path":"C:\\Samsung Prism\\myvenv\\datasets\\images\\train\\15007.jpg","outputs":{"object":[{"name":"arrow forward","bndbox":{"xmin":1003,"ymin":484,"xmax":1060,"ymax":557}},{"name":"arrow forward","bndbox":{"xmin":1003,"ymin":584,"xmax":1069,"ymax":647}},{"name":"arrow forward","bndbox":{"xmin":997,"ymin":689,"xmax":1063,"ymax":749}},{"name":"arrow forward","bndbox":{"xmin":997,"ymin":779,"xmax":1057,"ymax":845}},{"name":"arrow forward","bndbox":{"xmin":1003,"ymin":875,"xmax":1069,"ymax":941}},{"name":"arrow forward","bndbox":{"xmin":1009,"ymin":977,"xmax":1063,"ymax":1037}},{"name":"arrow forward","bndbox":{"xmin":1009,"ymin":1079,"xmax":1072,"ymax":1139}},{"name":"arrow forward","bndbox":{"xmin":1009,"ymin":1163,"xmax":1063,"ymax":1235}},{"name":"arrow forward","bndbox":{"xmin":1003,"ymin":1267,"xmax":1063,"ymax":1327}},{"name":"arrow forward","bndbox":{"xmin":1012,"ymin":1361,"xmax":1060,"ymax":1439}},{"name":"arrow forward","bndbox":{"xmin":1009,"ymin":1468,"xmax":1069,"ymax":1529}},{"name":"arrow forward","bndbox":{"xmin":997,"ymin":1567,"xmax":1069,"ymax":1636}},{"name":"arrow forward","bndbox":{"xmin":1009,"ymin":1651,"xmax":1057,"ymax":1720}},{"name":"search","bndbox":{"xmin":961,"ymin":100,"xmax":1057,"ymax":184}},{"name":"menu","bndbox":{"xmin":24,"ymin":100,"xmax":112,"ymax":172}}]},"time_labeled":1696161260428,"labeled":true,"size":{"width":1080,"height":1920,"depth":3}}