{"path":"C:\\Samsung Prism\\myvenv\\datasets\\images\\train\\15000.jpg","outputs":{"object":[{"name":"arrow forward","bndbox":{"xmin":984,"ymin":477,"xmax":1068,"ymax":580}},{"name":"arrow forward","bndbox":{"xmin":1003,"ymin":665,"xmax":1069,"ymax":725}},{"name":"arrow forward","bndbox":{"xmin":991,"ymin":749,"xmax":1069,"ymax":836}},{"name":"arrow forward","bndbox":{"xmin":1000,"ymin":863,"xmax":1057,"ymax":929}},{"name":"arrow forward","bndbox":{"xmin":997,"ymin":971,"xmax":1057,"ymax":1049}},{"name":"arrow forward","bndbox":{"xmin":1009,"ymin":1145,"xmax":1060,"ymax":1211}},{"name":"arrow forward","bndbox":{"xmin":1009,"ymin":1313,"xmax":1069,"ymax":1397}},{"name":"arrow forward","bndbox":{"xmin":1021,"ymin":1409,"xmax":1066,"ymax":1493}},{"name":"arrow forward","bndbox":{"xmin":1009,"ymin":1516,"xmax":1078,"ymax":1576}},{"name":"arrow forward","bndbox":{"xmin":997,"ymin":1620,"xmax":1057,"ymax":1686}},{"name":"arrow backward","bndbox":{"xmin":36,"ymin":112,"xmax":103,"ymax":175}},{"name":"star","bndbox":{"xmin":465,"ymin":307,"xmax":549,"ymax":367}},{"name":"share","bndbox":{"xmin":961,"ymin":76,"xmax":1069,"ymax":178}}]},"time_labeled":1696093050695,"labeled":true,"size":{"width":1080,"height":1920,"depth":3}}