{"path":"C:\\Samsung Prism\\myvenv\\datasets\\images\\train\\15003.jpg","outputs":{"object":[{"name":"arrow backward","bndbox":{"xmin":45,"ymin":105,"xmax":105,"ymax":174}},{"name":"star","bndbox":{"xmin":24,"ymin":620,"xmax":151,"ymax":740}},{"name":"arrow forward","bndbox":{"xmin":1012,"ymin":420,"xmax":1060,"ymax":480}},{"name":"arrow forward","bndbox":{"xmin":1009,"ymin":533,"xmax":1069,"ymax":599}},{"name":"arrow forward","bndbox":{"xmin":1012,"ymin":617,"xmax":1057,"ymax":680}},{"name":"arrow forward","bndbox":{"xmin":1003,"ymin":707,"xmax":1057,"ymax":779}},{"name":"arrow forward","bndbox":{"xmin":1012,"ymin":809,"xmax":1060,"ymax":869}},{"name":"arrow forward","bndbox":{"xmin":1012,"ymin":896,"xmax":1069,"ymax":977}},{"name":"arrow forward","bndbox":{"xmin":1012,"ymin":1012,"xmax":1072,"ymax":1072}},{"name":"arrow forward","bndbox":{"xmin":1015,"ymin":1109,"xmax":1057,"ymax":1169}},{"name":"arrow forward","bndbox":{"xmin":1015,"ymin":1205,"xmax":1057,"ymax":1259}},{"name":"arrow forward","bndbox":{"xmin":1012,"ymin":1313,"xmax":1063,"ymax":1364}},{"name":"arrow forward","bndbox":{"xmin":1012,"ymin":1400,"xmax":1060,"ymax":1457}},{"name":"arrow forward","bndbox":{"xmin":1021,"ymin":1496,"xmax":1057,"ymax":1572}},{"name":"arrow forward","bndbox":{"xmin":1012,"ymin":1602,"xmax":1057,"ymax":1662}}]},"time_labeled":1696093242709,"labeled":true,"size":{"width":1080,"height":1920,"depth":3}}