{"path":"C:\\Samsung Prism\\myvenv\\datasets\\images\\train\\15005.jpg","outputs":{"object":[{"name":"arrow forward","bndbox":{"xmin":1021,"ymin":417,"xmax":1060,"ymax":489}},{"name":"arrow forward","bndbox":{"xmin":1009,"ymin":605,"xmax":1057,"ymax":665}},{"name":"arrow forward","bndbox":{"xmin":1012,"ymin":701,"xmax":1057,"ymax":761}},{"name":"arrow forward","bndbox":{"xmin":1015,"ymin":797,"xmax":1057,"ymax":860}},{"name":"arrow forward","bndbox":{"xmin":1015,"ymin":896,"xmax":1057,"ymax":965}},{"name":"arrow forward","bndbox":{"xmin":1012,"ymin":1001,"xmax":1060,"ymax":1055}},{"name":"arrow forward","bndbox":{"xmin":1009,"ymin":1085,"xmax":1057,"ymax":1157}},{"name":"arrow forward","bndbox":{"xmin":1009,"ymin":1193,"xmax":1057,"ymax":1253}},{"name":"arrow forward","bndbox":{"xmin":1021,"ymin":1289,"xmax":1057,"ymax":1349}},{"name":"arrow forward","bndbox":{"xmin":1009,"ymin":1469,"xmax":1057,"ymax":1530}},{"name":"arrow forward","bndbox":{"xmin":1012,"ymin":1560,"xmax":1060,"ymax":1626}},{"name":"arrow backward","bndbox":{"xmin":24,"ymin":100,"xmax":121,"ymax":172}},{"name":"star","bndbox":{"xmin":1021,"ymin":509,"xmax":1069,"ymax":581}},{"name":"star","bndbox":{"xmin":1009,"ymin":328,"xmax":1069,"ymax":394}},{"name":"star","bndbox":{"xmin":1000,"ymin":1373,"xmax":1069,"ymax":1436}},{"name":"share","bndbox":{"xmin":961,"ymin":91,"xmax":1069,"ymax":196}}]},"time_labeled":1696161041417,"labeled":true,"size":{"width":1080,"height":1920,"depth":3}}