{"path":"C:\\Samsung Prism\\myvenv\\datasets\\images\\train\\15002.jpg","outputs":{"object":[{"name":"star","bndbox":{"xmin":1012,"ymin":340,"xmax":1063,"ymax":400}},{"name":"star","bndbox":{"xmin":1009,"ymin":515,"xmax":1069,"ymax":593}},{"name":"arrow forward","bndbox":{"xmin":997,"ymin":424,"xmax":1057,"ymax":484}},{"name":"arrow forwarrd","bndbox":{"xmin":1012,"ymin":603,"xmax":1063,"ymax":675}},{"name":"menu","bndbox":{"xmin":18,"ymin":100,"xmax":145,"ymax":187}}]},"time_labeled":1696093158927,"labeled":true,"size":{"width":1080,"height":1920,"depth":3}}