{"path":"C:\\Samsung Prism\\myvenv\\datasets\\images\\train\\15001.jpg","outputs":{"object":[{"name":"arrow forward","bndbox":{"xmin":1012,"ymin":436,"xmax":1069,"ymax":496}},{"name":"arrow forward","bndbox":{"xmin":1009,"ymin":605,"xmax":1057,"ymax":665}},{"name":"arrow forward","bndbox":{"xmin":1009,"ymin":707,"xmax":1057,"ymax":773}},{"name":"arrow forward","bndbox":{"xmin":1012,"ymin":803,"xmax":1060,"ymax":857}},{"name":"arrow forward","bndbox":{"xmin":1000,"ymin":884,"xmax":1057,"ymax":956}},{"name":"arrow forward","bndbox":{"xmin":1012,"ymin":1000,"xmax":1060,"ymax":1060}},{"name":"arrow forward","bndbox":{"xmin":1018,"ymin":1087,"xmax":1072,"ymax":1156}},{"name":"arrow forward","bndbox":{"xmin":1009,"ymin":1193,"xmax":1063,"ymax":1265}},{"name":"arrow forward","bndbox":{"xmin":1009,"ymin":1295,"xmax":1057,"ymax":1352}},{"name":"arrow forward","bndbox":{"xmin":997,"ymin":1472,"xmax":1057,"ymax":1530}},{"name":"arrow forward","bndbox":{"xmin":997,"ymin":1569,"xmax":1057,"ymax":1626}},{"name":"add","bndbox":{"xmin":841,"ymin":88,"xmax":943,"ymax":187}},{"name":"menu","bndbox":{"xmin":24,"ymin":91,"xmax":115,"ymax":172}},{"name":"edit","bndbox":{"xmin":964,"ymin":88,"xmax":1057,"ymax":187}}]},"time_labeled":1696093123897,"labeled":true,"size":{"width":1080,"height":1920,"depth":3}}