{"path":"C:\\Samsung Prism\\myvenv\\datasets\\images\\train\\15009.jpg","outputs":{"object":[{"name":"arrow forward","bndbox":{"xmin":1012,"ymin":429,"xmax":1063,"ymax":489}},{"name":"arrow forward","bndbox":{"xmin":1009,"ymin":522,"xmax":1069,"ymax":582}},{"name":"arrow forward","bndbox":{"xmin":1006,"ymin":621,"xmax":1063,"ymax":681}},{"name":"arrow forward","bndbox":{"xmin":1009,"ymin":713,"xmax":1060,"ymax":788}},{"name":"arrow forward","bndbox":{"xmin":1000,"ymin":815,"xmax":1063,"ymax":881}},{"name":"arrow forward","bndbox":{"xmin":1009,"ymin":911,"xmax":1069,"ymax":980}},{"name":"arrow forward","bndbox":{"xmin":1009,"ymin":1013,"xmax":1063,"ymax":1079}},{"name":"arrow forward","bndbox":{"xmin":1009,"ymin":1109,"xmax":1069,"ymax":1184}},{"name":"arrow forward","bndbox":{"xmin":1015,"ymin":1199,"xmax":1069,"ymax":1283}},{"name":"arrow forward","bndbox":{"xmin":1003,"ymin":1312,"xmax":1063,"ymax":1372}},{"name":"arrow forward","bndbox":{"xmin":1003,"ymin":1390,"xmax":1069,"ymax":1456}},{"name":"arrow forward","bndbox":{"xmin":1012,"ymin":1493,"xmax":1069,"ymax":1560}},{"name":"arrow forward","bndbox":{"xmin":1000,"ymin":1576,"xmax":1066,"ymax":1660}},{"name":"arrow forward","bndbox":{"xmin":1012,"ymin":1677,"xmax":1072,"ymax":1764}},{"name":"arrow backward","bndbox":{"xmin":36,"ymin":81,"xmax":133,"ymax":201}},{"name":"star","bndbox":{"xmin":27,"ymin":605,"xmax":157,"ymax":749}}]},"time_labeled":1696161708931,"labeled":true,"size":{"width":1080,"height":1920,"depth":3}}