{"path":"C:\\Samsung Prism\\myvenv\\datasets\\images\\train\\15006.jpg","outputs":{"object":[{"name":"menu","bndbox":{"xmin":27,"ymin":88,"xmax":112,"ymax":184}},{"name":"arrow forward","bndbox":{"xmin":1000,"ymin":415,"xmax":1057,"ymax":487}},{"name":"arrow forward","bndbox":{"xmin":1000,"ymin":521,"xmax":1060,"ymax":593}},{"name":"arrow forward","bndbox":{"xmin":1003,"ymin":629,"xmax":1057,"ymax":692}},{"name":"arrow forward","bndbox":{"xmin":1021,"ymin":716,"xmax":1063,"ymax":776}},{"name":"arrow forward","bndbox":{"xmin":1003,"ymin":821,"xmax":1057,"ymax":881}},{"name":"arrow forward","bndbox":{"xmin":1003,"ymin":905,"xmax":1057,"ymax":980}},{"name":"arrow forward","bndbox":{"xmin":1015,"ymin":1013,"xmax":1060,"ymax":1079}},{"name":"arrow forward","bndbox":{"xmin":1009,"ymin":1109,"xmax":1060,"ymax":1181}},{"name":"arrow forward","bndbox":{"xmin":1009,"ymin":1205,"xmax":1060,"ymax":1265}},{"name":"arrow forward","bndbox":{"xmin":1009,"ymin":1301,"xmax":1069,"ymax":1373}},{"name":"arrow forward","bndbox":{"xmin":1009,"ymin":1397,"xmax":1060,"ymax":1460}},{"name":"arrow forward","bndbox":{"xmin":1015,"ymin":1493,"xmax":1069,"ymax":1566}},{"name":"arrow forward","bndbox":{"xmin":1000,"ymin":1602,"xmax":1069,"ymax":1662}}]},"time_labeled":1696161173198,"labeled":true,"size":{"width":1080,"height":1920,"depth":3}}