{"path":"C:\\Samsung Prism\\myvenv\\datasets\\images\\train\\15008.jpg","outputs":{"object":[{"name":"arrow backward","bndbox":{"xmin":36,"ymin":100,"xmax":121,"ymax":172}},{"name":"search","bndbox":{"xmin":964,"ymin":100,"xmax":1057,"ymax":190}},{"name":"star","bndbox":{"xmin":15,"ymin":617,"xmax":160,"ymax":761}},{"name":"arrow forward","bndbox":{"xmin":1003,"ymin":477,"xmax":1066,"ymax":550}},{"name":"arrow forward","bndbox":{"xmin":1009,"ymin":581,"xmax":1069,"ymax":653}},{"name":"arrow forward","bndbox":{"xmin":1012,"ymin":680,"xmax":1069,"ymax":752}},{"name":"arrow forward","bndbox":{"xmin":1009,"ymin":779,"xmax":1069,"ymax":857}},{"name":"arrow forward","bndbox":{"xmin":1009,"ymin":881,"xmax":1063,"ymax":944}},{"name":"arrow forward","bndbox":{"xmin":1000,"ymin":971,"xmax":1063,"ymax":1049}},{"name":"arrow forward","bndbox":{"xmin":1012,"ymin":1066,"xmax":1069,"ymax":1150}},{"name":"arrow forward","bndbox":{"xmin":1009,"ymin":1174,"xmax":1063,"ymax":1240}},{"name":"arrow forward","bndbox":{"xmin":1009,"ymin":1268,"xmax":1063,"ymax":1337}},{"name":"arrow forward","bndbox":{"xmin":1009,"ymin":1367,"xmax":1057,"ymax":1433}},{"name":"arrow forward","bndbox":{"xmin":1009,"ymin":1463,"xmax":1060,"ymax":1536}},{"name":"arrow forward","bndbox":{"xmin":1009,"ymin":1566,"xmax":1057,"ymax":1626}}]},"time_labeled":1696161623725,"labeled":true,"size":{"width":1080,"height":1920,"depth":3}}