{"path":"C:\\Samsung Prism\\myvenv\\datasets\\images\\train\\15004.jpg","outputs":{"object":[{"name":"arrow forward","bndbox":{"xmin":997,"ymin":427,"xmax":1057,"ymax":496}},{"name":"arrow forward","bndbox":{"xmin":1012,"ymin":519,"xmax":1060,"ymax":600}},{"name":"arrow forward","bndbox":{"xmin":1012,"ymin":612,"xmax":1060,"ymax":684}},{"name":"arrow forward","bndbox":{"xmin":1009,"ymin":713,"xmax":1057,"ymax":788}},{"name":"arrow forward","bndbox":{"xmin":1015,"ymin":812,"xmax":1063,"ymax":869}},{"name":"arrow forward","bndbox":{"xmin":1018,"ymin":909,"xmax":1066,"ymax":984}},{"name":"arrow forward","bndbox":{"xmin":1009,"ymin":1007,"xmax":1063,"ymax":1085}},{"name":"arrow forward","bndbox":{"xmin":1021,"ymin":1109,"xmax":1057,"ymax":1184}},{"name":"arrow forward","bndbox":{"xmin":1018,"ymin":1204,"xmax":1066,"ymax":1267}},{"name":"arrow forward","bndbox":{"xmin":1015,"ymin":1304,"xmax":1069,"ymax":1373}},{"name":"arrow forward","bndbox":{"xmin":1009,"ymin":1403,"xmax":1063,"ymax":1463}},{"name":"arrow forward","bndbox":{"xmin":1018,"ymin":1510,"xmax":1060,"ymax":1570}},{"name":"arrow forward","bndbox":{"xmin":1015,"ymin":1600,"xmax":1069,"ymax":1660}},{"name":"arrow forward","bndbox":{"xmin":1009,"ymin":1686,"xmax":1063,"ymax":1758}},{"name":"menu","bndbox":{"xmin":12,"ymin":88,"xmax":127,"ymax":178}}]},"time_labeled":1696160913424,"labeled":true,"size":{"width":1080,"height":1920,"depth":3}}