{"path":"C:\\Samsung Prism\\myvenv\\datasets\\images\\train\\15018.jpg","outputs":{"object":[{"name":"arrow backward","bndbox":{"xmin":42,"ymin":94,"xmax":109,"ymax":172}},{"name":"share","bndbox":{"xmin":823,"ymin":88,"xmax":937,"ymax":187}},{"name":"share","bndbox":{"xmin":18,"ymin":1169,"xmax":145,"ymax":1307}},{"name":"settings","bndbox":{"xmin":961,"ymin":88,"xmax":1069,"ymax":196}},{"name":"settings","bndbox":{"xmin":24,"ymin":812,"xmax":151,"ymax":965}},{"name":"time","bndbox":{"xmin":21,"ymin":207,"xmax":150,"ymax":330}}]},"time_labeled":1696162315712,"labeled":true,"size":{"width":1080,"height":1920,"depth":3}}