{"path":"C:\\Samsung Prism\\myvenv\\datasets\\images\\train\\15012.jpg","outputs":{"object":[{"name":"arrow backward","bndbox":{"xmin":24,"ymin":106,"xmax":124,"ymax":184}},{"name":"share","bndbox":{"xmin":955,"ymin":79,"xmax":1069,"ymax":199}},{"name":"star","bndbox":{"xmin":385,"ymin":515,"xmax":481,"ymax":596}},{"name":"star","bndbox":{"xmin":505,"ymin":500,"xmax":577,"ymax":563}},{"name":"star","bndbox":{"xmin":613,"ymin":521,"xmax":685,"ymax":593}}]},"time_labeled":1696161908773,"labeled":true,"size":{"width":1080,"height":1920,"depth":3}}