{"path":"C:\\Samsung Prism\\myvenv\\datasets\\images\\train\\15013.jpg","outputs":{"object":[{"name":"menu","bndbox":{"xmin":24,"ymin":88,"xmax":136,"ymax":184}},{"name":"share","bndbox":{"xmin":844,"ymin":88,"xmax":940,"ymax":184}},{"name":"settings","bndbox":{"xmin":973,"ymin":88,"xmax":1063,"ymax":184}},{"name":"arrow backward","bndbox":{"xmin":39,"ymin":223,"xmax":172,"ymax":322}},{"name":"arrow forward","bndbox":{"xmin":36,"ymin":333,"xmax":205,"ymax":468}},{"name":"add","bndbox":{"xmin":867,"ymin":1288,"xmax":1011,"ymax":1438}},{"name":"close","bndbox":{"xmin":913,"ymin":1581,"xmax":961,"ymax":1629}}]},"time_labeled":1696161974574,"labeled":true,"size":{"width":1080,"height":1920,"depth":3}}