{"path":"C:\\Samsung Prism\\myvenv\\datasets\\images\\train\\15010.jpg","outputs":{"object":[{"name":"share","bndbox":{"xmin":24,"ymin":94,"xmax":121,"ymax":184}},{"name":"arrow backward","bndbox":{"xmin":943,"ymin":88,"xmax":1060,"ymax":196}},{"name":"star","bndbox":{"xmin":498,"ymin":483,"xmax":576,"ymax":562}},{"name":"star","bndbox":{"xmin":604,"ymin":521,"xmax":676,"ymax":581}},{"name":"star","bndbox":{"xmin":397,"ymin":525,"xmax":469,"ymax":576}}]},"time_labeled":1696161765612,"labeled":true,"size":{"width":1080,"height":1920,"depth":3}}