{"path":"C:\\Samsung Prism\\myvenv\\datasets\\images\\train\\15011.jpg","outputs":{"object":[{"name":"arrow backward","bndbox":{"xmin":27,"ymin":96,"xmax":115,"ymax":174}},{"name":"search","bndbox":{"xmin":967,"ymin":88,"xmax":1069,"ymax":184}},{"name":"star","bndbox":{"xmin":15,"ymin":608,"xmax":151,"ymax":752}},{"name":"arrow forward","bndbox":{"xmin":1009,"ymin":478,"xmax":1069,"ymax":560}},{"name":"arrow forward","bndbox":{"xmin":1003,"ymin":581,"xmax":1069,"ymax":653}},{"name":"arrow forward","bndbox":{"xmin":1012,"ymin":681,"xmax":1069,"ymax":759}},{"name":"arrow forward","bndbox":{"xmin":1003,"ymin":776,"xmax":1069,"ymax":845}},{"name":"arrow forward","bndbox":{"xmin":997,"ymin":869,"xmax":1069,"ymax":941}},{"name":"arrow forward","bndbox":{"xmin":1012,"ymin":975,"xmax":1075,"ymax":1038}},{"name":"arrow forward","bndbox":{"xmin":1000,"ymin":1073,"xmax":1063,"ymax":1145}},{"name":"arrow forward","bndbox":{"xmin":996,"ymin":1174,"xmax":1071,"ymax":1255}},{"name":"arrow forward","bndbox":{"xmin":997,"ymin":1271,"xmax":1069,"ymax":1337}},{"name":"arrow forward","bndbox":{"xmin":1003,"ymin":1372,"xmax":1063,"ymax":1441}},{"name":"arrow forward","bndbox":{"xmin":1000,"ymin":1462,"xmax":1069,"ymax":1535}},{"name":"arrow forward","bndbox":{"xmin":997,"ymin":1554,"xmax":1069,"ymax":1641}},{"name":"arrow forward","bndbox":{"xmin":1009,"ymin":1657,"xmax":1075,"ymax":1729}}]},"time_labeled":1696161881227,"labeled":true,"size":{"width":1080,"height":1920,"depth":3}}