{"path":"C:\\Samsung Prism\\myvenv\\datasets\\images\\train\\15014.jpg","outputs":{"object":[{"name":"arrow backward","bndbox":{"xmin":24,"ymin":100,"xmax":115,"ymax":190}},{"name":"time","bndbox":{"xmin":9,"ymin":207,"xmax":147,"ymax":333}},{"name":"share","bndbox":{"xmin":832,"ymin":88,"xmax":937,"ymax":187}},{"name":"settings","bndbox":{"xmin":951,"ymin":94,"xmax":1071,"ymax":187}},{"name":"share","bndbox":{"xmin":12,"ymin":1169,"xmax":157,"ymax":1289}},{"name":"settings","bndbox":{"xmin":18,"ymin":821,"xmax":145,"ymax":959}}]},"time_labeled":1696162326788,"labeled":true,"size":{"width":1080,"height":1920,"depth":3}}