{"path":"C:\\Samsung Prism\\myvenv\\datasets\\images\\train\\15015.jpg","outputs":{"object":[{"name":"settings","bndbox":{"xmin":972,"ymin":87,"xmax":1071,"ymax":189}},{"name":"share","bndbox":{"xmin":817,"ymin":88,"xmax":940,"ymax":187}},{"name":"menu","bndbox":{"xmin":24,"ymin":87,"xmax":112,"ymax":189}},{"name":"arrow backward","bndbox":{"xmin":0,"ymin":220,"xmax":184,"ymax":355}},{"name":"more","bndbox":{"xmin":865,"ymin":220,"xmax":1072,"ymax":346}},{"name":"close","bndbox":{"xmin":-5,"ymin":1756,"xmax":39,"ymax":1795}}]},"time_labeled":1696162180887,"labeled":true,"size":{"width":1080,"height":1920,"depth":3}}