{"path":"C:\\Samsung Prism\\myvenv\\datasets\\images\\train\\15022.jpg","outputs":{"object":[{"name":"time","bndbox":{"xmin":12,"ymin":208,"xmax":151,"ymax":328}},{"name":"arrow backward","bndbox":{"xmin":21,"ymin":102,"xmax":115,"ymax":168}},{"name":"share","bndbox":{"xmin":835,"ymin":82,"xmax":949,"ymax":190}},{"name":"share","bndbox":{"xmin":12,"ymin":1163,"xmax":145,"ymax":1304}},{"name":"settings","bndbox":{"xmin":15,"ymin":827,"xmax":145,"ymax":959}},{"name":"settings","bndbox":{"xmin":961,"ymin":87,"xmax":1069,"ymax":195}}]},"time_labeled":1696162528147,"labeled":true,"size":{"width":1080,"height":1920,"depth":3}}