{"path":"C:\\Samsung Prism\\myvenv\\datasets\\images\\train\\15021.jpg","outputs":{"object":[{"name":"arrow backward","bndbox":{"xmin":36,"ymin":88,"xmax":112,"ymax":199}},{"name":"share","bndbox":{"xmin":829,"ymin":91,"xmax":937,"ymax":184}},{"name":"share","bndbox":{"xmin":12,"ymin":1169,"xmax":145,"ymax":1295}},{"name":"settings","bndbox":{"xmin":961,"ymin":88,"xmax":1069,"ymax":178}},{"name":"settings","bndbox":{"xmin":12,"ymin":833,"xmax":148,"ymax":953}},{"name":"time","bndbox":{"xmin":24,"ymin":208,"xmax":151,"ymax":322}}]},"time_labeled":1696162487115,"labeled":true,"size":{"width":1080,"height":1920,"depth":3}}