{"path":"C:\\Samsung Prism\\myvenv\\datasets\\images\\train\\15024.jpg","outputs":{"object":[{"name":"close","bndbox":{"xmin":925,"ymin":1584,"xmax":961,"ymax":1629}},{"name":"menu","bndbox":{"xmin":24,"ymin":94,"xmax":121,"ymax":178}},{"name":"share","bndbox":{"xmin":829,"ymin":76,"xmax":940,"ymax":187}},{"name":"settings","bndbox":{"xmin":963,"ymin":81,"xmax":1068,"ymax":198}},{"name":"arrow forward","bndbox":{"xmin":613,"ymin":707,"xmax":949,"ymax":857}},{"name":"arrow backward","bndbox":{"xmin":109,"ymin":695,"xmax":469,"ymax":845}}]},"time_labeled":1696162622452,"labeled":true,"size":{"width":1080,"height":1920,"depth":3}}