{"path":"C:\\Samsung Prism\\myvenv\\datasets\\images\\train\\15020.jpg","outputs":{"object":[{"name":"add","bndbox":{"xmin":859,"ymin":1301,"xmax":1021,"ymax":1448}},{"name":"close","bndbox":{"xmin":913,"ymin":1576,"xmax":964,"ymax":1630}},{"name":"settings","bndbox":{"xmin":967,"ymin":88,"xmax":1060,"ymax":196}},{"name":"menu","bndbox":{"xmin":18,"ymin":88,"xmax":124,"ymax":172}},{"name":"share","bndbox":{"xmin":829,"ymin":88,"xmax":943,"ymax":184}},{"name":"arrow backward","bndbox":{"xmin":48,"ymin":208,"xmax":169,"ymax":328}},{"name":"arrow forward","bndbox":{"xmin":42,"ymin":340,"xmax":163,"ymax":460}}]},"time_labeled":1696162434450,"labeled":true,"size":{"width":1080,"height":1920,"depth":3}}