{"path":"C:\\Samsung Prism\\myvenv\\datasets\\images\\train\\15032.jpg","outputs":{"object":[{"name":"arrow backward","bndbox":{"xmin":16,"ymin":44,"xmax":56,"ymax":88}},{"name":"more","bndbox":{"xmin":494,"ymin":47,"xmax":519,"ymax":89}},{"name":"info","bndbox":{"xmin":19,"ymin":122,"xmax":55,"ymax":170}},{"name":"refresh","bndbox":{"xmin":19,"ymin":596,"xmax":55,"ymax":640}},{"name":"settings","bndbox":{"xmin":19,"ymin":674,"xmax":62,"ymax":728}}]},"time_labeled":1696162825519,"labeled":true,"size":{"width":540,"height":960,"depth":3}}