{"path":"C:\\Samsung Prism\\myvenv\\datasets\\images\\train\\15039.jpg","outputs":{"object":[{"name":"share","bndbox":{"xmin":485,"ymin":43,"xmax":531,"ymax":85}},{"name":"star","bndbox":{"xmin":293,"ymin":47,"xmax":350,"ymax":95}},{"name":"arrow backward","bndbox":{"xmin":13,"ymin":50,"xmax":56,"ymax":86}},{"name":"call","bndbox":{"xmin":67,"ymin":832,"xmax":115,"ymax":878}},{"name":"chat","bndbox":{"xmin":419,"ymin":832,"xmax":479,"ymax":876}}]},"time_labeled":1696163081133,"labeled":true,"size":{"width":540,"height":960,"depth":3}}