{"path":"C:\\Samsung Prism\\myvenv\\datasets\\images\\train\\15042.jpg","outputs":{"object":[{"name":"Camera","bndbox":{"xmin":0,"ymin":317,"xmax":35,"ymax":359}},{"name":"search","bndbox":{"xmin":-4,"ymin":236,"xmax":31,"ymax":275}},{"name":"star","bndbox":{"xmin":-3,"ymin":658,"xmax":32,"ymax":704}},{"name":"settings","bndbox":{"xmin":-1,"ymin":829,"xmax":44,"ymax":877}},{"name":"add","bndbox":{"xmin":440,"ymin":790,"xmax":522,"ymax":881}}]},"time_labeled":1696163237841,"labeled":true,"size":{"width":540,"height":960,"depth":3}}