{"path":"C:\\Samsung Prism\\myvenv\\datasets\\images\\train\\15052.jpg","outputs":{"object":[{"name":"arrow backward","bndbox":{"xmin":12,"ymin":91,"xmax":127,"ymax":184}},{"name":"arrow forward","bndbox":{"xmin":973,"ymin":268,"xmax":1057,"ymax":352}},{"name":"arrow forward","bndbox":{"xmin":954,"ymin":447,"xmax":1059,"ymax":556}},{"name":"arrow forward","bndbox":{"xmin":973,"ymin":641,"xmax":1045,"ymax":749}},{"name":"arrow forward","bndbox":{"xmin":985,"ymin":857,"xmax":1057,"ymax":953}},{"name":"arrow forward","bndbox":{"xmin":973,"ymin":1037,"xmax":1057,"ymax":1139}},{"name":"arrow forward","bndbox":{"xmin":985,"ymin":1280,"xmax":1051,"ymax":1373}}]},"time_labeled":1696163450817,"labeled":true,"size":{"width":1080,"height":1920,"depth":3}}