{"path":"C:\\Samsung Prism\\myvenv\\datasets\\images\\train\\15058.jpg","outputs":{"object":[{"name":"menu","bndbox":{"xmin":18,"ymin":94,"xmax":145,"ymax":184}},{"name":"search","bndbox":{"xmin":724,"ymin":94,"xmax":829,"ymax":184}},{"name":"more","bndbox":{"xmin":973,"ymin":88,"xmax":1051,"ymax":184}},{"name":"arrow forward","bndbox":{"xmin":325,"ymin":1674,"xmax":469,"ymax":1785}},{"name":"close","bndbox":{"xmin":1033,"ymin":1662,"xmax":1072,"ymax":1713}}]},"time_labeled":1696163601003,"labeled":true,"size":{"width":1080,"height":1920,"depth":3}}