{"path":"C:\\Samsung Prism\\myvenv\\datasets\\images\\train\\15056.jpg","outputs":{"object":[{"name":"arrow backward","bndbox":{"xmin":36,"ymin":103,"xmax":121,"ymax":175}},{"name":"arrow forward","bndbox":{"xmin":1000,"ymin":256,"xmax":1057,"ymax":340}},{"name":"arrow forward","bndbox":{"xmin":991,"ymin":454,"xmax":1060,"ymax":545}},{"name":"arrow forward","bndbox":{"xmin":979,"ymin":653,"xmax":1057,"ymax":737}},{"name":"arrow forward","bndbox":{"xmin":1000,"ymin":860,"xmax":1063,"ymax":941}},{"name":"arrow forward","bndbox":{"xmin":997,"ymin":1061,"xmax":1060,"ymax":1145}}]},"time_labeled":1696163556850,"labeled":true,"size":{"width":1080,"height":1920,"depth":3}}