{"path":"C:\\Samsung Prism\\myvenv\\datasets\\images\\train\\15053.jpg","outputs":{"object":[{"name":"menu","bndbox":{"xmin":18,"ymin":100,"xmax":124,"ymax":196}},{"name":"search","bndbox":{"xmin":733,"ymin":102,"xmax":841,"ymax":186}},{"name":"more","bndbox":{"xmin":979,"ymin":100,"xmax":1045,"ymax":190}},{"name":"arrow forward","bndbox":{"xmin":345,"ymin":1672,"xmax":462,"ymax":1789}},{"name":"close","bndbox":{"xmin":1030,"ymin":1662,"xmax":1072,"ymax":1698}}]},"time_labeled":1696163486622,"labeled":true,"size":{"width":1080,"height":1920,"depth":3}}