{"path":"C:\\Samsung Prism\\myvenv\\datasets\\images\\train\\15068.jpg","outputs":{"object":[{"name":"arrow backward","bndbox":{"xmin":24,"ymin":91,"xmax":112,"ymax":184}},{"name":"arrow forward","bndbox":{"xmin":985,"ymin":256,"xmax":1045,"ymax":343}},{"name":"arrow forward","bndbox":{"xmin":997,"ymin":472,"xmax":1063,"ymax":563}},{"name":"arrow forward","bndbox":{"xmin":979,"ymin":713,"xmax":1060,"ymax":821}}]},"time_labeled":1696163725825,"labeled":true,"size":{"width":1080,"height":1920,"depth":3}}