{"path":"C:\\Samsung Prism\\myvenv\\datasets\\images\\train\\15062.jpg","outputs":{"object":[{"name":"arrow backward","bndbox":{"xmin":24,"ymin":103,"xmax":121,"ymax":178}},{"name":"arrow forward","bndbox":{"xmin":997,"ymin":250,"xmax":1063,"ymax":340}},{"name":"arrow forward","bndbox":{"xmin":988,"ymin":881,"xmax":1057,"ymax":956}},{"name":"arrow forward","bndbox":{"xmin":985,"ymin":1049,"xmax":1051,"ymax":1157}},{"name":"arrow forward","bndbox":{"xmin":985,"ymin":1463,"xmax":1057,"ymax":1566}},{"name":"arrow forward","bndbox":{"xmin":973,"ymin":1686,"xmax":1057,"ymax":1788}}]},"time_labeled":1696163652932,"labeled":true,"size":{"width":1080,"height":1920,"depth":3}}