{"path":"C:\\Samsung Prism\\myvenv\\datasets\\images\\train\\15069.jpg","outputs":{"object":[{"name":"arrow forward","bndbox":{"xmin":960,"ymin":1483,"xmax":1066,"ymax":1561}},{"name":"arrow forward","bndbox":{"xmin":987,"ymin":1690,"xmax":1068,"ymax":1783}},{"name":"expand more","bndbox":{"xmin":925,"ymin":316,"xmax":1045,"ymax":394}},{"name":"expand more","bndbox":{"xmin":943,"ymin":551,"xmax":1021,"ymax":632}},{"name":"expand more","bndbox":{"xmin":952,"ymin":884,"xmax":1045,"ymax":965}},{"name":"arrow backward","bndbox":{"xmin":27,"ymin":100,"xmax":133,"ymax":184}}]},"time_labeled":1696163766490,"labeled":true,"size":{"width":1080,"height":1920,"depth":3}}