{"path":"C:\\Samsung Prism\\myvenv\\datasets\\images\\train\\15061.jpg","outputs":{"object":[{"name":"arrow forward","bndbox":{"xmin":985,"ymin":262,"xmax":1057,"ymax":352}},{"name":"arrow forward","bndbox":{"xmin":997,"ymin":460,"xmax":1069,"ymax":545}},{"name":"arrow forward","bndbox":{"xmin":985,"ymin":656,"xmax":1063,"ymax":761}},{"name":"arrow backward","bndbox":{"xmin":24,"ymin":94,"xmax":121,"ymax":184}}]},"time_labeled":1696163634258,"labeled":true,"size":{"width":1080,"height":1920,"depth":3}}