{"path":"C:\\Samsung Prism\\myvenv\\datasets\\images\\train\\15084.jpg","outputs":{"object":[{"name":"play","bndbox":{"xmin":967,"ymin":953,"xmax":1060,"ymax":1052}},{"name":"play","bndbox":{"xmin":961,"ymin":1133,"xmax":1063,"ymax":1229}},{"name":"arrow forward","bndbox":{"xmin":217,"ymin":810,"xmax":280,"ymax":879}},{"name":"arrow forward","bndbox":{"xmin":457,"ymin":704,"xmax":499,"ymax":749}},{"name":"arrow forward","bndbox":{"xmin":964,"ymin":809,"xmax":1021,"ymax":869}}]},"time_labeled":1696163948844,"labeled":true,"size":{"width":1080,"height":1920,"depth":3}}