{"path":"C:\\Samsung Prism\\myvenv\\datasets\\images\\train\\15096.jpg","outputs":{"object":[{"name":"arrow backward","bndbox":{"xmin":15,"ymin":67,"xmax":90,"ymax":166}},{"name":"arrow forward","bndbox":{"xmin":925,"ymin":725,"xmax":1009,"ymax":815}},{"name":"arrow forward","bndbox":{"xmin":928,"ymin":848,"xmax":1009,"ymax":947}},{"name":"arrow forward","bndbox":{"xmin":937,"ymin":971,"xmax":1012,"ymax":1061}},{"name":"arrow forward","bndbox":{"xmin":931,"ymin":1088,"xmax":1009,"ymax":1187}},{"name":"expand more","bndbox":{"xmin":913,"ymin":1229,"xmax":1027,"ymax":1295}}]},"time_labeled":1696164217241,"labeled":true,"size":{"width":1080,"height":1920,"depth":3}}