{"path":"C:\\Samsung Prism\\myvenv\\datasets\\images\\train\\15109.jpg","outputs":{"object":[{"name":"home","bndbox":{"xmin":87,"ymin":1662,"xmax":181,"ymax":1746}},{"name":"share","bndbox":{"xmin":0,"ymin":1433,"xmax":112,"ymax":1518}},{"name":"play","bndbox":{"xmin":481,"ymin":1436,"xmax":601,"ymax":1518}},{"name":"search","bndbox":{"xmin":913,"ymin":136,"xmax":1033,"ymax":232}},{"name":"arrow backward","bndbox":{"xmin":36,"ymin":124,"xmax":145,"ymax":235}},{"name":"time","bndbox":{"xmin":361,"ymin":1662,"xmax":457,"ymax":1752}}]},"time_labeled":1696164679441,"labeled":true,"size":{"width":1080,"height":1920,"depth":3}}