{"path":"C:\\Samsung Prism\\myvenv\\datasets\\images\\train\\15119.jpg","outputs":{"object":[{"name":"star","bndbox":{"xmin":613,"ymin":1477,"xmax":739,"ymax":1586}},{"name":"star","bndbox":{"xmin":216,"ymin":423,"xmax":336,"ymax":520}},{"name":"settings","bndbox":{"xmin":733,"ymin":415,"xmax":877,"ymax":521}},{"name":"menu","bndbox":{"xmin":12,"ymin":91,"xmax":127,"ymax":160}},{"name":"info","bndbox":{"xmin":985,"ymin":88,"xmax":1069,"ymax":160}},{"name":"Save/Bookmark","bndbox":{"xmin":936,"ymin":609,"xmax":1038,"ymax":699}}]},"time_labeled":1696164866147,"labeled":true,"size":{"width":1080,"height":1920,"depth":3}}