{"path":"C:\\Samsung Prism\\myvenv\\datasets\\images\\train\\15118.jpg","outputs":{"object":[{"name":"info","bndbox":{"xmin":997,"ymin":88,"xmax":1075,"ymax":172}},{"name":"arrow forward","bndbox":{"xmin":997,"ymin":268,"xmax":1063,"ymax":343}},{"name":"arrow forward","bndbox":{"xmin":988,"ymin":496,"xmax":1069,"ymax":581}},{"name":"arrow forward","bndbox":{"xmin":988,"ymin":728,"xmax":1063,"ymax":812}},{"name":"arrow forward","bndbox":{"xmin":1000,"ymin":965,"xmax":1069,"ymax":1049}},{"name":"arrow forward","bndbox":{"xmin":997,"ymin":1193,"xmax":1057,"ymax":1277}},{"name":"arrow forward","bndbox":{"xmin":997,"ymin":1433,"xmax":1063,"ymax":1509}},{"name":"star","bndbox":{"xmin":613,"ymin":1493,"xmax":733,"ymax":1593}}]},"time_labeled":1696164794625,"labeled":true,"size":{"width":1080,"height":1920,"depth":3}}