{"path":"C:\\Samsung Prism\\myvenv\\datasets\\images\\train\\15129.jpg","outputs":{"object":[{"name":"menu","bndbox":{"xmin":988,"ymin":106,"xmax":1069,"ymax":184}},{"name":"star","bndbox":{"xmin":54,"ymin":533,"xmax":139,"ymax":617}},{"name":"settings","bndbox":{"xmin":54,"ymin":1079,"xmax":133,"ymax":1169}},{"name":"chat","bndbox":{"xmin":42,"ymin":1196,"xmax":136,"ymax":1271}},{"name":"info","bndbox":{"xmin":54,"ymin":1301,"xmax":133,"ymax":1379}}]},"time_labeled":1696171756464,"labeled":true,"size":{"width":1080,"height":1920,"depth":3}}