{"path":"C:\\Samsung Prism\\myvenv\\datasets\\images\\train\\15126.jpg","outputs":{"object":[{"name":"menu","bndbox":{"xmin":988,"ymin":91,"xmax":1072,"ymax":184}},{"name":"settings","bndbox":{"xmin":54,"ymin":1091,"xmax":133,"ymax":1163}},{"name":"info","bndbox":{"xmin":42,"ymin":1304,"xmax":133,"ymax":1373}},{"name":"chat","bndbox":{"xmin":36,"ymin":1193,"xmax":145,"ymax":1280}},{"name":"star","bndbox":{"xmin":54,"ymin":545,"xmax":145,"ymax":629}}]},"time_labeled":1696171684395,"labeled":true,"size":{"width":1080,"height":1920,"depth":3}}