{"path":"C:\\Samsung Prism\\myvenv\\datasets\\images\\train\\15124.jpg","outputs":{"object":[{"name":"arrow forward","bndbox":{"xmin":497,"ymin":392,"xmax":521,"ymax":428}},{"name":"arrow forward","bndbox":{"xmin":498,"ymin":452,"xmax":530,"ymax":485}},{"name":"arrow forward","bndbox":{"xmin":495,"ymin":503,"xmax":522,"ymax":544}},{"name":"arrow forward","bndbox":{"xmin":498,"ymin":572,"xmax":528,"ymax":602}},{"name":"arrow forward","bndbox":{"xmin":501,"ymin":626,"xmax":528,"ymax":659}}]},"time_labeled":1696164958173,"labeled":true,"size":{"width":540,"height":960,"depth":3}}