{"path":"C:\\Samsung Prism\\myvenv\\datasets\\images\\train\\15149.jpg","outputs":{"object":[{"name":"menu","bndbox":{"xmin":36,"ymin":100,"xmax":109,"ymax":172}},{"name":"more","bndbox":{"xmin":997,"ymin":100,"xmax":1045,"ymax":184}},{"name":"star","bndbox":{"xmin":937,"ymin":653,"xmax":1045,"ymax":737}},{"name":"star","bndbox":{"xmin":936,"ymin":1354,"xmax":1032,"ymax":1468}},{"name":"close","bndbox":{"xmin":121,"ymin":1758,"xmax":157,"ymax":1794}}]},"time_labeled":1696172152642,"labeled":true,"size":{"width":1080,"height":1920,"depth":3}}