{"path":"C:\\Samsung Prism\\myvenv\\datasets\\images\\train\\15148.jpg","outputs":{"object":[{"name":"search","bndbox":{"xmin":691,"ymin":533,"xmax":772,"ymax":611}},{"name":"Cart","bndbox":{"xmin":817,"ymin":524,"xmax":907,"ymax":629}},{"name":"more","bndbox":{"xmin":964,"ymin":515,"xmax":1045,"ymax":605}},{"name":"arrow backward","bndbox":{"xmin":42,"ymin":515,"xmax":145,"ymax":605}},{"name":"arrow backward","bndbox":{"xmin":30,"ymin":100,"xmax":121,"ymax":184}},{"name":"more","bndbox":{"xmin":997,"ymin":103,"xmax":1051,"ymax":187}}]},"time_labeled":1696172111448,"labeled":true,"size":{"width":1080,"height":1920,"depth":3}}