{"path":"C:\\Samsung Prism\\myvenv\\datasets\\images\\train\\15153.jpg","outputs":{"object":[{"name":"arrow backward","bndbox":{"xmin":36,"ymin":91,"xmax":109,"ymax":184}},{"name":"more","bndbox":{"xmin":978,"ymin":96,"xmax":1062,"ymax":186}},{"name":"search","bndbox":{"xmin":36,"ymin":247,"xmax":109,"ymax":340}},{"name":"search","bndbox":{"xmin":24,"ymin":761,"xmax":99,"ymax":845}},{"name":"search","bndbox":{"xmin":940,"ymin":656,"xmax":1045,"ymax":749}},{"name":"search","bndbox":{"xmin":949,"ymin":1361,"xmax":1048,"ymax":1472}}]},"time_labeled":1696172293868,"labeled":true,"size":{"width":1080,"height":1920,"depth":3}}