{"path":"C:\\Samsung Prism\\myvenv\\datasets\\images\\train\\15158.jpg","outputs":{"object":[{"name":"arrow backward","bndbox":{"xmin":36,"ymin":100,"xmax":112,"ymax":172}},{"name":"more","bndbox":{"xmin":985,"ymin":100,"xmax":1045,"ymax":196}},{"name":"search","bndbox":{"xmin":36,"ymin":256,"xmax":121,"ymax":340}},{"name":"search","bndbox":{"xmin":984,"ymin":264,"xmax":1069,"ymax":336}},{"name":"star","bndbox":{"xmin":24,"ymin":764,"xmax":124,"ymax":836}},{"name":"close","bndbox":{"xmin":1033,"ymin":879,"xmax":1078,"ymax":921}},{"name":"close","bndbox":{"xmin":907,"ymin":246,"xmax":961,"ymax":324}}]},"time_labeled":1696172451118,"labeled":true,"size":{"width":1080,"height":1920,"depth":3}}