{"path":"C:\\Samsung Prism\\myvenv\\datasets\\images\\train\\15156.jpg","outputs":{"object":[{"name":"menu","bndbox":{"xmin":36,"ymin":94,"xmax":127,"ymax":175}},{"name":"more","bndbox":{"xmin":985,"ymin":100,"xmax":1039,"ymax":184}},{"name":"close","bndbox":{"xmin":901,"ymin":259,"xmax":973,"ymax":322}},{"name":"search","bndbox":{"xmin":985,"ymin":259,"xmax":1063,"ymax":331}},{"name":"expand more","bndbox":{"xmin":571,"ymin":581,"xmax":649,"ymax":644}}]},"time_labeled":1696172393984,"labeled":true,"size":{"width":1080,"height":1920,"depth":3}}