{"path":"C:\\Samsung Prism\\myvenv\\datasets\\images\\train\\15166.jpg","outputs":{"object":[{"name":"search","bndbox":{"xmin":474,"ymin":38,"xmax":522,"ymax":92}},{"name":"expand more","bndbox":{"xmin":337,"ymin":173,"xmax":368,"ymax":200}},{"name":"settings","bndbox":{"xmin":13,"ymin":614,"xmax":62,"ymax":664}},{"name":"edit","bndbox":{"xmin":19,"ymin":425,"xmax":61,"ymax":473}},{"name":"play","bndbox":{"xmin":8,"ymin":344,"xmax":67,"ymax":383}},{"name":"Cart","bndbox":{"xmin":13,"ymin":494,"xmax":61,"ymax":536}}]},"time_labeled":1696172616609,"labeled":true,"size":{"width":540,"height":960,"depth":3}}