{"path":"C:\\Samsung Prism\\myvenv\\datasets\\images\\train\\15162.jpg","outputs":{"object":[{"name":"arrow backward","bndbox":{"xmin":14,"ymin":52,"xmax":62,"ymax":88}},{"name":"more","bndbox":{"xmin":486,"ymin":41,"xmax":518,"ymax":92}},{"name":"arrow forward","bndbox":{"xmin":495,"ymin":254,"xmax":536,"ymax":290}},{"name":"arrow forward","bndbox":{"xmin":498,"ymin":383,"xmax":528,"ymax":418}},{"name":"arrow forward","bndbox":{"xmin":501,"ymin":470,"xmax":528,"ymax":502}},{"name":"arrow forward","bndbox":{"xmin":498,"ymin":782,"xmax":528,"ymax":812}}]},"time_labeled":1696172522607,"labeled":true,"size":{"width":540,"height":960,"depth":3}}