{"path":"C:\\Samsung Prism\\myvenv\\datasets\\images\\train\\15181.jpg","outputs":{"object":[{"name":"menu","bndbox":{"xmin":24,"ymin":136,"xmax":157,"ymax":220}},{"name":"search","bndbox":{"xmin":921,"ymin":132,"xmax":1038,"ymax":219}},{"name":"close","bndbox":{"xmin":111,"ymin":1603,"xmax":165,"ymax":1660}},{"name":"home","bndbox":{"xmin":96,"ymin":1669,"xmax":180,"ymax":1750}},{"name":"time","bndbox":{"xmin":373,"ymin":1665,"xmax":469,"ymax":1749}}]},"time_labeled":1696172936953,"labeled":true,"size":{"width":1080,"height":1920,"depth":3}}