{"path":"C:\\Samsung Prism\\myvenv\\datasets\\images\\train\\15193.jpg","outputs":{"object":[{"name":"search","bndbox":{"xmin":913,"ymin":127,"xmax":1048,"ymax":232}},{"name":"menu","bndbox":{"xmin":24,"ymin":136,"xmax":157,"ymax":223}},{"name":"play","bndbox":{"xmin":60,"ymin":400,"xmax":96,"ymax":448}},{"name":"home","bndbox":{"xmin":78,"ymin":1662,"xmax":193,"ymax":1758}},{"name":"time","bndbox":{"xmin":364,"ymin":1668,"xmax":469,"ymax":1746}}]},"time_labeled":1696173141559,"labeled":true,"size":{"width":1080,"height":1920,"depth":3}}