{"path":"C:\\Samsung Prism\\myvenv\\datasets\\images\\train\\15198.jpg","outputs":{"object":[{"name":"menu","bndbox":{"xmin":7,"ymin":44,"xmax":52,"ymax":89}},{"name":"time","bndbox":{"xmin":361,"ymin":47,"xmax":408,"ymax":88}},{"name":"star","bndbox":{"xmin":424,"ymin":40,"xmax":478,"ymax":88}},{"name":"more","bndbox":{"xmin":495,"ymin":44,"xmax":522,"ymax":92}},{"name":"play","bndbox":{"xmin":232,"ymin":775,"xmax":306,"ymax":828}}]},"time_labeled":1696173416871,"labeled":true,"size":{"width":540,"height":960,"depth":3}}