{"path":"C:\\Samsung Prism\\myvenv\\datasets\\images\\train\\15195.jpg","outputs":{"object":[{"name":"time","bndbox":{"xmin":373,"ymin":1662,"xmax":451,"ymax":1749}},{"name":"home","bndbox":{"xmin":84,"ymin":1668,"xmax":181,"ymax":1746}},{"name":"share","bndbox":{"xmin":0,"ymin":1439,"xmax":109,"ymax":1524}},{"name":"play","bndbox":{"xmin":481,"ymin":1439,"xmax":589,"ymax":1542}},{"name":"menu","bndbox":{"xmin":33,"ymin":138,"xmax":142,"ymax":231}},{"name":"search","bndbox":{"xmin":925,"ymin":136,"xmax":1027,"ymax":238}},{"name":"close","bndbox":{"xmin":913,"ymin":1521,"xmax":964,"ymax":1578}},{"name":"arrow forward","bndbox":{"xmin":811,"ymin":1554,"xmax":901,"ymax":1638}}]},"time_labeled":1696173212014,"labeled":true,"size":{"width":1080,"height":1920,"depth":3}}