{"path":"C:\\Samsung Prism\\myvenv\\datasets\\images\\train\\15200.jpg","outputs":{"object":[{"name":"video cam","bndbox":{"xmin":426,"ymin":50,"xmax":519,"ymax":125}},{"name":"call","bndbox":{"xmin":7,"ymin":334,"xmax":50,"ymax":386}},{"name":"settings","bndbox":{"xmin":7,"ymin":440,"xmax":49,"ymax":500}},{"name":"close","bndbox":{"xmin":476,"ymin":236,"xmax":528,"ymax":284}},{"name":"close","bndbox":{"xmin":480,"ymin":344,"xmax":524,"ymax":392}},{"name":"close","bndbox":{"xmin":474,"ymin":446,"xmax":516,"ymax":491}},{"name":"close","bndbox":{"xmin":480,"ymin":548,"xmax":525,"ymax":599}},{"name":"close","bndbox":{"xmin":471,"ymin":656,"xmax":518,"ymax":704}},{"name":"close","bndbox":{"xmin":474,"ymin":764,"xmax":519,"ymax":808}},{"name":"close","bndbox":{"xmin":474,"ymin":866,"xmax":519,"ymax":902}}]},"time_labeled":1696174126237,"labeled":true,"size":{"width":540,"height":960,"depth":3}}