{"path":"C:\\Samsung Prism\\myvenv\\datasets\\images\\train\\15202.jpg","outputs":{"object":[{"name":"video cam","bndbox":{"xmin":440,"ymin":44,"xmax":516,"ymax":125}},{"name":"Save/Bookmark","bndbox":{"xmin":462,"ymin":224,"xmax":522,"ymax":281}},{"name":"Save/Bookmark","bndbox":{"xmin":465,"ymin":341,"xmax":516,"ymax":392}},{"name":"Save/Bookmark","bndbox":{"xmin":468,"ymin":442,"xmax":513,"ymax":494}},{"name":"Save/Bookmark","bndbox":{"xmin":462,"ymin":548,"xmax":516,"ymax":602}},{"name":"Save/Bookmark","bndbox":{"xmin":462,"ymin":650,"xmax":524,"ymax":707}},{"name":"Save/Bookmark","bndbox":{"xmin":462,"ymin":755,"xmax":525,"ymax":808}}]},"time_labeled":1696174172640,"labeled":true,"size":{"width":540,"height":960,"depth":3}}