{"path":"C:\\Samsung Prism\\myvenv\\datasets\\images\\train\\15204.jpg","outputs":{"object":[{"name":"video cam","bndbox":{"xmin":434,"ymin":44,"xmax":516,"ymax":124}},{"name":"close","bndbox":{"xmin":480,"ymin":238,"xmax":522,"ymax":278}},{"name":"close","bndbox":{"xmin":477,"ymin":446,"xmax":516,"ymax":482}},{"name":"close","bndbox":{"xmin":483,"ymin":560,"xmax":516,"ymax":605}},{"name":"close","bndbox":{"xmin":480,"ymin":662,"xmax":516,"ymax":698}},{"name":"close","bndbox":{"xmin":483,"ymin":764,"xmax":513,"ymax":800}},{"name":"close","bndbox":{"xmin":470,"ymin":860,"xmax":516,"ymax":896}},{"name":"close","bndbox":{"xmin":482,"ymin":337,"xmax":518,"ymax":379}},{"name":"settings","bndbox":{"xmin":4,"ymin":440,"xmax":49,"ymax":491}},{"name":"call","bndbox":{"xmin":2,"ymin":338,"xmax":50,"ymax":386}}]},"time_labeled":1696174242887,"labeled":true,"size":{"width":540,"height":960,"depth":3}}