{"path":"C:\\Samsung Prism\\myvenv\\datasets\\images\\train\\15201.jpg","outputs":{"object":[{"name":"close","bndbox":{"xmin":474,"ymin":227,"xmax":516,"ymax":287}},{"name":"close","bndbox":{"xmin":480,"ymin":338,"xmax":513,"ymax":386}},{"name":"close","bndbox":{"xmin":477,"ymin":449,"xmax":525,"ymax":491}},{"name":"close","bndbox":{"xmin":468,"ymin":554,"xmax":522,"ymax":610}},{"name":"close","bndbox":{"xmin":474,"ymin":658,"xmax":524,"ymax":704}},{"name":"close","bndbox":{"xmin":474,"ymin":761,"xmax":525,"ymax":806}},{"name":"close","bndbox":{"xmin":483,"ymin":868,"xmax":530,"ymax":902}},{"name":"video cam","bndbox":{"xmin":432,"ymin":41,"xmax":534,"ymax":130}},{"name":"call","bndbox":{"xmin":2,"ymin":329,"xmax":46,"ymax":392}},{"name":"settings","bndbox":{"xmin":7,"ymin":449,"xmax":46,"ymax":490}}]},"time_labeled":1696173544636,"labeled":true,"size":{"width":540,"height":960,"depth":3}}