{"path":"C:\\Samsung Prism\\myvenv\\datasets\\images\\train\\15232.jpg","outputs":{"object":[{"name":"more","bndbox":{"xmin":973,"ymin":64,"xmax":1048,"ymax":172}},{"name":"play","bndbox":{"xmin":463,"ymin":1650,"xmax":589,"ymax":1782}},{"name":"Skip Previous","bndbox":{"xmin":256,"ymin":1662,"xmax":397,"ymax":1773}},{"name":"Skip Next","bndbox":{"xmin":673,"ymin":1650,"xmax":832,"ymax":1782}},{"name":"info","bndbox":{"xmin":937,"ymin":1445,"xmax":1033,"ymax":1530}}]},"time_labeled":1696174990062,"labeled":true,"size":{"width":1080,"height":1920,"depth":3}}