{"path":"C:\\Samsung Prism\\myvenv\\datasets\\images\\train\\15235.jpg","outputs":{"object":[{"name":"search","bndbox":{"xmin":811,"ymin":88,"xmax":913,"ymax":172}},{"name":"more","bndbox":{"xmin":967,"ymin":82,"xmax":1033,"ymax":172}},{"name":"expand more","bndbox":{"xmin":937,"ymin":364,"xmax":1033,"ymax":439}},{"name":"expand more","bndbox":{"xmin":961,"ymin":512,"xmax":1069,"ymax":605}},{"name":"expand more","bndbox":{"xmin":937,"ymin":677,"xmax":1045,"ymax":761}},{"name":"expand more","bndbox":{"xmin":943,"ymin":848,"xmax":1045,"ymax":941}}]},"time_labeled":1696175112546,"labeled":true,"size":{"width":1080,"height":1920,"depth":3}}