{"path":"C:\\Samsung Prism\\myvenv\\datasets\\images\\train\\15233.jpg","outputs":{"object":[{"name":"search","bndbox":{"xmin":796,"ymin":64,"xmax":916,"ymax":166}},{"name":"more","bndbox":{"xmin":973,"ymin":76,"xmax":1045,"ymax":172}},{"name":"expand more","bndbox":{"xmin":949,"ymin":484,"xmax":1045,"ymax":557}},{"name":"expand more","bndbox":{"xmin":943,"ymin":611,"xmax":1033,"ymax":704}},{"name":"Skip Previous","bndbox":{"xmin":553,"ymin":1662,"xmax":709,"ymax":1782}},{"name":"Skip Next","bndbox":{"xmin":889,"ymin":1641,"xmax":1036,"ymax":1788}},{"name":"pause","bndbox":{"xmin":739,"ymin":1656,"xmax":856,"ymax":1788}}]},"time_labeled":1696175037185,"labeled":true,"size":{"width":1080,"height":1920,"depth":3}}