{"path":"C:\\Samsung Prism\\myvenv\\datasets\\images\\train\\15234.jpg","outputs":{"object":[{"name":"more","bndbox":{"xmin":976,"ymin":88,"xmax":1036,"ymax":187}},{"name":"info","bndbox":{"xmin":940,"ymin":1432,"xmax":1021,"ymax":1526}},{"name":"play","bndbox":{"xmin":460,"ymin":1653,"xmax":589,"ymax":1770}},{"name":"Skip Next","bndbox":{"xmin":697,"ymin":1650,"xmax":841,"ymax":1773}},{"name":"Skip Previous","bndbox":{"xmin":265,"ymin":1662,"xmax":385,"ymax":1782}}]},"time_labeled":1696175087091,"labeled":true,"size":{"width":1080,"height":1920,"depth":3}}