{"path":"C:\\Samsung Prism\\myvenv\\datasets\\images\\train\\15236.jpg","outputs":{"object":[{"name":"expand more","bndbox":{"xmin":949,"ymin":352,"xmax":1027,"ymax":436}},{"name":"expand more","bndbox":{"xmin":952,"ymin":527,"xmax":1033,"ymax":605}},{"name":"expand more","bndbox":{"xmin":949,"ymin":683,"xmax":1045,"ymax":788}},{"name":"expand more","bndbox":{"xmin":961,"ymin":872,"xmax":1033,"ymax":935}},{"name":"expand more","bndbox":{"xmin":961,"ymin":1025,"xmax":1033,"ymax":1097}},{"name":"expand more","bndbox":{"xmin":961,"ymin":1193,"xmax":1021,"ymax":1268}},{"name":"expand more","bndbox":{"xmin":952,"ymin":1367,"xmax":1024,"ymax":1433}},{"name":"expand more","bndbox":{"xmin":967,"ymin":1524,"xmax":1027,"ymax":1602}},{"name":"search","bndbox":{"xmin":804,"ymin":78,"xmax":930,"ymax":171}},{"name":"more","bndbox":{"xmin":973,"ymin":70,"xmax":1045,"ymax":172}},{"name":"Skip Next","bndbox":{"xmin":912,"ymin":1654,"xmax":1038,"ymax":1765}},{"name":"pause","bndbox":{"xmin":735,"ymin":1657,"xmax":843,"ymax":1777}},{"name":"Skip Previous","bndbox":{"xmin":561,"ymin":1654,"xmax":693,"ymax":1786}}]},"time_labeled":1696175200616,"labeled":true,"size":{"width":1080,"height":1920,"depth":3}}