{"path":"C:\\Samsung Prism\\myvenv\\datasets\\images\\train\\15237.jpg","outputs":{"object":[{"name":"Skip Previous","bndbox":{"xmin":555,"ymin":1651,"xmax":687,"ymax":1780}},{"name":"Skip Next","bndbox":{"xmin":901,"ymin":1656,"xmax":1033,"ymax":1782}},{"name":"play","bndbox":{"xmin":721,"ymin":1650,"xmax":868,"ymax":1782}},{"name":"expand more","bndbox":{"xmin":961,"ymin":256,"xmax":1045,"ymax":316}},{"name":"more","bndbox":{"xmin":973,"ymin":82,"xmax":1033,"ymax":163}}]},"time_labeled":1696175236909,"labeled":true,"size":{"width":1080,"height":1920,"depth":3}}