{"path":"C:\\Samsung Prism\\myvenv\\datasets\\images\\train\\15238.jpg","outputs":{"object":[{"name":"more","bndbox":{"xmin":973,"ymin":82,"xmax":1045,"ymax":172}},{"name":"search","bndbox":{"xmin":805,"ymin":88,"xmax":901,"ymax":160}},{"name":"play","bndbox":{"xmin":721,"ymin":1662,"xmax":865,"ymax":1764}},{"name":"play","bndbox":{"xmin":991,"ymin":208,"xmax":1060,"ymax":280}},{"name":"Skip Next","bndbox":{"xmin":894,"ymin":1648,"xmax":1020,"ymax":1771}},{"name":"Skip Previous","bndbox":{"xmin":553,"ymin":1653,"xmax":679,"ymax":1788}}]},"time_labeled":1696175293283,"labeled":true,"size":{"width":1080,"height":1920,"depth":3}}