{"path":"C:\\Samsung Prism\\myvenv\\datasets\\images\\train\\15246.jpg","outputs":{"object":[{"name":"search","bndbox":{"xmin":937,"ymin":190,"xmax":1075,"ymax":292}},{"name":"menu","bndbox":{"xmin":24,"ymin":187,"xmax":109,"ymax":280}},{"name":"more","bndbox":{"xmin":973,"ymin":79,"xmax":1045,"ymax":166}},{"name":"arrow backward","bndbox":{"xmin":0,"ymin":88,"xmax":42,"ymax":154}},{"name":"info","bndbox":{"xmin":121,"ymin":1758,"xmax":163,"ymax":1794}},{"name":"search","bndbox":{"xmin":147,"ymin":1672,"xmax":216,"ymax":1750}}]},"time_labeled":1696175683369,"labeled":true,"size":{"width":1080,"height":1920,"depth":3}}