{"path":"C:\\Samsung Prism\\myvenv\\datasets\\images\\train\\15241.jpg","outputs":{"object":[{"name":"search","bndbox":{"xmin":805,"ymin":88,"xmax":901,"ymax":160}},{"name":"more","bndbox":{"xmin":976,"ymin":88,"xmax":1033,"ymax":172}},{"name":"Skip Previous","bndbox":{"xmin":556,"ymin":1656,"xmax":685,"ymax":1770}},{"name":"Skip Next","bndbox":{"xmin":901,"ymin":1650,"xmax":1024,"ymax":1770}},{"name":"pause","bndbox":{"xmin":732,"ymin":1654,"xmax":852,"ymax":1774}}]},"time_labeled":1696175442831,"labeled":true,"size":{"width":1080,"height":1920,"depth":3}}