{"path":"C:\\Samsung Prism\\myvenv\\datasets\\images\\train\\15243.jpg","outputs":{"object":[{"name":"search","bndbox":{"xmin":799,"ymin":82,"xmax":925,"ymax":172}},{"name":"more","bndbox":{"xmin":973,"ymin":82,"xmax":1045,"ymax":172}},{"name":"expand more","bndbox":{"xmin":961,"ymin":376,"xmax":1033,"ymax":448}},{"name":"expand more","bndbox":{"xmin":961,"ymin":557,"xmax":1033,"ymax":635}},{"name":"expand more","bndbox":{"xmin":960,"ymin":750,"xmax":1035,"ymax":813}},{"name":"expand more","bndbox":{"xmin":952,"ymin":935,"xmax":1024,"ymax":1007}},{"name":"expand more","bndbox":{"xmin":961,"ymin":1121,"xmax":1024,"ymax":1199}},{"name":"expand more","bndbox":{"xmin":949,"ymin":1307,"xmax":1036,"ymax":1388}},{"name":"expand more","bndbox":{"xmin":961,"ymin":1506,"xmax":1039,"ymax":1578}},{"name":"Skip Next","bndbox":{"xmin":907,"ymin":1653,"xmax":1009,"ymax":1788}},{"name":"Skip Previous","bndbox":{"xmin":553,"ymin":1653,"xmax":685,"ymax":1773}},{"name":"pause","bndbox":{"xmin":727,"ymin":1656,"xmax":865,"ymax":1782}}]},"time_labeled":1696175562995,"labeled":true,"size":{"width":1080,"height":1920,"depth":3}}