{"path":"C:\\Samsung Prism\\myvenv\\datasets\\images\\train\\15240.jpg","outputs":{"object":[{"name":"search","bndbox":{"xmin":937,"ymin":76,"xmax":1057,"ymax":166}},{"name":"play","bndbox":{"xmin":733,"ymin":1650,"xmax":853,"ymax":1776}},{"name":"Skip Next","bndbox":{"xmin":901,"ymin":1650,"xmax":1033,"ymax":1770}},{"name":"Skip Previous","bndbox":{"xmin":571,"ymin":1650,"xmax":697,"ymax":1782}},{"name":"expand more","bndbox":{"xmin":961,"ymin":220,"xmax":1024,"ymax":280}},{"name":"expand more","bndbox":{"xmin":961,"ymin":364,"xmax":1033,"ymax":442}},{"name":"expand more","bndbox":{"xmin":961,"ymin":503,"xmax":1036,"ymax":569}},{"name":"expand more","bndbox":{"xmin":949,"ymin":641,"xmax":1051,"ymax":719}},{"name":"expand more","bndbox":{"xmin":961,"ymin":773,"xmax":1036,"ymax":857}}]},"time_labeled":1696175373541,"labeled":true,"size":{"width":1080,"height":1920,"depth":3}}