{"path":"C:\\Samsung Prism\\myvenv\\datasets\\images\\train\\15253.jpg","outputs":{"object":[{"name":"delete","bndbox":{"xmin":361,"ymin":44,"xmax":408,"ymax":92}},{"name":"check","bndbox":{"xmin":13,"ymin":46,"xmax":49,"ymax":86}},{"name":"share","bndbox":{"xmin":432,"ymin":38,"xmax":474,"ymax":86}},{"name":"Cart","bndbox":{"xmin":489,"ymin":44,"xmax":534,"ymax":82}},{"name":"more","bndbox":{"xmin":498,"ymin":118,"xmax":534,"ymax":160}},{"name":"expand more","bndbox":{"xmin":188,"ymin":128,"xmax":220,"ymax":158}}]},"time_labeled":1696175933798,"labeled":true,"size":{"width":540,"height":960,"depth":3}}