{"path":"C:\\Samsung Prism\\myvenv\\datasets\\images\\train\\15254.jpg","outputs":{"object":[{"name":"expand more","bndbox":{"xmin":187,"ymin":58,"xmax":235,"ymax":89}},{"name":"edit","bndbox":{"xmin":296,"ymin":46,"xmax":343,"ymax":92}},{"name":"share","bndbox":{"xmin":367,"ymin":46,"xmax":429,"ymax":92}},{"name":"more","bndbox":{"xmin":498,"ymin":50,"xmax":522,"ymax":94}},{"name":"Cart","bndbox":{"xmin":456,"ymin":587,"xmax":510,"ymax":646}},{"name":"check","bndbox":{"xmin":438,"ymin":731,"xmax":516,"ymax":812}}]},"time_labeled":1696175982972,"labeled":true,"size":{"width":540,"height":960,"depth":3}}