{"path":"C:\\Samsung Prism\\myvenv\\datasets\\images\\train\\15250.jpg","outputs":{"object":[{"name":"arrow backward","bndbox":{"xmin":24,"ymin":100,"xmax":109,"ymax":184}},{"name":"close","bndbox":{"xmin":844,"ymin":100,"xmax":913,"ymax":184}},{"name":"check","bndbox":{"xmin":949,"ymin":76,"xmax":1063,"ymax":196}},{"name":"info","bndbox":{"xmin":112,"ymin":1605,"xmax":163,"ymax":1644}},{"name":"search","bndbox":{"xmin":139,"ymin":1524,"xmax":217,"ymax":1605}}]},"time_labeled":1696175817171,"labeled":true,"size":{"width":1080,"height":1920,"depth":3}}