{"path":"C:\\Samsung Prism\\myvenv\\datasets\\images\\train\\15255.jpg","outputs":{"object":[{"name":"edit","bndbox":{"xmin":292,"ymin":44,"xmax":349,"ymax":89}},{"name":"share","bndbox":{"xmin":373,"ymin":44,"xmax":420,"ymax":92}},{"name":"more","bndbox":{"xmin":494,"ymin":46,"xmax":519,"ymax":98}},{"name":"add","bndbox":{"xmin":432,"ymin":734,"xmax":518,"ymax":812}},{"name":"expand more","bndbox":{"xmin":187,"ymin":50,"xmax":211,"ymax":88}}]},"time_labeled":1696176019360,"labeled":true,"size":{"width":540,"height":960,"depth":3}}