{"path":"C:\\Samsung Prism\\myvenv\\datasets\\images\\train\\15262.jpg","outputs":{"object":[{"name":"add","bndbox":{"xmin":13,"ymin":332,"xmax":74,"ymax":392}},{"name":"add","bndbox":{"xmin":444,"ymin":800,"xmax":522,"ymax":875}},{"name":"Save/Bookmark","bndbox":{"xmin":19,"ymin":488,"xmax":73,"ymax":539}},{"name":"more","bndbox":{"xmin":488,"ymin":50,"xmax":522,"ymax":83}},{"name":"search","bndbox":{"xmin":435,"ymin":50,"xmax":471,"ymax":86}},{"name":"edit","bndbox":{"xmin":368,"ymin":52,"xmax":417,"ymax":89}}]},"time_labeled":1696176334321,"labeled":true,"size":{"width":540,"height":960,"depth":3}}