{"path":"C:\\Samsung Prism\\myvenv\\datasets\\images\\train\\15260.jpg","outputs":{"object":[{"name":"share","bndbox":{"xmin":480,"ymin":113,"xmax":522,"ymax":152}},{"name":"more","bndbox":{"xmin":498,"ymin":46,"xmax":519,"ymax":82}},{"name":"arrow backward","bndbox":{"xmin":20,"ymin":44,"xmax":61,"ymax":89}},{"name":"Save/Bookmark","bndbox":{"xmin":474,"ymin":233,"xmax":522,"ymax":278}},{"name":"add","bndbox":{"xmin":444,"ymin":736,"xmax":516,"ymax":814}},{"name":"time","bndbox":{"xmin":76,"ymin":512,"xmax":121,"ymax":545}},{"name":"expand more","bndbox":{"xmin":453,"ymin":521,"xmax":480,"ymax":544}},{"name":"star","bndbox":{"xmin":334,"ymin":388,"xmax":364,"ymax":424}},{"name":"star","bndbox":{"xmin":365,"ymin":388,"xmax":389,"ymax":420}},{"name":"star","bndbox":{"xmin":402,"ymin":388,"xmax":426,"ymax":418}},{"name":"star","bndbox":{"xmin":432,"ymin":388,"xmax":456,"ymax":416}},{"name":"star","bndbox":{"xmin":459,"ymin":388,"xmax":488,"ymax":424}}]},"time_labeled":1696176196279,"labeled":true,"size":{"width":540,"height":960,"depth":3}}