{"path":"C:\\Samsung Prism\\myvenv\\datasets\\images\\train\\15261.jpg","outputs":{"object":[{"name":"star","bndbox":{"xmin":341,"ymin":386,"xmax":362,"ymax":424}},{"name":"star","bndbox":{"xmin":370,"ymin":386,"xmax":394,"ymax":418}},{"name":"star","bndbox":{"xmin":402,"ymin":386,"xmax":426,"ymax":422}},{"name":"star","bndbox":{"xmin":432,"ymin":388,"xmax":456,"ymax":422}},{"name":"star","bndbox":{"xmin":458,"ymin":386,"xmax":492,"ymax":422}},{"name":"share","bndbox":{"xmin":480,"ymin":104,"xmax":522,"ymax":152}},{"name":"Save/Bookmark","bndbox":{"xmin":486,"ymin":224,"xmax":522,"ymax":284}},{"name":"more","bndbox":{"xmin":486,"ymin":50,"xmax":528,"ymax":88}},{"name":"arrow backward","bndbox":{"xmin":13,"ymin":50,"xmax":61,"ymax":89}},{"name":"time","bndbox":{"xmin":70,"ymin":509,"xmax":115,"ymax":554}},{"name":"expand more","bndbox":{"xmin":456,"ymin":520,"xmax":474,"ymax":538}},{"name":"add","bndbox":{"xmin":444,"ymin":734,"xmax":518,"ymax":812}}]},"time_labeled":1696176268707,"labeled":true,"size":{"width":540,"height":960,"depth":3}}