{"path":"C:\\Samsung Prism\\myvenv\\datasets\\images\\train\\15275.jpg","outputs":{"object":[{"name":"more","bndbox":{"xmin":973,"ymin":88,"xmax":1033,"ymax":172}},{"name":"expand more","bndbox":{"xmin":12,"ymin":618,"xmax":75,"ymax":672}},{"name":"expand more","bndbox":{"xmin":12,"ymin":776,"xmax":84,"ymax":845}},{"name":"expand more","bndbox":{"xmin":15,"ymin":953,"xmax":72,"ymax":1004}},{"name":"expand more","bndbox":{"xmin":12,"ymin":1626,"xmax":72,"ymax":1686}},{"name":"video cam","bndbox":{"xmin":84,"ymin":462,"xmax":193,"ymax":523}},{"name":"close","bndbox":{"xmin":0,"ymin":283,"xmax":36,"ymax":316}}]},"time_labeled":1696176648729,"labeled":true,"size":{"width":1080,"height":1920,"depth":3}}