{"path":"C:\\Samsung Prism\\myvenv\\datasets\\images\\train\\15276.jpg","outputs":{"object":[{"name":"video cam","bndbox":{"xmin":54,"ymin":436,"xmax":196,"ymax":533}},{"name":"more","bndbox":{"xmin":978,"ymin":84,"xmax":1038,"ymax":177}},{"name":"close","bndbox":{"xmin":-6,"ymin":279,"xmax":42,"ymax":321}},{"name":"expand more","bndbox":{"xmin":12,"ymin":617,"xmax":84,"ymax":677}},{"name":"expand more","bndbox":{"xmin":12,"ymin":785,"xmax":60,"ymax":833}},{"name":"expand more","bndbox":{"xmin":15,"ymin":941,"xmax":78,"ymax":1013}},{"name":"expand more","bndbox":{"xmin":12,"ymin":1614,"xmax":66,"ymax":1686}}]},"time_labeled":1696176636779,"labeled":true,"size":{"width":1080,"height":1920,"depth":3}}