{"path":"C:\\Samsung Prism\\myvenv\\datasets\\images\\train\\15277.jpg","outputs":{"object":[{"name":"video cam","bndbox":{"xmin":66,"ymin":448,"xmax":193,"ymax":536}},{"name":"more","bndbox":{"xmin":973,"ymin":76,"xmax":1039,"ymax":163}},{"name":"expand more","bndbox":{"xmin":12,"ymin":608,"xmax":72,"ymax":665}},{"name":"expand more","bndbox":{"xmin":0,"ymin":785,"xmax":71,"ymax":845}},{"name":"expand more","bndbox":{"xmin":12,"ymin":941,"xmax":63,"ymax":1013}},{"name":"expand more","bndbox":{"xmin":12,"ymin":1109,"xmax":72,"ymax":1172}},{"name":"expand more","bndbox":{"xmin":12,"ymin":1301,"xmax":72,"ymax":1349}},{"name":"expand more","bndbox":{"xmin":15,"ymin":1463,"xmax":75,"ymax":1530}},{"name":"expand more","bndbox":{"xmin":12,"ymin":1626,"xmax":72,"ymax":1692}}]},"time_labeled":1696176708809,"labeled":true,"size":{"width":1080,"height":1920,"depth":3}}