{"path":"C:\\Samsung Prism\\myvenv\\datasets\\images\\train\\15286.jpg","outputs":{"object":[{"name":"menu","bndbox":{"xmin":7,"ymin":44,"xmax":64,"ymax":86}},{"name":"search","bndbox":{"xmin":426,"ymin":44,"xmax":477,"ymax":92}},{"name":"more","bndbox":{"xmin":492,"ymin":46,"xmax":519,"ymax":88}},{"name":"more","bndbox":{"xmin":494,"ymin":260,"xmax":537,"ymax":290}},{"name":"more","bndbox":{"xmin":494,"ymin":515,"xmax":534,"ymax":539}},{"name":"more","bndbox":{"xmin":489,"ymin":761,"xmax":534,"ymax":791}}]},"time_labeled":1696176807212,"labeled":true,"size":{"width":540,"height":960,"depth":3}}