{"path":"C:\\Samsung Prism\\myvenv\\datasets\\images\\train\\15291.jpg","outputs":{"object":[{"name":"menu","bndbox":{"xmin":13,"ymin":44,"xmax":55,"ymax":80}},{"name":"more","bndbox":{"xmin":492,"ymin":44,"xmax":528,"ymax":86}},{"name":"search","bndbox":{"xmin":429,"ymin":44,"xmax":474,"ymax":98}},{"name":"share","bndbox":{"xmin":361,"ymin":224,"xmax":420,"ymax":272}},{"name":"add","bndbox":{"xmin":133,"ymin":224,"xmax":175,"ymax":269}},{"name":"play","bndbox":{"xmin":218,"ymin":200,"xmax":319,"ymax":296}}]},"time_labeled":1696176928249,"labeled":true,"size":{"width":540,"height":960,"depth":3}}