{"path":"C:\\Samsung Prism\\myvenv\\datasets\\images\\train\\15290.jpg","outputs":{"object":[{"name":"menu","bndbox":{"xmin":19,"ymin":44,"xmax":56,"ymax":86}},{"name":"search","bndbox":{"xmin":426,"ymin":35,"xmax":483,"ymax":86}},{"name":"more","bndbox":{"xmin":498,"ymin":50,"xmax":525,"ymax":94}},{"name":"share","bndbox":{"xmin":349,"ymin":220,"xmax":416,"ymax":278}},{"name":"play","bndbox":{"xmin":214,"ymin":197,"xmax":319,"ymax":293}},{"name":"add","bndbox":{"xmin":125,"ymin":229,"xmax":185,"ymax":277}},{"name":"arrow forward","bndbox":{"xmin":308,"ymin":371,"xmax":346,"ymax":406}},{"name":"arrow backward","bndbox":{"xmin":196,"ymin":380,"xmax":223,"ymax":404}}]},"time_labeled":1696176888362,"labeled":true,"size":{"width":540,"height":960,"depth":3}}