{"path":"C:\\Samsung Prism\\myvenv\\datasets\\images\\train\\15314.jpg","outputs":{"object":[{"name":"check","bndbox":{"xmin":60,"ymin":881,"xmax":109,"ymax":935}},{"name":"check","bndbox":{"xmin":60,"ymin":1003,"xmax":111,"ymax":1057}},{"name":"arrow backward","bndbox":{"xmin":27,"ymin":1708,"xmax":111,"ymax":1780}},{"name":"arrow backward","bndbox":{"xmin":217,"ymin":605,"xmax":280,"ymax":665}},{"name":"arrow forward","bndbox":{"xmin":784,"ymin":599,"xmax":865,"ymax":659}},{"name":"arrow forward","bndbox":{"xmin":964,"ymin":1704,"xmax":1036,"ymax":1770}}]},"time_labeled":1696177351785,"labeled":true,"size":{"width":1080,"height":1920,"depth":3}}