{"path":"C:\\Samsung Prism\\myvenv\\datasets\\images\\train\\15310.jpg","outputs":{"object":[{"name":"more","bndbox":{"xmin":991,"ymin":76,"xmax":1045,"ymax":172}},{"name":"expand more","bndbox":{"xmin":973,"ymin":629,"xmax":1033,"ymax":689}},{"name":"arrow forward","bndbox":{"xmin":964,"ymin":941,"xmax":1057,"ymax":1028}},{"name":"arrow forward","bndbox":{"xmin":976,"ymin":1289,"xmax":1057,"ymax":1391}},{"name":"arrow forward","bndbox":{"xmin":988,"ymin":1608,"xmax":1060,"ymax":1722}},{"name":"arrow forward","bndbox":{"xmin":835,"ymin":292,"xmax":949,"ymax":391}},{"name":"close","bndbox":{"xmin":121,"ymin":376,"xmax":160,"ymax":403}}]},"time_labeled":1696177228607,"labeled":true,"size":{"width":1080,"height":1920,"depth":3}}