{"path":"C:\\Samsung Prism\\myvenv\\datasets\\images\\train\\15322.jpg","outputs":{"object":[{"name":"arrow forward","bndbox":{"xmin":781,"ymin":596,"xmax":859,"ymax":671}},{"name":"arrow forward","bndbox":{"xmin":973,"ymin":1710,"xmax":1033,"ymax":1782}},{"name":"arrow backward","bndbox":{"xmin":223,"ymin":593,"xmax":301,"ymax":677}},{"name":"arrow backward","bndbox":{"xmin":24,"ymin":1710,"xmax":84,"ymax":1782}},{"name":"check","bndbox":{"xmin":54,"ymin":884,"xmax":109,"ymax":941}},{"name":"check","bndbox":{"xmin":48,"ymin":995,"xmax":115,"ymax":1061}}]},"time_labeled":1696177553187,"labeled":true,"size":{"width":1080,"height":1920,"depth":3}}