{"path":"C:\\Samsung Prism\\myvenv\\datasets\\images\\train\\15320.jpg","outputs":{"object":[{"name":"star","bndbox":{"xmin":15,"ymin":749,"xmax":84,"ymax":821}},{"name":"arrow backward","bndbox":{"xmin":27,"ymin":1705,"xmax":96,"ymax":1789}},{"name":"more","bndbox":{"xmin":955,"ymin":965,"xmax":1045,"ymax":1028}},{"name":"more","bndbox":{"xmin":961,"ymin":1710,"xmax":1051,"ymax":1770}},{"name":"add","bndbox":{"xmin":493,"ymin":1713,"xmax":577,"ymax":1773}}]},"time_labeled":1696177499737,"labeled":true,"size":{"width":1080,"height":1920,"depth":3}}