{"path":"C:\\Samsung Prism\\myvenv\\datasets\\images\\train\\4629.jpg","outputs":{"object":[{"name":" notifications","bndbox":{"xmin":12,"ymin":719,"xmax":121,"ymax":815}},{"name":" share","bndbox":{"xmin":931,"ymin":88,"xmax":1069,"ymax":184}},{"name":" add","bndbox":{"xmin":18,"ymin":334,"xmax":99,"ymax":424}},{"name":" refresh","bndbox":{"xmin":15,"ymin":587,"xmax":112,"ymax":692}},{"name":" send","bndbox":{"xmin":148,"ymin":79,"xmax":241,"ymax":184}}]},"time_labeled":1696210345648,"labeled":true,"size":{"width":1080,"height":1920,"depth":3}}