{"path":"C:\\Samsung Prism\\myvenv\\datasets\\images\\train\\4631.jpg","outputs":{"object":[{"name":" check","bndbox":{"xmin":913,"ymin":283,"xmax":991,"ymax":364}},{"name":" check","bndbox":{"xmin":913,"ymin":545,"xmax":1000,"ymax":653}},{"name":" check","bndbox":{"xmin":916,"ymin":821,"xmax":985,"ymax":908}},{"name":" check","bndbox":{"xmin":913,"ymin":992,"xmax":1021,"ymax":1067}},{"name":" check","bndbox":{"xmin":907,"ymin":1145,"xmax":1009,"ymax":1241}},{"name":" check","bndbox":{"xmin":913,"ymin":1319,"xmax":997,"ymax":1397}},{"name":" check","bndbox":{"xmin":919,"ymin":1506,"xmax":997,"ymax":1572}},{"name":" check","bndbox":{"xmin":913,"ymin":1665,"xmax":1027,"ymax":1749}}]},"time_labeled":1694929061090,"labeled":true,"size":{"width":1080,"height":1920,"depth":3}}