{"path":"C:\\Samsung Prism\\myvenv\\datasets\\images\\train\\4636.jpg","outputs":{"object":[{"name":"star","bndbox":{"xmin":0,"ymin":1725,"xmax":87,"ymax":1812}},{"name":" info","bndbox":{"xmin":472,"ymin":977,"xmax":529,"ymax":1037}},{"name":"star","bndbox":{"xmin":541,"ymin":977,"xmax":589,"ymax":1049}},{"name":"star","bndbox":{"xmin":589,"ymin":977,"xmax":637,"ymax":1037}},{"name":"star","bndbox":{"xmin":649,"ymin":977,"xmax":691,"ymax":1037}},{"name":"star","bndbox":{"xmin":697,"ymin":977,"xmax":769,"ymax":1037}}]},"time_labeled":1694929343311,"labeled":true,"size":{"width":1080,"height":1920,"depth":3}}