{"path":"C:\\Samsung Prism\\myvenv\\datasets\\images\\train\\4642.jpg","outputs":{"object":[{"name":" arrow backward","bndbox":{"xmin":10,"ymin":40,"xmax":61,"ymax":92}},{"name":" Microphone","bndbox":{"xmin":13,"ymin":452,"xmax":67,"ymax":508}},{"name":" more","bndbox":{"xmin":498,"ymin":466,"xmax":530,"ymax":500}},{"name":"star","bndbox":{"xmin":488,"ymin":248,"xmax":534,"ymax":298}},{"name":"star","bndbox":{"xmin":492,"ymin":326,"xmax":540,"ymax":368}},{"name":"star","bndbox":{"xmin":492,"ymin":532,"xmax":540,"ymax":572}},{"name":"star","bndbox":{"xmin":488,"ymin":605,"xmax":537,"ymax":650}},{"name":"star","bndbox":{"xmin":486,"ymin":686,"xmax":536,"ymax":722}},{"name":"star","bndbox":{"xmin":488,"ymin":755,"xmax":540,"ymax":800}},{"name":" play","bndbox":{"xmin":459,"ymin":818,"xmax":510,"ymax":862}}]},"time_labeled":1696210561845,"labeled":true,"size":{"width":540,"height":960,"depth":3}}