{"path":"C:\\Samsung Prism\\myvenv\\datasets\\images\\train\\4648.jpg","outputs":{"object":[{"name":" arrow backward","bndbox":{"xmin":13,"ymin":50,"xmax":67,"ymax":80}},{"name":"star","bndbox":{"xmin":489,"ymin":254,"xmax":543,"ymax":296}},{"name":" Microphone","bndbox":{"xmin":10,"ymin":344,"xmax":68,"ymax":388}},{"name":" more","bndbox":{"xmin":494,"ymin":344,"xmax":530,"ymax":389}},{"name":"star","bndbox":{"xmin":488,"ymin":418,"xmax":534,"ymax":461}},{"name":"star","bndbox":{"xmin":492,"ymin":490,"xmax":537,"ymax":536}},{"name":"star","bndbox":{"xmin":488,"ymin":569,"xmax":534,"ymax":617}},{"name":"star","bndbox":{"xmin":492,"ymin":646,"xmax":534,"ymax":692}},{"name":"star","bndbox":{"xmin":492,"ymin":718,"xmax":540,"ymax":764}},{"name":" play","bndbox":{"xmin":468,"ymin":818,"xmax":498,"ymax":860}}]},"time_labeled":1696210751951,"labeled":true,"size":{"width":540,"height":960,"depth":3}}