{"path":"C:\\Samsung Prism\\myvenv\\datasets\\images\\train\\4650.jpg","outputs":{"object":[{"name":" arrow backward","bndbox":{"xmin":13,"ymin":50,"xmax":61,"ymax":82}},{"name":"star","bndbox":{"xmin":483,"ymin":248,"xmax":528,"ymax":296}},{"name":"star","bndbox":{"xmin":480,"ymin":320,"xmax":528,"ymax":370}},{"name":"star","bndbox":{"xmin":483,"ymin":401,"xmax":530,"ymax":446}},{"name":"star","bndbox":{"xmin":486,"ymin":473,"xmax":528,"ymax":524}},{"name":"star","bndbox":{"xmin":488,"ymin":554,"xmax":528,"ymax":602}},{"name":"star","bndbox":{"xmin":489,"ymin":629,"xmax":534,"ymax":677}},{"name":"star","bndbox":{"xmin":486,"ymin":710,"xmax":540,"ymax":761}},{"name":"star","bndbox":{"xmin":500,"ymin":862,"xmax":548,"ymax":906}},{"name":" play","bndbox":{"xmin":462,"ymin":824,"xmax":504,"ymax":850}}]},"time_labeled":1696210829365,"labeled":true,"size":{"width":540,"height":960,"depth":3}}