{"path":"C:\\Samsung Prism\\myvenv\\datasets\\images\\train\\4651.jpg","outputs":{"object":[{"name":" arrow backward","bndbox":{"xmin":19,"ymin":56,"xmax":49,"ymax":92}},{"name":"star","bndbox":{"xmin":492,"ymin":254,"xmax":530,"ymax":293}},{"name":"star","bndbox":{"xmin":492,"ymin":322,"xmax":528,"ymax":371}},{"name":"star","bndbox":{"xmin":486,"ymin":407,"xmax":528,"ymax":443}},{"name":"star","bndbox":{"xmin":480,"ymin":482,"xmax":534,"ymax":518}},{"name":"star","bndbox":{"xmin":489,"ymin":556,"xmax":534,"ymax":599}},{"name":"star","bndbox":{"xmin":492,"ymin":632,"xmax":534,"ymax":674}},{"name":"star","bndbox":{"xmin":489,"ymin":712,"xmax":537,"ymax":749}},{"name":"star","bndbox":{"xmin":489,"ymin":866,"xmax":531,"ymax":898}},{"name":" play","bndbox":{"xmin":462,"ymin":826,"xmax":495,"ymax":851}}]},"time_labeled":1696210896295,"labeled":true,"size":{"width":540,"height":960,"depth":3}}