{"path":"C:\\Samsung Prism\\myvenv\\datasets\\images\\train\\4652.jpg","outputs":{"object":[{"name":" arrow backward","bndbox":{"xmin":8,"ymin":56,"xmax":73,"ymax":86}},{"name":"star","bndbox":{"xmin":492,"ymin":254,"xmax":536,"ymax":287}},{"name":" Microphone","bndbox":{"xmin":13,"ymin":386,"xmax":55,"ymax":422}},{"name":" play","bndbox":{"xmin":64,"ymin":382,"xmax":103,"ymax":425}},{"name":" more","bndbox":{"xmin":498,"ymin":386,"xmax":525,"ymax":425}},{"name":"star","bndbox":{"xmin":492,"ymin":446,"xmax":528,"ymax":496}},{"name":"star","bndbox":{"xmin":492,"ymin":524,"xmax":530,"ymax":590}},{"name":"star","bndbox":{"xmin":494,"ymin":604,"xmax":528,"ymax":652}},{"name":"star","bndbox":{"xmin":492,"ymin":686,"xmax":534,"ymax":722}},{"name":"star","bndbox":{"xmin":492,"ymin":758,"xmax":530,"ymax":800}},{"name":" play","bndbox":{"xmin":459,"ymin":824,"xmax":501,"ymax":862}}]},"time_labeled":1696210978920,"labeled":true,"size":{"width":540,"height":960,"depth":3}}