{"path":"C:\\Samsung Prism\\myvenv\\datasets\\images\\train\\4654.jpg","outputs":{"object":[{"name":" arrow backward","bndbox":{"xmin":19,"ymin":50,"xmax":58,"ymax":80}},{"name":"star","bndbox":{"xmin":486,"ymin":244,"xmax":536,"ymax":296}},{"name":"star","bndbox":{"xmin":492,"ymin":455,"xmax":534,"ymax":497}},{"name":"star","bndbox":{"xmin":486,"ymin":524,"xmax":534,"ymax":569}},{"name":"star","bndbox":{"xmin":486,"ymin":602,"xmax":534,"ymax":644}},{"name":"star","bndbox":{"xmin":488,"ymin":686,"xmax":530,"ymax":722}},{"name":"star","bndbox":{"xmin":486,"ymin":752,"xmax":540,"ymax":806}},{"name":" Microphone","bndbox":{"xmin":19,"ymin":386,"xmax":55,"ymax":434}},{"name":" more","bndbox":{"xmin":498,"ymin":388,"xmax":522,"ymax":424}},{"name":" play","bndbox":{"xmin":462,"ymin":818,"xmax":504,"ymax":860}}]},"time_labeled":1696211047701,"labeled":true,"size":{"width":540,"height":960,"depth":3}}