{"path":"C:\\Samsung Prism\\myvenv\\datasets\\images\\train\\4655.jpg","outputs":{"object":[{"name":" arrow backward","bndbox":{"xmin":7,"ymin":50,"xmax":61,"ymax":86}},{"name":" Microphone","bndbox":{"xmin":13,"ymin":428,"xmax":55,"ymax":476}},{"name":" more","bndbox":{"xmin":498,"ymin":428,"xmax":522,"ymax":476}},{"name":" pause","bndbox":{"xmin":456,"ymin":812,"xmax":498,"ymax":860}},{"name":"star","bndbox":{"xmin":492,"ymin":188,"xmax":530,"ymax":238}},{"name":"star","bndbox":{"xmin":492,"ymin":272,"xmax":536,"ymax":311}},{"name":"star","bndbox":{"xmin":492,"ymin":496,"xmax":528,"ymax":542}},{"name":"star","bndbox":{"xmin":486,"ymin":578,"xmax":536,"ymax":614}},{"name":"star","bndbox":{"xmin":488,"ymin":650,"xmax":530,"ymax":694}},{"name":"star","bndbox":{"xmin":492,"ymin":734,"xmax":534,"ymax":770}}]},"time_labeled":1696211119196,"labeled":true,"size":{"width":540,"height":960,"depth":3}}