{"path":"C:\\Samsung Prism\\myvenv\\datasets\\images\\train\\4657.jpg","outputs":{"object":[{"name":" arrow backward","bndbox":{"xmin":19,"ymin":44,"xmax":58,"ymax":83}},{"name":" more","bndbox":{"xmin":492,"ymin":380,"xmax":531,"ymax":428}},{"name":" play","bndbox":{"xmin":458,"ymin":812,"xmax":494,"ymax":860}},{"name":"star","bndbox":{"xmin":480,"ymin":242,"xmax":534,"ymax":290}},{"name":"star","bndbox":{"xmin":488,"ymin":446,"xmax":531,"ymax":502}},{"name":"star","bndbox":{"xmin":488,"ymin":524,"xmax":534,"ymax":575}},{"name":"star","bndbox":{"xmin":482,"ymin":602,"xmax":525,"ymax":644}},{"name":"star","bndbox":{"xmin":489,"ymin":677,"xmax":528,"ymax":722}},{"name":"star","bndbox":{"xmin":486,"ymin":761,"xmax":534,"ymax":803}}]},"time_labeled":1696211189279,"labeled":true,"size":{"width":540,"height":960,"depth":3}}