{"path":"C:\\Samsung Prism\\myvenv\\datasets\\images\\train\\4659.jpg","outputs":{"object":[{"name":" arrow backward","bndbox":{"xmin":10,"ymin":44,"xmax":64,"ymax":92}},{"name":" Microphone","bndbox":{"xmin":19,"ymin":341,"xmax":55,"ymax":398}},{"name":" more","bndbox":{"xmin":500,"ymin":341,"xmax":534,"ymax":398}},{"name":" play","bndbox":{"xmin":456,"ymin":814,"xmax":498,"ymax":862}},{"name":"star","bndbox":{"xmin":492,"ymin":250,"xmax":540,"ymax":293}},{"name":"star","bndbox":{"xmin":488,"ymin":410,"xmax":537,"ymax":458}},{"name":"star","bndbox":{"xmin":488,"ymin":484,"xmax":536,"ymax":539}},{"name":"star","bndbox":{"xmin":489,"ymin":574,"xmax":528,"ymax":614}},{"name":"star","bndbox":{"xmin":489,"ymin":640,"xmax":528,"ymax":695}},{"name":"star","bndbox":{"xmin":486,"ymin":722,"xmax":524,"ymax":767}}]},"time_labeled":1696211294843,"labeled":true,"size":{"width":540,"height":960,"depth":3}}