{"path":"C:\\Samsung Prism\\myvenv\\datasets\\images\\train\\4666.jpg","outputs":{"object":[{"name":" arrow backward","bndbox":{"xmin":20,"ymin":52,"xmax":52,"ymax":82}},{"name":" Microphone","bndbox":{"xmin":13,"ymin":374,"xmax":61,"ymax":430}},{"name":" more","bndbox":{"xmin":501,"ymin":380,"xmax":524,"ymax":425}},{"name":" play","bndbox":{"xmin":458,"ymin":812,"xmax":498,"ymax":863}},{"name":"star","bndbox":{"xmin":492,"ymin":251,"xmax":530,"ymax":290}},{"name":"star","bndbox":{"xmin":480,"ymin":449,"xmax":534,"ymax":500}},{"name":"star","bndbox":{"xmin":492,"ymin":527,"xmax":525,"ymax":574}},{"name":"star","bndbox":{"xmin":492,"ymin":602,"xmax":528,"ymax":646}},{"name":"star","bndbox":{"xmin":483,"ymin":680,"xmax":528,"ymax":724}},{"name":"star","bndbox":{"xmin":492,"ymin":752,"xmax":534,"ymax":797}}]},"time_labeled":1696211509873,"labeled":true,"size":{"width":540,"height":960,"depth":3}}