{"path":"C:\\Samsung Prism\\myvenv\\datasets\\images\\train\\4667.jpg","outputs":{"object":[{"name":" arrow backward","bndbox":{"xmin":10,"ymin":53,"xmax":55,"ymax":86}},{"name":" play","bndbox":{"xmin":461,"ymin":824,"xmax":492,"ymax":855}},{"name":"star","bndbox":{"xmin":494,"ymin":251,"xmax":528,"ymax":290}},{"name":"star","bndbox":{"xmin":492,"ymin":322,"xmax":528,"ymax":368}},{"name":"star","bndbox":{"xmin":489,"ymin":400,"xmax":528,"ymax":443}},{"name":"star","bndbox":{"xmin":486,"ymin":476,"xmax":528,"ymax":521}},{"name":"star","bndbox":{"xmin":486,"ymin":556,"xmax":530,"ymax":602}},{"name":"star","bndbox":{"xmin":492,"ymin":632,"xmax":525,"ymax":680}},{"name":"star","bndbox":{"xmin":492,"ymin":710,"xmax":531,"ymax":760}},{"name":"star","bndbox":{"xmin":497,"ymin":862,"xmax":537,"ymax":904}}]},"time_labeled":1696211540007,"labeled":true,"size":{"width":540,"height":960,"depth":3}}