{"path":"C:\\Samsung Prism\\myvenv\\datasets\\images\\train\\4671.jpg","outputs":{"object":[{"name":" arrow backward","bndbox":{"xmin":16,"ymin":47,"xmax":52,"ymax":82}},{"name":" Microphone","bndbox":{"xmin":13,"ymin":377,"xmax":61,"ymax":431}},{"name":" more","bndbox":{"xmin":498,"ymin":386,"xmax":528,"ymax":428}},{"name":" play","bndbox":{"xmin":464,"ymin":812,"xmax":507,"ymax":854}},{"name":"star","bndbox":{"xmin":488,"ymin":250,"xmax":528,"ymax":296}},{"name":"star","bndbox":{"xmin":494,"ymin":454,"xmax":525,"ymax":494}},{"name":"star","bndbox":{"xmin":486,"ymin":530,"xmax":528,"ymax":572}},{"name":"star","bndbox":{"xmin":489,"ymin":608,"xmax":528,"ymax":650}},{"name":"star","bndbox":{"xmin":492,"ymin":680,"xmax":534,"ymax":728}},{"name":"star","bndbox":{"xmin":492,"ymin":758,"xmax":528,"ymax":802}}]},"time_labeled":1696211631552,"labeled":true,"size":{"width":540,"height":960,"depth":3}}