{"path":"C:\\Samsung Prism\\myvenv\\datasets\\images\\train\\4672.jpg","outputs":{"object":[{"name":"star","bndbox":{"xmin":494,"ymin":254,"xmax":528,"ymax":296}},{"name":"star","bndbox":{"xmin":492,"ymin":449,"xmax":525,"ymax":500}},{"name":"star","bndbox":{"xmin":492,"ymin":530,"xmax":528,"ymax":569}},{"name":"star","bndbox":{"xmin":486,"ymin":602,"xmax":534,"ymax":641}},{"name":"star","bndbox":{"xmin":492,"ymin":680,"xmax":536,"ymax":722}},{"name":"star","bndbox":{"xmin":492,"ymin":758,"xmax":531,"ymax":794}},{"name":" play","bndbox":{"xmin":464,"ymin":815,"xmax":500,"ymax":854}},{"name":" more","bndbox":{"xmin":500,"ymin":382,"xmax":522,"ymax":418}},{"name":" Microphone","bndbox":{"xmin":19,"ymin":377,"xmax":49,"ymax":425}},{"name":" arrow backward","bndbox":{"xmin":16,"ymin":50,"xmax":50,"ymax":86}}]},"time_labeled":1696211680223,"labeled":true,"size":{"width":540,"height":960,"depth":3}}