{"path":"C:\\Samsung Prism\\myvenv\\datasets\\images\\train\\4673.jpg","outputs":{"object":[{"name":" arrow backward","bndbox":{"xmin":16,"ymin":53,"xmax":52,"ymax":83}},{"name":" more","bndbox":{"xmin":492,"ymin":386,"xmax":522,"ymax":430}},{"name":" play","bndbox":{"xmin":464,"ymin":818,"xmax":494,"ymax":872}},{"name":"star","bndbox":{"xmin":492,"ymin":250,"xmax":534,"ymax":284}},{"name":"star","bndbox":{"xmin":492,"ymin":454,"xmax":536,"ymax":485}},{"name":"star","bndbox":{"xmin":492,"ymin":527,"xmax":534,"ymax":568}},{"name":"star","bndbox":{"xmin":495,"ymin":608,"xmax":525,"ymax":644}},{"name":"star","bndbox":{"xmin":492,"ymin":686,"xmax":528,"ymax":724}},{"name":"star","bndbox":{"xmin":492,"ymin":758,"xmax":528,"ymax":794}}]},"time_labeled":1696211712457,"labeled":true,"size":{"width":540,"height":960,"depth":3}}