{"path":"C:\\Samsung Prism\\myvenv\\datasets\\images\\train\\4679.jpg","outputs":{"object":[{"name":" check","bndbox":{"xmin":793,"ymin":608,"xmax":841,"ymax":665}},{"name":" check","bndbox":{"xmin":781,"ymin":773,"xmax":841,"ymax":833}},{"name":" check","bndbox":{"xmin":781,"ymin":1112,"xmax":841,"ymax":1169}},{"name":" check","bndbox":{"xmin":784,"ymin":1283,"xmax":844,"ymax":1340}},{"name":" close","bndbox":{"xmin":1009,"ymin":1660,"xmax":1054,"ymax":1714}},{"name":" more","bndbox":{"xmin":973,"ymin":16,"xmax":1045,"ymax":112}},{"name":" arrow backward","bndbox":{"xmin":511,"ymin":16,"xmax":628,"ymax":112}}]},"time_labeled":1696211954298,"labeled":true,"size":{"width":1080,"height":1920,"depth":3}}