{"path":"C:\\Samsung Prism\\myvenv\\datasets\\images\\train\\4686.jpg","outputs":{"object":[{"name":" arrow backward","bndbox":{"xmin":36,"ymin":100,"xmax":127,"ymax":172}},{"name":" add","bndbox":{"xmin":841,"ymin":88,"xmax":937,"ymax":172}},{"name":" check","bndbox":{"xmin":39,"ymin":364,"xmax":115,"ymax":439}},{"name":" settings","bndbox":{"xmin":36,"ymin":764,"xmax":145,"ymax":836}},{"name":" time","bndbox":{"xmin":30,"ymin":500,"xmax":121,"ymax":569}},{"name":" add","bndbox":{"xmin":865,"ymin":1578,"xmax":937,"ymax":1662}}]},"time_labeled":1696212101139,"labeled":true,"size":{"width":1080,"height":1920,"depth":3}}