{"path":"C:\\Samsung Prism\\myvenv\\datasets\\images\\train\\4689.jpg","outputs":{"object":[{"name":" arrow backward","bndbox":{"xmin":36,"ymin":100,"xmax":109,"ymax":172}},{"name":" check","bndbox":{"xmin":42,"ymin":376,"xmax":121,"ymax":448}},{"name":" time","bndbox":{"xmin":48,"ymin":490,"xmax":145,"ymax":560}},{"name":" settings","bndbox":{"xmin":36,"ymin":743,"xmax":133,"ymax":833}},{"name":" add","bndbox":{"xmin":841,"ymin":1542,"xmax":961,"ymax":1686}}]},"time_labeled":1696212161537,"labeled":true,"size":{"width":1080,"height":1920,"depth":3}}