{"path":"C:\\Samsung Prism\\myvenv\\datasets\\images\\train\\4692.jpg","outputs":{"object":[{"name":" arrow backward","bndbox":{"xmin":48,"ymin":103,"xmax":109,"ymax":184}},{"name":" time","bndbox":{"xmin":973,"ymin":94,"xmax":1063,"ymax":184}},{"name":" time","bndbox":{"xmin":36,"ymin":490,"xmax":115,"ymax":575}},{"name":" check","bndbox":{"xmin":36,"ymin":370,"xmax":136,"ymax":424}},{"name":" settings","bndbox":{"xmin":36,"ymin":749,"xmax":121,"ymax":833}},{"name":" add","bndbox":{"xmin":868,"ymin":1578,"xmax":931,"ymax":1653}}]},"time_labeled":1696212381799,"labeled":true,"size":{"width":1080,"height":1920,"depth":3}}