{"path":"C:\\Samsung Prism\\myvenv\\datasets\\images\\train\\4696.jpg","outputs":{"object":[{"name":"star","bndbox":{"xmin":805,"ymin":647,"xmax":883,"ymax":737}},{"name":" edit","bndbox":{"xmin":955,"ymin":653,"xmax":1057,"ymax":737}},{"name":" more","bndbox":{"xmin":979,"ymin":76,"xmax":1045,"ymax":172}},{"name":" menu","bndbox":{"xmin":24,"ymin":223,"xmax":112,"ymax":292}},{"name":" search","bndbox":{"xmin":148,"ymin":220,"xmax":229,"ymax":292}}]},"time_labeled":1696212501337,"labeled":true,"size":{"width":1080,"height":1920,"depth":3}}