{"path":"C:\\Samsung Prism\\myvenv\\datasets\\images\\train\\4697.jpg","outputs":{"object":[{"name":" arrow backward","bndbox":{"xmin":36,"ymin":88,"xmax":112,"ymax":166}},{"name":" add","bndbox":{"xmin":847,"ymin":88,"xmax":937,"ymax":196}},{"name":" add","bndbox":{"xmin":859,"ymin":1566,"xmax":949,"ymax":1656}},{"name":" check","bndbox":{"xmin":39,"ymin":364,"xmax":145,"ymax":427}},{"name":" time","bndbox":{"xmin":45,"ymin":492,"xmax":121,"ymax":565}},{"name":" settings","bndbox":{"xmin":42,"ymin":752,"xmax":127,"ymax":845}}]},"time_labeled":1696212533506,"labeled":true,"size":{"width":1080,"height":1920,"depth":3}}