{"path":"C:\\Samsung Prism\\myvenv\\datasets\\images\\train\\4698.jpg","outputs":{"object":[{"name":" settings","bndbox":{"xmin":48,"ymin":761,"xmax":121,"ymax":845}},{"name":" time","bndbox":{"xmin":42,"ymin":500,"xmax":133,"ymax":569}},{"name":" check","bndbox":{"xmin":48,"ymin":379,"xmax":121,"ymax":436}},{"name":" arrow backward","bndbox":{"xmin":24,"ymin":100,"xmax":121,"ymax":163}},{"name":" add","bndbox":{"xmin":856,"ymin":1569,"xmax":937,"ymax":1650}}]},"time_labeled":1696212577311,"labeled":true,"size":{"width":1080,"height":1920,"depth":3}}