{"path":"C:\\Samsung Prism\\myvenv\\datasets\\images\\train\\4699.jpg","outputs":{"object":[{"name":" arrow backward","bndbox":{"xmin":36,"ymin":100,"xmax":121,"ymax":172}},{"name":" check","bndbox":{"xmin":30,"ymin":355,"xmax":133,"ymax":448}},{"name":" time","bndbox":{"xmin":36,"ymin":484,"xmax":121,"ymax":572}},{"name":" settings","bndbox":{"xmin":36,"ymin":749,"xmax":121,"ymax":836}},{"name":" add","bndbox":{"xmin":856,"ymin":1557,"xmax":937,"ymax":1650}}]},"time_labeled":1696212612324,"labeled":true,"size":{"width":1080,"height":1920,"depth":3}}