{"path":"C:\\Samsung Prism\\myvenv\\datasets\\images\\train\\4701.jpg","outputs":{"object":[{"name":" close","bndbox":{"xmin":112,"ymin":272,"xmax":158,"ymax":326}},{"name":" add","bndbox":{"xmin":122,"ymin":458,"xmax":151,"ymax":497}},{"name":" chat","bndbox":{"xmin":118,"ymin":554,"xmax":181,"ymax":614}},{"name":" Bluetooth","bndbox":{"xmin":286,"ymin":550,"xmax":337,"ymax":614}},{"name":" arrow forward","bndbox":{"xmin":468,"ymin":839,"xmax":500,"ymax":881}},{"name":" close","bndbox":{"xmin":518,"ymin":824,"xmax":536,"ymax":851}}]},"time_labeled":1696212685240,"labeled":true,"size":{"width":540,"height":960,"depth":3}}