{"path":"C:\\Samsung Prism\\myvenv\\datasets\\images\\train\\4709.jpg","outputs":{"object":[{"name":" menu","bndbox":{"xmin":14,"ymin":46,"xmax":73,"ymax":88}},{"name":" share","bndbox":{"xmin":456,"ymin":740,"xmax":504,"ymax":794}},{"name":" arrow forward","bndbox":{"xmin":474,"ymin":842,"xmax":495,"ymax":884}},{"name":" close","bndbox":{"xmin":522,"ymin":830,"xmax":542,"ymax":854}},{"name":" emoji","bndbox":{"xmin":199,"ymin":107,"xmax":241,"ymax":161}},{"name":" emoji","bndbox":{"xmin":260,"ymin":110,"xmax":307,"ymax":158}},{"name":" emoji","bndbox":{"xmin":325,"ymin":110,"xmax":379,"ymax":155}},{"name":" emoji","bndbox":{"xmin":397,"ymin":112,"xmax":444,"ymax":154}},{"name":" emoji","bndbox":{"xmin":462,"ymin":113,"xmax":506,"ymax":152}},{"name":" time","bndbox":{"xmin":8,"ymin":104,"xmax":50,"ymax":166}}]},"time_labeled":1696212859655,"labeled":true,"size":{"width":540,"height":960,"depth":3}}