{"path":"C:\\Samsung Prism\\myvenv\\datasets\\images\\train\\4742.jpg","outputs":{"object":[{"name":" arrow backward","bndbox":{"xmin":36,"ymin":100,"xmax":121,"ymax":160}},{"name":" home","bndbox":{"xmin":24,"ymin":232,"xmax":109,"ymax":304}},{"name":" Microphone","bndbox":{"xmin":997,"ymin":1013,"xmax":1069,"ymax":1097}},{"name":" close","bndbox":{"xmin":967,"ymin":1481,"xmax":1045,"ymax":1569}},{"name":" arrow forward","bndbox":{"xmin":952,"ymin":1650,"xmax":1057,"ymax":1737}}]},"time_labeled":1696213090333,"labeled":true,"size":{"width":1080,"height":1920,"depth":3}}