{"path":"C:\\Samsung Prism\\myvenv\\datasets\\images\\train\\4761.jpg","outputs":{"object":[{"name":" arrow backward","bndbox":{"xmin":24,"ymin":100,"xmax":103,"ymax":163}},{"name":" share","bndbox":{"xmin":820,"ymin":484,"xmax":937,"ymax":593}},{"name":" add","bndbox":{"xmin":36,"ymin":1124,"xmax":109,"ymax":1193}},{"name":" add","bndbox":{"xmin":36,"ymin":1277,"xmax":133,"ymax":1331}},{"name":" add","bndbox":{"xmin":30,"ymin":1409,"xmax":115,"ymax":1481}},{"name":" add","bndbox":{"xmin":18,"ymin":1542,"xmax":121,"ymax":1608}},{"name":" add","bndbox":{"xmin":27,"ymin":1662,"xmax":109,"ymax":1728}}]},"time_labeled":1696213331623,"labeled":true,"size":{"width":1080,"height":1920,"depth":3}}