{"path":"C:\\Samsung Prism\\myvenv\\datasets\\images\\train\\4762.jpg","outputs":{"object":[{"name":" home","bndbox":{"xmin":36,"ymin":737,"xmax":109,"ymax":791}},{"name":" time","bndbox":{"xmin":30,"ymin":1217,"xmax":109,"ymax":1289}},{"name":" Cart","bndbox":{"xmin":39,"ymin":1360,"xmax":106,"ymax":1426}},{"name":" Camera","bndbox":{"xmin":36,"ymin":1602,"xmax":127,"ymax":1677}},{"name":" Microphone","bndbox":{"xmin":955,"ymin":124,"xmax":1015,"ymax":196}}]},"time_labeled":1696213363810,"labeled":true,"size":{"width":1080,"height":1920,"depth":3}}