{"path":"C:\\Samsung Prism\\myvenv\\datasets\\images\\train\\4764.jpg","outputs":{"object":[{"name":" home","bndbox":{"xmin":27,"ymin":737,"xmax":145,"ymax":797}},{"name":" time","bndbox":{"xmin":36,"ymin":1217,"xmax":121,"ymax":1301}},{"name":" Cart","bndbox":{"xmin":36,"ymin":1352,"xmax":109,"ymax":1421}},{"name":" Microphone","bndbox":{"xmin":940,"ymin":94,"xmax":1021,"ymax":211}},{"name":" Camera","bndbox":{"xmin":27,"ymin":1602,"xmax":112,"ymax":1686}}]},"time_labeled":1696213411215,"labeled":true,"size":{"width":1080,"height":1920,"depth":3}}