{"path":"C:\\Samsung Prism\\myvenv\\datasets\\images\\train\\4765.jpg","outputs":{"object":[{"name":" Camera","bndbox":{"xmin":24,"ymin":1602,"xmax":115,"ymax":1680}},{"name":" Cart","bndbox":{"xmin":30,"ymin":1337,"xmax":109,"ymax":1451}},{"name":" time","bndbox":{"xmin":36,"ymin":1217,"xmax":109,"ymax":1292}},{"name":" home","bndbox":{"xmin":48,"ymin":719,"xmax":115,"ymax":803}},{"name":" Microphone","bndbox":{"xmin":943,"ymin":94,"xmax":1045,"ymax":199}}]},"time_labeled":1696213446738,"labeled":true,"size":{"width":1080,"height":1920,"depth":3}}