{"path":"C:\\Samsung Prism\\myvenv\\datasets\\images\\train\\4766.jpg","outputs":{"object":[{"name":" Microphone","bndbox":{"xmin":937,"ymin":112,"xmax":1021,"ymax":208}},{"name":" menu","bndbox":{"xmin":72,"ymin":115,"xmax":133,"ymax":196}},{"name":" more","bndbox":{"xmin":973,"ymin":596,"xmax":1009,"ymax":689}},{"name":" more","bndbox":{"xmin":955,"ymin":1181,"xmax":1015,"ymax":1265}},{"name":" add","bndbox":{"xmin":916,"ymin":1617,"xmax":997,"ymax":1734}}]},"time_labeled":1696213482540,"labeled":true,"size":{"width":1080,"height":1920,"depth":3}}