{"path":"C:\\Samsung Prism\\myvenv\\datasets\\images\\train\\4773.jpg","outputs":{"object":[{"name":" home","bndbox":{"xmin":39,"ymin":713,"xmax":109,"ymax":797}},{"name":" time","bndbox":{"xmin":30,"ymin":1229,"xmax":109,"ymax":1289}},{"name":" Cart","bndbox":{"xmin":36,"ymin":1337,"xmax":124,"ymax":1424}},{"name":" Microphone","bndbox":{"xmin":937,"ymin":106,"xmax":1009,"ymax":208}},{"name":" Camera","bndbox":{"xmin":24,"ymin":1602,"xmax":145,"ymax":1674}}]},"time_labeled":1696213566637,"labeled":true,"size":{"width":1080,"height":1920,"depth":3}}