{"path":"C:\\Samsung Prism\\myvenv\\datasets\\images\\train\\4774.jpg","outputs":{"object":[{"name":" arrow backward","bndbox":{"xmin":36,"ymin":100,"xmax":109,"ymax":166}},{"name":" share","bndbox":{"xmin":835,"ymin":487,"xmax":931,"ymax":617}},{"name":" check","bndbox":{"xmin":27,"ymin":1121,"xmax":115,"ymax":1220}},{"name":" add","bndbox":{"xmin":36,"ymin":1265,"xmax":99,"ymax":1352}},{"name":" add","bndbox":{"xmin":36,"ymin":1421,"xmax":112,"ymax":1493}}]},"time_labeled":1696213589428,"labeled":true,"size":{"width":1080,"height":1920,"depth":3}}