{"path":"C:\\Samsung Prism\\myvenv\\datasets\\images\\train\\4778.jpg","outputs":{"object":[{"name":" Microphone","bndbox":{"xmin":937,"ymin":100,"xmax":1024,"ymax":196}},{"name":" Camera","bndbox":{"xmin":24,"ymin":1602,"xmax":109,"ymax":1665}},{"name":" Cart","bndbox":{"xmin":24,"ymin":1355,"xmax":103,"ymax":1421}},{"name":" time","bndbox":{"xmin":36,"ymin":1220,"xmax":109,"ymax":1292}},{"name":" home","bndbox":{"xmin":36,"ymin":719,"xmax":103,"ymax":803}}]},"time_labeled":1696213685395,"labeled":true,"size":{"width":1080,"height":1920,"depth":3}}