{"path":"C:\\Samsung Prism\\myvenv\\datasets\\images\\train\\4782.jpg","outputs":{"object":[{"name":" time","bndbox":{"xmin":36,"ymin":403,"xmax":109,"ymax":484}},{"name":" Cart","bndbox":{"xmin":36,"ymin":512,"xmax":115,"ymax":605}},{"name":" Camera","bndbox":{"xmin":18,"ymin":773,"xmax":127,"ymax":845}},{"name":" share","bndbox":{"xmin":24,"ymin":1127,"xmax":109,"ymax":1199}},{"name":"star","bndbox":{"xmin":27,"ymin":1421,"xmax":109,"ymax":1493}},{"name":" settings","bndbox":{"xmin":27,"ymin":1554,"xmax":109,"ymax":1626}},{"name":" info","bndbox":{"xmin":42,"ymin":1665,"xmax":109,"ymax":1740}}]},"time_labeled":1696213768484,"labeled":true,"size":{"width":1080,"height":1920,"depth":3}}