{"path":"C:\\Samsung Prism\\myvenv\\datasets\\images\\train\\4791.jpg","outputs":{"object":[{"name":" time","bndbox":{"xmin":24,"ymin":403,"xmax":109,"ymax":463}},{"name":" share","bndbox":{"xmin":24,"ymin":1121,"xmax":103,"ymax":1196}},{"name":"star","bndbox":{"xmin":42,"ymin":1421,"xmax":109,"ymax":1481}},{"name":" settings","bndbox":{"xmin":30,"ymin":1542,"xmax":115,"ymax":1614}},{"name":" info","bndbox":{"xmin":36,"ymin":1668,"xmax":121,"ymax":1734}},{"name":" Cart","bndbox":{"xmin":36,"ymin":533,"xmax":121,"ymax":611}},{"name":" Camera","bndbox":{"xmin":36,"ymin":785,"xmax":121,"ymax":863}}]},"time_labeled":1696214009451,"labeled":true,"size":{"width":1080,"height":1920,"depth":3}}