{"path":"C:\\Samsung Prism\\myvenv\\datasets\\images\\train\\4802.jpg","outputs":{"object":[{"name":" check","bndbox":{"xmin":181,"ymin":695,"xmax":241,"ymax":773}},{"name":" check","bndbox":{"xmin":175,"ymin":947,"xmax":244,"ymax":1025}},{"name":" close","bndbox":{"xmin":175,"ymin":1217,"xmax":241,"ymax":1283}},{"name":" close","bndbox":{"xmin":157,"ymin":1304,"xmax":229,"ymax":1361}},{"name":" edit","bndbox":{"xmin":829,"ymin":76,"xmax":901,"ymax":166}},{"name":" close","bndbox":{"xmin":541,"ymin":88,"xmax":601,"ymax":172}},{"name":" delete","bndbox":{"xmin":673,"ymin":64,"xmax":760,"ymax":166}},{"name":" more","bndbox":{"xmin":961,"ymin":76,"xmax":1045,"ymax":190}}]},"time_labeled":1696214193858,"labeled":true,"size":{"width":1080,"height":1920,"depth":3}}