{"path":"C:\\Samsung Prism\\myvenv\\datasets\\images\\train\\4803.jpg","outputs":{"object":[{"name":" add","bndbox":{"xmin":949,"ymin":1433,"xmax":1060,"ymax":1509}},{"name":" close","bndbox":{"xmin":532,"ymin":91,"xmax":619,"ymax":172}},{"name":" delete","bndbox":{"xmin":661,"ymin":76,"xmax":757,"ymax":163}},{"name":" edit","bndbox":{"xmin":823,"ymin":70,"xmax":889,"ymax":184}},{"name":" more","bndbox":{"xmin":964,"ymin":76,"xmax":1045,"ymax":172}}]},"time_labeled":1696214245201,"labeled":true,"size":{"width":1080,"height":1920,"depth":3}}