{"path":"C:\\Samsung Prism\\myvenv\\datasets\\images\\train\\4804.jpg","outputs":{"object":[{"name":" more","bndbox":{"xmin":961,"ymin":76,"xmax":1057,"ymax":184}},{"name":" edit","bndbox":{"xmin":805,"ymin":76,"xmax":901,"ymax":166}},{"name":" arrow forward","bndbox":{"xmin":580,"ymin":977,"xmax":661,"ymax":1061}},{"name":" close","bndbox":{"xmin":517,"ymin":64,"xmax":625,"ymax":184}},{"name":" delete","bndbox":{"xmin":661,"ymin":64,"xmax":775,"ymax":172}},{"name":" search","bndbox":{"xmin":547,"ymin":196,"xmax":673,"ymax":307}},{"name":" search","bndbox":{"xmin":589,"ymin":848,"xmax":637,"ymax":905}},{"name":" add","bndbox":{"xmin":973,"ymin":1424,"xmax":1045,"ymax":1518}}]},"time_labeled":1696214366162,"labeled":true,"size":{"width":1080,"height":1920,"depth":3}}