{"path":"C:\\Samsung Prism\\myvenv\\datasets\\images\\train\\4805.jpg","outputs":{"object":[{"name":" add","bndbox":{"xmin":961,"ymin":1433,"xmax":1045,"ymax":1512}},{"name":" close","bndbox":{"xmin":517,"ymin":88,"xmax":601,"ymax":172}},{"name":" delete","bndbox":{"xmin":655,"ymin":55,"xmax":748,"ymax":184}},{"name":" edit","bndbox":{"xmin":829,"ymin":79,"xmax":913,"ymax":172}},{"name":" more","bndbox":{"xmin":985,"ymin":82,"xmax":1051,"ymax":196}}]},"time_labeled":1694948585243,"labeled":true,"size":{"width":1080,"height":1920,"depth":3}}