{"path":"C:\\Samsung Prism\\myvenv\\datasets\\images\\train\\4806.jpg","outputs":{"object":[{"name":" more","bndbox":{"xmin":973,"ymin":76,"xmax":1045,"ymax":184}},{"name":" edit","bndbox":{"xmin":805,"ymin":88,"xmax":901,"ymax":184}},{"name":" delete","bndbox":{"xmin":667,"ymin":67,"xmax":760,"ymax":175}},{"name":" close","bndbox":{"xmin":529,"ymin":76,"xmax":625,"ymax":166}},{"name":" add","bndbox":{"xmin":952,"ymin":1421,"xmax":1051,"ymax":1512}}]},"time_labeled":1696214417867,"labeled":true,"size":{"width":1080,"height":1920,"depth":3}}