{"path":"C:\\Samsung Prism\\myvenv\\datasets\\images\\train\\4807.jpg","outputs":{"object":[{"name":" close","bndbox":{"xmin":523,"ymin":88,"xmax":607,"ymax":160}},{"name":" add","bndbox":{"xmin":967,"ymin":1421,"xmax":1033,"ymax":1518}},{"name":" delete","bndbox":{"xmin":661,"ymin":88,"xmax":757,"ymax":175}},{"name":" edit","bndbox":{"xmin":817,"ymin":64,"xmax":913,"ymax":160}},{"name":" more","bndbox":{"xmin":961,"ymin":64,"xmax":1036,"ymax":184}}]},"time_labeled":1696214450982,"labeled":true,"size":{"width":1080,"height":1920,"depth":3}}