{"path":"C:\\Samsung Prism\\myvenv\\datasets\\images\\train\\4818.jpg","outputs":{"object":[{"name":" play","bndbox":{"xmin":24,"ymin":581,"xmax":72,"ymax":629}},{"name":" settings","bndbox":{"xmin":613,"ymin":1698,"xmax":691,"ymax":1770}},{"name":" menu","bndbox":{"xmin":733,"ymin":91,"xmax":841,"ymax":151}},{"name":" arrow forward","bndbox":{"xmin":631,"ymin":569,"xmax":685,"ymax":641}},{"name":" arrow forward","bndbox":{"xmin":631,"ymin":860,"xmax":691,"ymax":917}},{"name":" arrow forward","bndbox":{"xmin":625,"ymin":1040,"xmax":685,"ymax":1103}},{"name":" arrow forward","bndbox":{"xmin":625,"ymin":1136,"xmax":685,"ymax":1184}},{"name":" arrow forward","bndbox":{"xmin":625,"ymin":1506,"xmax":685,"ymax":1578}},{"name":" Camera","bndbox":{"xmin":12,"ymin":1506,"xmax":84,"ymax":1554}}]},"time_labeled":1696214669864,"labeled":true,"size":{"width":1080,"height":1920,"depth":3}}