{"path":"C:\\Samsung Prism\\myvenv\\datasets\\images\\train\\4822.jpg","outputs":{"object":[{"name":" menu","bndbox":{"xmin":745,"ymin":94,"xmax":847,"ymax":154}},{"name":" play","bndbox":{"xmin":12,"ymin":584,"xmax":75,"ymax":641}},{"name":" Camera","bndbox":{"xmin":15,"ymin":1506,"xmax":78,"ymax":1566}},{"name":" settings","bndbox":{"xmin":613,"ymin":1698,"xmax":697,"ymax":1776}},{"name":" arrow forward","bndbox":{"xmin":625,"ymin":569,"xmax":685,"ymax":629}},{"name":" arrow forward","bndbox":{"xmin":613,"ymin":857,"xmax":673,"ymax":905}},{"name":" arrow forward","bndbox":{"xmin":625,"ymin":1037,"xmax":673,"ymax":1097}},{"name":" arrow forward","bndbox":{"xmin":628,"ymin":1124,"xmax":667,"ymax":1187}},{"name":" arrow forward","bndbox":{"xmin":628,"ymin":1493,"xmax":673,"ymax":1557}}]},"time_labeled":1694949314674,"labeled":true,"size":{"width":1080,"height":1920,"depth":3}}