{"path":"C:\\Samsung Prism\\myvenv\\datasets\\images\\train\\4827.jpg","outputs":{"object":[{"name":" menu","bndbox":{"xmin":724,"ymin":88,"xmax":841,"ymax":148}},{"name":" play","bndbox":{"xmin":12,"ymin":581,"xmax":84,"ymax":629}},{"name":" Camera","bndbox":{"xmin":12,"ymin":1496,"xmax":72,"ymax":1566}},{"name":" settings","bndbox":{"xmin":613,"ymin":1698,"xmax":685,"ymax":1785}},{"name":" arrow forward","bndbox":{"xmin":637,"ymin":569,"xmax":673,"ymax":641}},{"name":" arrow forward","bndbox":{"xmin":628,"ymin":851,"xmax":673,"ymax":917}},{"name":" arrow forward","bndbox":{"xmin":625,"ymin":1040,"xmax":688,"ymax":1088}},{"name":" arrow forward","bndbox":{"xmin":636,"ymin":1133,"xmax":672,"ymax":1193}},{"name":" arrow forward","bndbox":{"xmin":625,"ymin":1506,"xmax":673,"ymax":1566}}]},"time_labeled":1694949539648,"labeled":true,"size":{"width":1080,"height":1920,"depth":3}}