{"path":"C:\\Samsung Prism\\myvenv\\datasets\\images\\train\\4853.jpg","outputs":{"object":[{"name":" arrow backward","bndbox":{"xmin":15,"ymin":76,"xmax":90,"ymax":175}},{"name":" more","bndbox":{"xmin":985,"ymin":52,"xmax":1048,"ymax":190}},{"name":" expand more","bndbox":{"xmin":667,"ymin":496,"xmax":733,"ymax":557}},{"name":" expand more","bndbox":{"xmin":655,"ymin":809,"xmax":736,"ymax":857}},{"name":" expand more","bndbox":{"xmin":673,"ymin":947,"xmax":721,"ymax":1013}},{"name":" expand more","bndbox":{"xmin":673,"ymin":1109,"xmax":733,"ymax":1148}},{"name":" expand more","bndbox":{"xmin":697,"ymin":1376,"xmax":739,"ymax":1436}},{"name":" expand more","bndbox":{"xmin":709,"ymin":1518,"xmax":745,"ymax":1590}},{"name":" expand more","bndbox":{"xmin":685,"ymin":1638,"xmax":739,"ymax":1692}}]},"time_labeled":1694950737202,"labeled":true,"size":{"width":1080,"height":1920,"depth":3}}