{"path":"C:\\Samsung Prism\\myvenv\\datasets\\images\\train\\4859.jpg","outputs":{"object":[{"name":" arrow backward","bndbox":{"xmin":-8,"ymin":64,"xmax":112,"ymax":172}},{"name":" more","bndbox":{"xmin":976,"ymin":67,"xmax":1057,"ymax":172}},{"name":" expand more","bndbox":{"xmin":697,"ymin":1379,"xmax":757,"ymax":1448}},{"name":" expand more","bndbox":{"xmin":688,"ymin":1509,"xmax":760,"ymax":1578}},{"name":" expand more","bndbox":{"xmin":691,"ymin":1638,"xmax":739,"ymax":1698}}]},"time_labeled":1694950923629,"labeled":true,"size":{"width":1080,"height":1920,"depth":3}}