{"path":"C:\\Samsung Prism\\myvenv\\datasets\\images\\train\\4864.jpg","outputs":{"object":[{"name":" arrow backward","bndbox":{"xmin":36,"ymin":103,"xmax":109,"ymax":184}},{"name":"star","bndbox":{"xmin":865,"ymin":88,"xmax":931,"ymax":175}},{"name":" more","bndbox":{"xmin":985,"ymin":94,"xmax":1045,"ymax":172}},{"name":" Bluetooth","bndbox":{"xmin":124,"ymin":1530,"xmax":208,"ymax":1650}},{"name":" chat","bndbox":{"xmin":316,"ymin":1506,"xmax":487,"ymax":1653}}]},"time_labeled":1694951069262,"labeled":true,"size":{"width":1080,"height":1920,"depth":3}}