{"path":"C:\\Samsung Prism\\myvenv\\datasets\\images\\train\\4868.jpg","outputs":{"object":[{"name":" menu","bndbox":{"xmin":27,"ymin":100,"xmax":121,"ymax":160}},{"name":" search","bndbox":{"xmin":871,"ymin":100,"xmax":949,"ymax":199}},{"name":" more","bndbox":{"xmin":997,"ymin":91,"xmax":1057,"ymax":184}},{"name":" arrow forward","bndbox":{"xmin":469,"ymin":1686,"xmax":517,"ymax":1752}},{"name":" close","bndbox":{"xmin":1033,"ymin":1656,"xmax":1081,"ymax":1698}}]},"time_labeled":1694951170285,"labeled":true,"size":{"width":1080,"height":1920,"depth":3}}