{"path":"C:\\Samsung Prism\\myvenv\\datasets\\images\\train\\4871.jpg","outputs":{"object":[{"name":" menu","bndbox":{"xmin":24,"ymin":100,"xmax":109,"ymax":184}},{"name":" search","bndbox":{"xmin":868,"ymin":88,"xmax":949,"ymax":172}},{"name":" more","bndbox":{"xmin":991,"ymin":91,"xmax":1060,"ymax":172}},{"name":" arrow forward","bndbox":{"xmin":361,"ymin":1686,"xmax":421,"ymax":1761}},{"name":" close","bndbox":{"xmin":1033,"ymin":1653,"xmax":1075,"ymax":1710}}]},"time_labeled":1694951275990,"labeled":true,"size":{"width":1080,"height":1920,"depth":3}}