{"path":"C:\\Samsung Prism\\myvenv\\datasets\\images\\train\\4879.jpg","outputs":{"object":[{"name":" arrow backward","bndbox":{"xmin":15,"ymin":100,"xmax":121,"ymax":196}},{"name":"star","bndbox":{"xmin":853,"ymin":88,"xmax":937,"ymax":190}},{"name":" more","bndbox":{"xmin":1003,"ymin":100,"xmax":1057,"ymax":175}},{"name":" share","bndbox":{"xmin":913,"ymin":1460,"xmax":1021,"ymax":1602}},{"name":" arrow forward","bndbox":{"xmin":451,"ymin":1677,"xmax":541,"ymax":1758}}]},"time_labeled":1694951624979,"labeled":true,"size":{"width":1080,"height":1920,"depth":3}}