{"path":"C:\\Samsung Prism\\myvenv\\datasets\\images\\train\\4880.jpg","outputs":{"object":[{"name":" share","bndbox":{"xmin":937,"ymin":1481,"xmax":1015,"ymax":1602}},{"name":" more","bndbox":{"xmin":985,"ymin":91,"xmax":1051,"ymax":184}},{"name":"star","bndbox":{"xmin":847,"ymin":94,"xmax":949,"ymax":196}},{"name":" Bluetooth","bndbox":{"xmin":409,"ymin":196,"xmax":484,"ymax":316}},{"name":" chat","bndbox":{"xmin":415,"ymin":343,"xmax":493,"ymax":448}},{"name":" arrow backward","bndbox":{"xmin":42,"ymin":88,"xmax":112,"ymax":175}}]},"time_labeled":1694951671901,"labeled":true,"size":{"width":1080,"height":1920,"depth":3}}