{"path":"C:\\Samsung Prism\\myvenv\\datasets\\images\\train\\4890.jpg","outputs":{"object":[{"name":" arrow backward","bndbox":{"xmin":27,"ymin":94,"xmax":96,"ymax":184}},{"name":" search","bndbox":{"xmin":967,"ymin":79,"xmax":1045,"ymax":196}},{"name":" add","bndbox":{"xmin":39,"ymin":1367,"xmax":109,"ymax":1451}},{"name":" add","bndbox":{"xmin":988,"ymin":1205,"xmax":1033,"ymax":1292}},{"name":" add","bndbox":{"xmin":36,"ymin":1530,"xmax":109,"ymax":1590}},{"name":" add","bndbox":{"xmin":36,"ymin":1662,"xmax":96,"ymax":1734}}]},"time_labeled":1694951893943,"labeled":true,"size":{"width":1080,"height":1920,"depth":3}}