{"path":"C:\\Samsung Prism\\myvenv\\datasets\\images\\train\\4895.jpg","outputs":{"object":[{"name":" home","bndbox":{"xmin":24,"ymin":539,"xmax":124,"ymax":629}},{"name":" Cart","bndbox":{"xmin":36,"ymin":923,"xmax":115,"ymax":1004}},{"name":" settings","bndbox":{"xmin":24,"ymin":1433,"xmax":121,"ymax":1518}},{"name":" Microphone","bndbox":{"xmin":952,"ymin":100,"xmax":1033,"ymax":190}},{"name":" Microphone","bndbox":{"xmin":925,"ymin":1487,"xmax":1003,"ymax":1596}}]},"time_labeled":1696151380646,"labeled":true,"size":{"width":1080,"height":1920,"depth":3}}