{"path":"C:\\Samsung Prism\\myvenv\\datasets\\images\\train\\4896.jpg","outputs":{"object":[{"name":" search","bndbox":{"xmin":952,"ymin":100,"xmax":1057,"ymax":187}},{"name":" arrow backward","bndbox":{"xmin":27,"ymin":100,"xmax":109,"ymax":172}},{"name":" add","bndbox":{"xmin":48,"ymin":328,"xmax":96,"ymax":400}},{"name":" add","bndbox":{"xmin":48,"ymin":466,"xmax":96,"ymax":536}},{"name":" share","bndbox":{"xmin":475,"ymin":596,"xmax":613,"ymax":707}}]},"time_labeled":1696151441263,"labeled":true,"size":{"width":1080,"height":1920,"depth":3}}