{"path":"C:\\Samsung Prism\\myvenv\\datasets\\images\\train\\4901.jpg","outputs":{"object":[{"name":" search","bndbox":{"xmin":964,"ymin":88,"xmax":1057,"ymax":196}},{"name":" arrow backward","bndbox":{"xmin":48,"ymin":106,"xmax":109,"ymax":172}},{"name":" add","bndbox":{"xmin":985,"ymin":1397,"xmax":1045,"ymax":1463}},{"name":" add","bndbox":{"xmin":48,"ymin":1542,"xmax":96,"ymax":1602}},{"name":" add","bndbox":{"xmin":39,"ymin":1680,"xmax":96,"ymax":1734}}]},"time_labeled":1696151926823,"labeled":true,"size":{"width":1080,"height":1920,"depth":3}}