{"path":"C:\\Samsung Prism\\myvenv\\datasets\\images\\train\\4904.jpg","outputs":{"object":[{"name":" arrow backward","bndbox":{"xmin":36,"ymin":100,"xmax":109,"ymax":172}},{"name":" search","bndbox":{"xmin":943,"ymin":88,"xmax":1045,"ymax":175}},{"name":" expand more","bndbox":{"xmin":436,"ymin":1049,"xmax":508,"ymax":1097}},{"name":" expand more","bndbox":{"xmin":853,"ymin":1049,"xmax":919,"ymax":1097}}]},"time_labeled":1696152067426,"labeled":true,"size":{"width":1080,"height":1920,"depth":3}}