{"path":"C:\\Samsung Prism\\myvenv\\datasets\\images\\train\\4905.jpg","outputs":{"object":[{"name":" expand more","bndbox":{"xmin":439,"ymin":1049,"xmax":511,"ymax":1091}},{"name":" expand more","bndbox":{"xmin":853,"ymin":1052,"xmax":913,"ymax":1097}},{"name":" arrow backward","bndbox":{"xmin":27,"ymin":106,"xmax":124,"ymax":166}},{"name":" search","bndbox":{"xmin":949,"ymin":91,"xmax":1048,"ymax":184}}]},"time_labeled":1696152101848,"labeled":true,"size":{"width":1080,"height":1920,"depth":3}}