{"path":"C:\\Samsung Prism\\myvenv\\datasets\\images\\train\\4908.jpg","outputs":{"object":[{"name":" search","bndbox":{"xmin":949,"ymin":91,"xmax":1051,"ymax":172}},{"name":" arrow backward","bndbox":{"xmin":51,"ymin":100,"xmax":96,"ymax":172}},{"name":" add","bndbox":{"xmin":48,"ymin":1289,"xmax":96,"ymax":1343}},{"name":" add","bndbox":{"xmin":42,"ymin":1433,"xmax":96,"ymax":1493}},{"name":" add","bndbox":{"xmin":39,"ymin":1590,"xmax":96,"ymax":1650}},{"name":" add","bndbox":{"xmin":48,"ymin":1722,"xmax":96,"ymax":1782}}]},"time_labeled":1696152288242,"labeled":true,"size":{"width":1080,"height":1920,"depth":3}}