{"path":"C:\\Samsung Prism\\myvenv\\datasets\\images\\train\\4909.jpg","outputs":{"object":[{"name":" add","bndbox":{"xmin":39,"ymin":1542,"xmax":103,"ymax":1602}},{"name":" add","bndbox":{"xmin":48,"ymin":1674,"xmax":99,"ymax":1746}},{"name":" add","bndbox":{"xmin":985,"ymin":1397,"xmax":1036,"ymax":1472}},{"name":" arrow backward","bndbox":{"xmin":42,"ymin":100,"xmax":103,"ymax":175}},{"name":" search","bndbox":{"xmin":973,"ymin":100,"xmax":1048,"ymax":199}}]},"time_labeled":1696152326398,"labeled":true,"size":{"width":1080,"height":1920,"depth":3}}