{"path":"C:\\Samsung Prism\\myvenv\\datasets\\images\\train\\4947.jpg","outputs":{"object":[{"name":"star","bndbox":{"xmin":829,"ymin":88,"xmax":925,"ymax":172}},{"name":" time","bndbox":{"xmin":568,"ymin":88,"xmax":637,"ymax":160}},{"name":" refresh","bndbox":{"xmin":433,"ymin":76,"xmax":511,"ymax":163}},{"name":" search","bndbox":{"xmin":160,"ymin":76,"xmax":241,"ymax":184}},{"name":" home","bndbox":{"xmin":24,"ymin":91,"xmax":109,"ymax":172}},{"name":" close","bndbox":{"xmin":739,"ymin":1674,"xmax":784,"ymax":1734}},{"name":" arrow forward","bndbox":{"xmin":409,"ymin":560,"xmax":460,"ymax":605}},{"name":" time","bndbox":{"xmin":691,"ymin":76,"xmax":757,"ymax":130}},{"name":" arrow forward","bndbox":{"xmin":979,"ymin":91,"xmax":1057,"ymax":148}}]},"time_labeled":1696153871600,"labeled":true,"size":{"width":1080,"height":1920,"depth":3}}