{"path":"C:\\Samsung Prism\\myvenv\\datasets\\images\\train\\4954.jpg","outputs":{"object":[{"name":" close","bndbox":{"xmin":30,"ymin":88,"xmax":121,"ymax":172}},{"name":" menu","bndbox":{"xmin":973,"ymin":220,"xmax":1075,"ymax":292}},{"name":" more","bndbox":{"xmin":997,"ymin":88,"xmax":1045,"ymax":178}},{"name":" arrow backward","bndbox":{"xmin":30,"ymin":343,"xmax":84,"ymax":412}},{"name":" arrow backward","bndbox":{"xmin":36,"ymin":1506,"xmax":115,"ymax":1584}},{"name":" arrow backward","bndbox":{"xmin":18,"ymin":1692,"xmax":87,"ymax":1770}},{"name":" arrow forward","bndbox":{"xmin":961,"ymin":1484,"xmax":1045,"ymax":1593}},{"name":" arrow forward","bndbox":{"xmin":997,"ymin":1689,"xmax":1060,"ymax":1752}},{"name":" refresh","bndbox":{"xmin":865,"ymin":460,"xmax":928,"ymax":533}}]},"time_labeled":1696154061147,"labeled":true,"size":{"width":1080,"height":1920,"depth":3}}