{"path":"C:\\Samsung Prism\\myvenv\\datasets\\images\\train\\4955.jpg","outputs":{"object":[{"name":" arrow backward","bndbox":{"xmin":36,"ymin":346,"xmax":75,"ymax":412}},{"name":" arrow backward","bndbox":{"xmin":36,"ymin":1496,"xmax":124,"ymax":1593}},{"name":" arrow backward","bndbox":{"xmin":27,"ymin":1698,"xmax":84,"ymax":1758}},{"name":" arrow forward","bndbox":{"xmin":997,"ymin":1680,"xmax":1069,"ymax":1773}},{"name":" arrow forward","bndbox":{"xmin":967,"ymin":1506,"xmax":1045,"ymax":1581}},{"name":" menu","bndbox":{"xmin":973,"ymin":232,"xmax":1057,"ymax":295}},{"name":" more","bndbox":{"xmin":985,"ymin":82,"xmax":1057,"ymax":166}},{"name":" refresh","bndbox":{"xmin":865,"ymin":460,"xmax":925,"ymax":539}}]},"time_labeled":1696154129783,"labeled":true,"size":{"width":1080,"height":1920,"depth":3}}