{"path":"C:\\Samsung Prism\\myvenv\\datasets\\images\\train\\4956.jpg","outputs":{"object":[{"name":" arrow backward","bndbox":{"xmin":36,"ymin":352,"xmax":75,"ymax":400}},{"name":" arrow backward","bndbox":{"xmin":48,"ymin":1493,"xmax":115,"ymax":1590}},{"name":" arrow backward","bndbox":{"xmin":15,"ymin":1680,"xmax":90,"ymax":1770}},{"name":" arrow forward","bndbox":{"xmin":997,"ymin":1686,"xmax":1069,"ymax":1770}},{"name":" arrow forward","bndbox":{"xmin":979,"ymin":1493,"xmax":1045,"ymax":1578}},{"name":" refresh","bndbox":{"xmin":865,"ymin":472,"xmax":925,"ymax":533}},{"name":" menu","bndbox":{"xmin":973,"ymin":220,"xmax":1057,"ymax":304}},{"name":" more","bndbox":{"xmin":973,"ymin":76,"xmax":1045,"ymax":172}}]},"time_labeled":1696154180723,"labeled":true,"size":{"width":1080,"height":1920,"depth":3}}