{"path":"C:\\Samsung Prism\\myvenv\\datasets\\images\\train\\4962.jpg","outputs":{"object":[{"name":" pause","bndbox":{"xmin":505,"ymin":1409,"xmax":589,"ymax":1506}},{"name":" Skip Next","bndbox":{"xmin":721,"ymin":1409,"xmax":811,"ymax":1493}},{"name":" Skip Previous","bndbox":{"xmin":280,"ymin":1421,"xmax":355,"ymax":1484}},{"name":" arrow forward","bndbox":{"xmin":952,"ymin":1412,"xmax":1081,"ymax":1487}},{"name":" settings","bndbox":{"xmin":913,"ymin":989,"xmax":1045,"ymax":1121}}]},"time_labeled":1696154389773,"labeled":true,"size":{"width":1080,"height":1920,"depth":3}}