{"path":"C:\\Samsung Prism\\myvenv\\datasets\\images\\train\\4963.jpg","outputs":{"object":[{"name":" check","bndbox":{"xmin":985,"ymin":280,"xmax":1057,"ymax":352}},{"name":" check","bndbox":{"xmin":985,"ymin":656,"xmax":1048,"ymax":743}},{"name":" check","bndbox":{"xmin":985,"ymin":785,"xmax":1057,"ymax":875}},{"name":" check","bndbox":{"xmin":973,"ymin":965,"xmax":1045,"ymax":1052}},{"name":" check","bndbox":{"xmin":991,"ymin":1313,"xmax":1051,"ymax":1373}}]},"time_labeled":1696154317647,"labeled":true,"size":{"width":1080,"height":1920,"depth":3}}