{"path":"C:\\Samsung Prism\\myvenv\\datasets\\images\\train\\5039.jpg","outputs":{"object":[{"name":" arrow forward","bndbox":{"xmin":997,"ymin":328,"xmax":1087,"ymax":463}},{"name":" arrow forward","bndbox":{"xmin":967,"ymin":716,"xmax":1075,"ymax":845}},{"name":" add","bndbox":{"xmin":961,"ymin":487,"xmax":1045,"ymax":581}},{"name":" add","bndbox":{"xmin":961,"ymin":617,"xmax":1045,"ymax":695}},{"name":" add","bndbox":{"xmin":961,"ymin":872,"xmax":1051,"ymax":953}},{"name":" add","bndbox":{"xmin":949,"ymin":1013,"xmax":1045,"ymax":1088}}]},"time_labeled":1696156037672,"labeled":true,"size":{"width":1080,"height":1920,"depth":3}}