{"path":"C:\\Samsung Prism\\myvenv\\datasets\\images\\train\\5049.jpg","outputs":{"object":[{"name":" notifications","bndbox":{"xmin":979,"ymin":67,"xmax":1072,"ymax":166}},{"name":" Cart","bndbox":{"xmin":499,"ymin":178,"xmax":589,"ymax":256}},{"name":" search","bndbox":{"xmin":709,"ymin":184,"xmax":805,"ymax":256}},{"name":" arrow forward","bndbox":{"xmin":760,"ymin":1109,"xmax":817,"ymax":1157}},{"name":" home","bndbox":{"xmin":39,"ymin":172,"xmax":157,"ymax":262}}]},"time_labeled":1696156235593,"labeled":true,"size":{"width":1080,"height":1920,"depth":3}}