{"path":"C:\\Samsung Prism\\myvenv\\datasets\\images\\train\\5060.jpg","outputs":{"object":[{"name":" arrow backward","bndbox":{"xmin":39,"ymin":100,"xmax":109,"ymax":163}},{"name":" expand more","bndbox":{"xmin":919,"ymin":557,"xmax":979,"ymax":611}},{"name":" expand more","bndbox":{"xmin":931,"ymin":833,"xmax":973,"ymax":887}},{"name":" expand more","bndbox":{"xmin":928,"ymin":1097,"xmax":985,"ymax":1145}}]},"time_labeled":1696156414839,"labeled":true,"size":{"width":1080,"height":1920,"depth":3}}