{"path":"C:\\Samsung Prism\\myvenv\\datasets\\images\\train\\5066.jpg","outputs":{"object":[{"name":" menu","bndbox":{"xmin":27,"ymin":103,"xmax":109,"ymax":172}},{"name":" home","bndbox":{"xmin":625,"ymin":100,"xmax":697,"ymax":163}},{"name":" search","bndbox":{"xmin":745,"ymin":100,"xmax":829,"ymax":178}},{"name":" add","bndbox":{"xmin":871,"ymin":91,"xmax":952,"ymax":172}},{"name":" more","bndbox":{"xmin":991,"ymin":91,"xmax":1060,"ymax":172}}]},"time_labeled":1696156501021,"labeled":true,"size":{"width":1080,"height":1920,"depth":3}}