{"path":"C:\\Samsung Prism\\myvenv\\datasets\\images\\train\\5069.jpg","outputs":{"object":[{"name":" arrow backward","bndbox":{"xmin":30,"ymin":100,"xmax":109,"ymax":160}},{"name":" home","bndbox":{"xmin":24,"ymin":232,"xmax":84,"ymax":295}},{"name":" play","bndbox":{"xmin":24,"ymin":448,"xmax":84,"ymax":496}},{"name":"star","bndbox":{"xmin":33,"ymin":1144,"xmax":66,"ymax":1198}},{"name":" Save/Bookmark","bndbox":{"xmin":24,"ymin":1247,"xmax":84,"ymax":1304}},{"name":" search","bndbox":{"xmin":24,"ymin":1457,"xmax":75,"ymax":1521}},{"name":" search","bndbox":{"xmin":745,"ymin":100,"xmax":817,"ymax":172}},{"name":" time","bndbox":{"xmin":613,"ymin":88,"xmax":691,"ymax":172}},{"name":" add","bndbox":{"xmin":877,"ymin":82,"xmax":940,"ymax":163}},{"name":" more","bndbox":{"xmin":1000,"ymin":100,"xmax":1033,"ymax":184}},{"name":" add","bndbox":{"xmin":421,"ymin":1674,"xmax":493,"ymax":1770}},{"name":" refresh","bndbox":{"xmin":109,"ymin":1692,"xmax":199,"ymax":1782}}]},"time_labeled":1696156661398,"labeled":true,"size":{"width":1080,"height":1920,"depth":3}}