{"path":"C:\\Samsung Prism\\myvenv\\datasets\\images\\train\\5070.jpg","outputs":{"object":[{"name":" refresh","bndbox":{"xmin":109,"ymin":1686,"xmax":193,"ymax":1770}},{"name":" add","bndbox":{"xmin":424,"ymin":1692,"xmax":481,"ymax":1764}},{"name":" add","bndbox":{"xmin":505,"ymin":94,"xmax":556,"ymax":172}},{"name":" time","bndbox":{"xmin":613,"ymin":103,"xmax":709,"ymax":172}},{"name":" more","bndbox":{"xmin":997,"ymin":100,"xmax":1045,"ymax":175}},{"name":" home","bndbox":{"xmin":24,"ymin":220,"xmax":84,"ymax":292}},{"name":" play","bndbox":{"xmin":18,"ymin":436,"xmax":87,"ymax":490}},{"name":"star","bndbox":{"xmin":24,"ymin":1133,"xmax":84,"ymax":1205}},{"name":" Save/Bookmark","bndbox":{"xmin":12,"ymin":1241,"xmax":84,"ymax":1313}},{"name":" search","bndbox":{"xmin":24,"ymin":1457,"xmax":84,"ymax":1518}},{"name":" arrow backward","bndbox":{"xmin":36,"ymin":94,"xmax":96,"ymax":166}}]},"time_labeled":1696156760285,"labeled":true,"size":{"width":1080,"height":1920,"depth":3}}