{"path":"C:\\Samsung Prism\\myvenv\\datasets\\images\\train\\5076.jpg","outputs":{"object":[{"name":" arrow backward","bndbox":{"xmin":36,"ymin":100,"xmax":109,"ymax":172}},{"name":" search","bndbox":{"xmin":979,"ymin":88,"xmax":1057,"ymax":184}},{"name":" search","bndbox":{"xmin":18,"ymin":1457,"xmax":84,"ymax":1530}},{"name":" Save/Bookmark","bndbox":{"xmin":24,"ymin":1229,"xmax":84,"ymax":1313}},{"name":"star","bndbox":{"xmin":24,"ymin":1145,"xmax":72,"ymax":1205}},{"name":" play","bndbox":{"xmin":24,"ymin":442,"xmax":90,"ymax":496}},{"name":" home","bndbox":{"xmin":24,"ymin":226,"xmax":96,"ymax":304}},{"name":" refresh","bndbox":{"xmin":121,"ymin":1680,"xmax":184,"ymax":1773}},{"name":" add","bndbox":{"xmin":412,"ymin":1689,"xmax":487,"ymax":1764}}]},"time_labeled":1696156976806,"labeled":true,"size":{"width":1080,"height":1920,"depth":3}}