{"path":"C:\\Samsung Prism\\myvenv\\datasets\\images\\train\\5099.jpg","outputs":{"object":[{"name":" arrow backward","bndbox":{"xmin":24,"ymin":118,"xmax":109,"ymax":187}},{"name":" time","bndbox":{"xmin":721,"ymin":1662,"xmax":793,"ymax":1737}},{"name":"star","bndbox":{"xmin":505,"ymin":1662,"xmax":583,"ymax":1746}},{"name":" share","bndbox":{"xmin":277,"ymin":1662,"xmax":397,"ymax":1746}},{"name":" emoji","bndbox":{"xmin":51,"ymin":1653,"xmax":172,"ymax":1746}}]},"time_labeled":1696157160648,"labeled":true,"size":{"width":1080,"height":1920,"depth":3}}