{"path":"C:\\Samsung Prism\\myvenv\\datasets\\images\\train\\5104.jpg","outputs":{"object":[{"name":" arrow forward","bndbox":{"xmin":964,"ymin":1698,"xmax":1069,"ymax":1788}},{"name":" arrow backward","bndbox":{"xmin":0,"ymin":1710,"xmax":109,"ymax":1785}},{"name":" arrow backward","bndbox":{"xmin":0,"ymin":4,"xmax":148,"ymax":136}},{"name":" share","bndbox":{"xmin":817,"ymin":40,"xmax":901,"ymax":112}},{"name":" play","bndbox":{"xmin":937,"ymin":16,"xmax":1057,"ymax":130}}]},"time_labeled":1696157274709,"labeled":true,"size":{"width":1080,"height":1920,"depth":3}}