{"path":"C:\\Samsung Prism\\myvenv\\datasets\\images\\train\\5105.jpg","outputs":{"object":[{"name":" play","bndbox":{"xmin":24,"ymin":31,"xmax":112,"ymax":103}},{"name":" info","bndbox":{"xmin":973,"ymin":19,"xmax":1051,"ymax":94}},{"name":" Skip Next","bndbox":{"xmin":1012,"ymin":202,"xmax":1081,"ymax":268}},{"name":" Skip Next","bndbox":{"xmin":1021,"ymin":415,"xmax":1081,"ymax":478}},{"name":" Skip Next","bndbox":{"xmin":1015,"ymin":641,"xmax":1075,"ymax":689}},{"name":" Skip Next","bndbox":{"xmin":1012,"ymin":845,"xmax":1063,"ymax":893}},{"name":" Skip Next","bndbox":{"xmin":1009,"ymin":1055,"xmax":1069,"ymax":1112}},{"name":" Skip Next","bndbox":{"xmin":1021,"ymin":1265,"xmax":1069,"ymax":1313}},{"name":" Skip Next","bndbox":{"xmin":1012,"ymin":1481,"xmax":1084,"ymax":1545}},{"name":" Skip Next","bndbox":{"xmin":1009,"ymin":1710,"xmax":1069,"ymax":1746}},{"name":" play","bndbox":{"xmin":12,"ymin":199,"xmax":96,"ymax":268}},{"name":" play","bndbox":{"xmin":24,"ymin":424,"xmax":84,"ymax":484}},{"name":" play","bndbox":{"xmin":27,"ymin":629,"xmax":84,"ymax":695}},{"name":" play","bndbox":{"xmin":30,"ymin":836,"xmax":84,"ymax":911}},{"name":" play","bndbox":{"xmin":24,"ymin":1049,"xmax":78,"ymax":1121}},{"name":" play","bndbox":{"xmin":24,"ymin":1277,"xmax":84,"ymax":1325}},{"name":" play","bndbox":{"xmin":24,"ymin":1481,"xmax":78,"ymax":1554}},{"name":" play","bndbox":{"xmin":24,"ymin":1686,"xmax":87,"ymax":1782}}]},"time_labeled":1696157496249,"labeled":true,"size":{"width":1080,"height":1920,"depth":3}}