{"path":"C:\\Samsung Prism\\myvenv\\datasets\\images\\train\\5107.jpg","outputs":{"object":[{"name":" arrow backward","bndbox":{"xmin":1,"ymin":44,"xmax":19,"ymax":77}},{"name":"star","bndbox":{"xmin":480,"ymin":44,"xmax":522,"ymax":92}},{"name":" arrow forward","bndbox":{"xmin":488,"ymin":155,"xmax":528,"ymax":212}},{"name":" info","bndbox":{"xmin":133,"ymin":584,"xmax":157,"ymax":608}},{"name":" info","bndbox":{"xmin":247,"ymin":692,"xmax":268,"ymax":716}},{"name":" info","bndbox":{"xmin":244,"ymin":740,"xmax":268,"ymax":770}}]},"time_labeled":1696157554146,"labeled":true,"size":{"width":540,"height":960,"depth":3}}