{"path":"C:\\Samsung Prism\\myvenv\\datasets\\images\\train\\5111.jpg","outputs":{"object":[{"name":" arrow backward","bndbox":{"xmin":1,"ymin":47,"xmax":19,"ymax":77}},{"name":" search","bndbox":{"xmin":404,"ymin":38,"xmax":450,"ymax":86}},{"name":" more","bndbox":{"xmin":489,"ymin":32,"xmax":516,"ymax":80}},{"name":"star","bndbox":{"xmin":480,"ymin":470,"xmax":522,"ymax":509}},{"name":"star","bndbox":{"xmin":483,"ymin":536,"xmax":524,"ymax":578}},{"name":"star","bndbox":{"xmin":480,"ymin":598,"xmax":528,"ymax":635}},{"name":"star","bndbox":{"xmin":486,"ymin":653,"xmax":522,"ymax":688}},{"name":"star","bndbox":{"xmin":483,"ymin":710,"xmax":522,"ymax":749}},{"name":"star","bndbox":{"xmin":486,"ymin":767,"xmax":522,"ymax":800}},{"name":"star","bndbox":{"xmin":480,"ymin":818,"xmax":518,"ymax":856}},{"name":"star","bndbox":{"xmin":483,"ymin":392,"xmax":522,"ymax":428}},{"name":"star","bndbox":{"xmin":480,"ymin":314,"xmax":528,"ymax":356}},{"name":"star","bndbox":{"xmin":483,"ymin":242,"xmax":528,"ymax":284}},{"name":"star","bndbox":{"xmin":480,"ymin":178,"xmax":522,"ymax":212}}]},"time_labeled":1696157706502,"labeled":true,"size":{"width":540,"height":960,"depth":3}}