{"path":"C:\\Samsung Prism\\myvenv\\datasets\\images\\train\\5112.jpg","outputs":{"object":[{"name":"star","bndbox":{"xmin":492,"ymin":202,"xmax":516,"ymax":242}},{"name":"star","bndbox":{"xmin":486,"ymin":260,"xmax":522,"ymax":296}},{"name":"star","bndbox":{"xmin":488,"ymin":326,"xmax":524,"ymax":374}},{"name":"star","bndbox":{"xmin":483,"ymin":406,"xmax":528,"ymax":452}},{"name":"star","bndbox":{"xmin":482,"ymin":476,"xmax":528,"ymax":518}},{"name":"star","bndbox":{"xmin":486,"ymin":590,"xmax":525,"ymax":622}},{"name":"star","bndbox":{"xmin":486,"ymin":662,"xmax":516,"ymax":712}},{"name":"star","bndbox":{"xmin":482,"ymin":742,"xmax":516,"ymax":788}},{"name":"star","bndbox":{"xmin":486,"ymin":857,"xmax":522,"ymax":896}},{"name":" more","bndbox":{"xmin":494,"ymin":38,"xmax":516,"ymax":80}},{"name":" search","bndbox":{"xmin":408,"ymin":35,"xmax":450,"ymax":86}},{"name":" arrow backward","bndbox":{"xmin":-4,"ymin":38,"xmax":19,"ymax":80}}]},"time_labeled":1696157764662,"labeled":true,"size":{"width":540,"height":960,"depth":3}}