{"path":"C:\\Samsung Prism\\myvenv\\datasets\\images\\train\\5128.jpg","outputs":{"object":[{"name":" Cart","bndbox":{"xmin":73,"ymin":830,"xmax":133,"ymax":878}},{"name":" Cart","bndbox":{"xmin":486,"ymin":47,"xmax":531,"ymax":92}},{"name":" search","bndbox":{"xmin":438,"ymin":56,"xmax":468,"ymax":89}},{"name":" arrow backward","bndbox":{"xmin":19,"ymin":50,"xmax":49,"ymax":82}},{"name":" share","bndbox":{"xmin":283,"ymin":170,"xmax":316,"ymax":212}}]},"time_labeled":1696158477979,"labeled":true,"size":{"width":540,"height":960,"depth":3}}