{"path":"C:\\Samsung Prism\\myvenv\\datasets\\images\\train\\5129.jpg","outputs":{"object":[{"name":" share","bndbox":{"xmin":274,"ymin":683,"xmax":319,"ymax":731}},{"name":" arrow backward","bndbox":{"xmin":16,"ymin":50,"xmax":55,"ymax":82}},{"name":" search","bndbox":{"xmin":432,"ymin":53,"xmax":465,"ymax":88}},{"name":" Cart","bndbox":{"xmin":486,"ymin":47,"xmax":528,"ymax":92}},{"name":" Cart","bndbox":{"xmin":79,"ymin":830,"xmax":133,"ymax":884}}]},"time_labeled":1696158504114,"labeled":true,"size":{"width":540,"height":960,"depth":3}}