{"path":"C:\\Samsung Prism\\myvenv\\datasets\\images\\train\\5139.jpg","outputs":{"object":[{"name":" arrow backward","bndbox":{"xmin":13,"ymin":50,"xmax":52,"ymax":83}},{"name":" menu","bndbox":{"xmin":1,"ymin":116,"xmax":61,"ymax":158}},{"name":" search","bndbox":{"xmin":435,"ymin":56,"xmax":468,"ymax":86}},{"name":" search","bndbox":{"xmin":426,"ymin":110,"xmax":464,"ymax":158}},{"name":" Cart","bndbox":{"xmin":486,"ymin":50,"xmax":528,"ymax":92}},{"name":" Cart","bndbox":{"xmin":482,"ymin":110,"xmax":522,"ymax":152}}]},"time_labeled":1696158762590,"labeled":true,"size":{"width":540,"height":960,"depth":3}}