{"path":"C:\\Samsung Prism\\myvenv\\datasets\\images\\train\\5144.jpg","outputs":{"object":[{"name":" Cart","bndbox":{"xmin":781,"ymin":82,"xmax":937,"ymax":163}},{"name":" more","bndbox":{"xmin":979,"ymin":82,"xmax":1057,"ymax":163}},{"name":"star","bndbox":{"xmin":12,"ymin":283,"xmax":115,"ymax":382}},{"name":" menu","bndbox":{"xmin":15,"ymin":1187,"xmax":133,"ymax":1268}},{"name":" edit","bndbox":{"xmin":24,"ymin":1578,"xmax":112,"ymax":1653}}]},"time_labeled":1696158994054,"labeled":true,"size":{"width":1080,"height":1920,"depth":3}}