{"path":"C:\\Samsung\\myvenv\\datasets\\images\\train\\28081.jpg","outputs":{"object":[{"name":"menu","bndbox":{"xmin":7,"ymin":44,"xmax":43,"ymax":71}},{"name":"notifications","bndbox":{"xmin":483,"ymin":44,"xmax":516,"ymax":74}},{"name":"settings","bndbox":{"xmin":320,"ymin":230,"xmax":356,"ymax":272}},{"name":"search","bndbox":{"xmin":10,"ymin":232,"xmax":49,"ymax":266}},{"name":"settings","bndbox":{"xmin":19,"ymin":647,"xmax":55,"ymax":692}}]},"time_labeled":1696220614829,"labeled":true,"size":{"width":540,"height":960,"depth":3}}