{"path":"C:\\Samsung\\myvenv\\datasets\\images\\train\\28219.jpg","outputs":{"object":[{"name":"arrow backward","bndbox":{"xmin":19,"ymin":50,"xmax":61,"ymax":86}},{"name":"search","bndbox":{"xmin":367,"ymin":53,"xmax":408,"ymax":86}},{"name":"menu","bndbox":{"xmin":438,"ymin":46,"xmax":474,"ymax":88}},{"name":"more","bndbox":{"xmin":501,"ymin":47,"xmax":518,"ymax":92}},{"name":"share","bndbox":{"xmin":43,"ymin":184,"xmax":68,"ymax":214}}]},"time_labeled":1696294517400,"labeled":true,"size":{"width":540,"height":960,"depth":3}}