{"path":"C:\\Samsung\\myvenv\\datasets\\images\\train\\28220.jpg","outputs":{"object":[{"name":"arrow backward","bndbox":{"xmin":19,"ymin":44,"xmax":50,"ymax":86}},{"name":"search","bndbox":{"xmin":368,"ymin":50,"xmax":410,"ymax":86}},{"name":"menu","bndbox":{"xmin":432,"ymin":50,"xmax":468,"ymax":82}},{"name":"more","bndbox":{"xmin":498,"ymin":50,"xmax":518,"ymax":80}},{"name":"share","bndbox":{"xmin":37,"ymin":179,"xmax":70,"ymax":209}}]},"time_labeled":1696294564472,"labeled":true,"size":{"width":540,"height":960,"depth":3}}