{"path":"C:\\Samsung\\myvenv\\datasets\\images\\train\\28222.jpg","outputs":{"object":[{"name":"menu","bndbox":{"xmin":13,"ymin":50,"xmax":55,"ymax":82}},{"name":"search","bndbox":{"xmin":374,"ymin":46,"xmax":408,"ymax":88}},{"name":"menu","bndbox":{"xmin":434,"ymin":50,"xmax":468,"ymax":86}},{"name":"more","bndbox":{"xmin":498,"ymin":50,"xmax":518,"ymax":86}},{"name":"share","bndbox":{"xmin":43,"ymin":614,"xmax":73,"ymax":652}}]},"time_labeled":1696294653857,"labeled":true,"size":{"width":540,"height":960,"depth":3}}