{"path":"C:\\Samsung\\myvenv\\datasets\\images\\train\\28302.jpg","outputs":{"object":[{"name":"menu","bndbox":{"xmin":27,"ymin":100,"xmax":124,"ymax":163}},{"name":"search","bndbox":{"xmin":841,"ymin":100,"xmax":925,"ymax":172}},{"name":"arrow backward","bndbox":{"xmin":997,"ymin":103,"xmax":1075,"ymax":160}},{"name":"expand more","bndbox":{"xmin":532,"ymin":112,"xmax":589,"ymax":163}},{"name":"save/bookmark","bndbox":{"xmin":868,"ymin":1662,"xmax":925,"ymax":1734}}]},"time_labeled":1696330955208,"labeled":true,"size":{"width":1080,"height":1920,"depth":3}}