{"path":"C:\\Samsung\\myvenv\\datasets\\images\\train\\28453.jpg","outputs":{"object":[{"name":"search","bndbox":{"xmin":928,"ymin":76,"xmax":1024,"ymax":172}},{"name":"home","bndbox":{"xmin":739,"ymin":214,"xmax":841,"ymax":292}},{"name":"star","bndbox":{"xmin":913,"ymin":220,"xmax":1033,"ymax":304}},{"name":"arrow forward","bndbox":{"xmin":985,"ymin":364,"xmax":1048,"ymax":415}},{"name":"star","bndbox":{"xmin":349,"ymin":1674,"xmax":451,"ymax":1758}}]},"time_labeled":1696422576738,"labeled":true,"size":{"width":1080,"height":1920,"depth":3}}