{"path":"C:\\Samsung\\myvenv\\datasets\\images\\train\\28477.jpg","outputs":{"object":[{"name":"arrow backward","bndbox":{"xmin":36,"ymin":112,"xmax":115,"ymax":160}},{"name":"star","bndbox":{"xmin":877,"ymin":91,"xmax":943,"ymax":172}},{"name":"more","bndbox":{"xmin":1000,"ymin":100,"xmax":1051,"ymax":172}},{"name":"pause","bndbox":{"xmin":487,"ymin":1509,"xmax":589,"ymax":1614}},{"name":"arrow backward","bndbox":{"xmin":325,"ymin":1530,"xmax":433,"ymax":1596}},{"name":"arrow forward","bndbox":{"xmin":652,"ymin":1518,"xmax":745,"ymax":1605}}]},"time_labeled":1696423142736,"labeled":true,"size":{"width":1080,"height":1920,"depth":3}}