{"path":"C:\\Samsung\\myvenv\\datasets\\images\\train\\28523.jpg","outputs":{"object":[{"name":"more","bndbox":{"xmin":985,"ymin":88,"xmax":1024,"ymax":172}},{"name":"home","bndbox":{"xmin":784,"ymin":208,"xmax":871,"ymax":304}},{"name":"search","bndbox":{"xmin":889,"ymin":220,"xmax":961,"ymax":295}},{"name":"call","bndbox":{"xmin":997,"ymin":211,"xmax":1063,"ymax":292}},{"name":"arrow forward","bndbox":{"xmin":997,"ymin":1025,"xmax":1036,"ymax":1073}}]},"time_labeled":1696424230828,"labeled":true,"size":{"width":1080,"height":1920,"depth":3}}