{"path":"C:\\Samsung Prism\\myvenv\\datasets\\images\\train\\1_4\\26867.jpg","outputs":{"object":[{"name":"play","bndbox":{"xmin":264,"ymin":272,"xmax":320,"ymax":336}},{"name":"check","bndbox":{"xmin":264,"ymin":616,"xmax":376,"ymax":640}},{"name":"play","bndbox":{"xmin":264,"ymin":952,"xmax":296,"ymax":992}},{"name":"play","bndbox":{"xmin":256,"ymin":1144,"xmax":304,"ymax":1176}},{"name":"play","bndbox":{"xmin":272,"ymin":1344,"xmax":312,"ymax":1352}},{"name":"play","bndbox":{"xmin":272,"ymin":1328,"xmax":304,"ymax":1376}},{"name":"play","bndbox":{"xmin":264,"ymin":1496,"xmax":304,"ymax":1544}},{"name":"check","bndbox":{"xmin":208,"ymin":1672,"xmax":264,"ymax":1728}}]},"time_labeled":1697248804511,"labeled":true,"size":{"width":1080,"height":1920,"depth":3}}