{"path":"C:\\Samsung Prism\\myvenv\\datasets\\images\\train\\1_4\\26887.jpg","outputs":{"object":[{"name":"arrow backward","bndbox":{"xmin":20,"ymin":40,"xmax":44,"ymax":80}},{"name":"star","bndbox":{"xmin":480,"ymin":44,"xmax":528,"ymax":88}},{"name":"arrow backward","bndbox":{"xmin":24,"ymin":776,"xmax":56,"ymax":808}},{"name":"arrow forward","bndbox":{"xmin":480,"ymin":780,"xmax":520,"ymax":820}},{"name":"arrow forward","bndbox":{"xmin":152,"ymin":840,"xmax":220,"ymax":888}},{"name":"more","bndbox":{"xmin":392,"ymin":768,"xmax":452,"ymax":832}}]},"time_labeled":1697295153252,"labeled":true,"size":{"width":540,"height":960,"depth":3}}