{"path":"C:\\Samsung Prism\\myvenv\\datasets\\images\\train\\1_4\\26886.jpg","outputs":{"object":[{"name":"arrow backward","bndbox":{"xmin":4,"ymin":48,"xmax":48,"ymax":76}},{"name":"star","bndbox":{"xmin":480,"ymin":48,"xmax":520,"ymax":80}},{"name":"play","bndbox":{"xmin":52,"ymin":872,"xmax":112,"ymax":892}},{"name":"arrow backward","bndbox":{"xmin":16,"ymin":768,"xmax":68,"ymax":808}},{"name":"arrow forward","bndbox":{"xmin":472,"ymin":768,"xmax":532,"ymax":820}}]},"time_labeled":1697295056997,"labeled":true,"size":{"width":540,"height":960,"depth":3}}