{"path":"C:\\Samsung Prism\\myvenv\\datasets\\images\\train\\1_4\\26884.jpg","outputs":{"object":[{"name":"star","bndbox":{"xmin":464,"ymin":44,"xmax":532,"ymax":88}},{"name":"arrow backward","bndbox":{"xmin":16,"ymin":48,"xmax":40,"ymax":72}},{"name":"arrow backward","bndbox":{"xmin":24,"ymin":772,"xmax":76,"ymax":808}},{"name":"arrow forward","bndbox":{"xmin":472,"ymin":784,"xmax":516,"ymax":804}},{"name":"star","bndbox":{"xmin":128,"ymin":864,"xmax":236,"ymax":892}}]},"time_labeled":1697293021287,"labeled":true,"size":{"width":540,"height":960,"depth":3}}