{"path":"C:\\Samsung Prism\\myvenv\\datasets\\images\\train\\1_4\\26895.jpg","outputs":{"object":[{"name":"star","bndbox":{"xmin":72,"ymin":1568,"xmax":128,"ymax":1624}},{"name":"more","bndbox":{"xmin":1000,"ymin":1432,"xmax":1072,"ymax":1512}},{"name":"bookmark","bndbox":{"xmin":472,"ymin":1304,"xmax":520,"ymax":1392}},{"name":"bookmark","bndbox":{"xmin":880,"ymin":1304,"xmax":928,"ymax":1400}},{"name":"share","bndbox":{"xmin":664,"ymin":1544,"xmax":704,"ymax":1640}}]},"time_labeled":1697295546283,"labeled":true,"size":{"width":1080,"height":1920,"depth":3}}