{"path":"C:\\Samsung Prism\\myvenv\\datasets\\images\\train\\1_4\\26890.jpg","outputs":{"object":[{"name":"star","bndbox":{"xmin":64,"ymin":1576,"xmax":136,"ymax":1632}},{"name":"share","bndbox":{"xmin":640,"ymin":1576,"xmax":696,"ymax":1616}},{"name":"bookmark","bndbox":{"xmin":464,"ymin":1304,"xmax":536,"ymax":1376}},{"name":"bookmark","bndbox":{"xmin":880,"ymin":1312,"xmax":944,"ymax":1368}},{"name":"more","bndbox":{"xmin":1008,"ymin":1432,"xmax":1104,"ymax":1528}}]},"time_labeled":1697295358804,"labeled":true,"size":{"width":1080,"height":1920,"depth":3}}