{"path":"C:\\Samsung Prism\\myvenv\\datasets\\images\\train\\1_4\\26894.jpg","outputs":{"object":[{"name":"bookmark","bndbox":{"xmin":464,"ymin":1320,"xmax":504,"ymax":1384}},{"name":"bookmark","bndbox":{"xmin":872,"ymin":1312,"xmax":936,"ymax":1392}},{"name":"star","bndbox":{"xmin":56,"ymin":1560,"xmax":168,"ymax":1664}},{"name":"share","bndbox":{"xmin":632,"ymin":1568,"xmax":712,"ymax":1632}},{"name":"more","bndbox":{"xmin":992,"ymin":1432,"xmax":1056,"ymax":1504}}]},"time_labeled":1697295485631,"labeled":true,"size":{"width":1080,"height":1920,"depth":3}}