{"path":"C:\\Samsung Prism\\myvenv\\datasets\\images\\train\\1_4\\26916.jpg","outputs":{"object":[{"name":"arrow forward","bndbox":{"xmin":240,"ymin":1488,"xmax":376,"ymax":1592}},{"name":"check","bndbox":{"xmin":664,"ymin":1480,"xmax":880,"ymax":1608}},{"name":"more","bndbox":{"xmin":912,"ymin":1496,"xmax":1032,"ymax":1592}},{"name":"check","bndbox":{"xmin":952,"ymin":992,"xmax":1048,"ymax":1112}},{"name":"arrow forward","bndbox":{"xmin":440,"ymin":1656,"xmax":648,"ymax":1808}}]},"time_labeled":1697296399806,"labeled":true,"size":{"width":1080,"height":1920,"depth":3}}