{"path":"C:\\Samsung Prism\\myvenv\\datasets\\images\\train\\1_4\\26919.jpg","outputs":{"object":[{"name":"send","bndbox":{"xmin":48,"ymin":128,"xmax":104,"ymax":216}},{"name":"chat","bndbox":{"xmin":24,"ymin":832,"xmax":128,"ymax":920}},{"name":"time","bndbox":{"xmin":248,"ymin":1488,"xmax":408,"ymax":1616}},{"name":"search","bndbox":{"xmin":704,"ymin":1472,"xmax":808,"ymax":1632}},{"name":"more","bndbox":{"xmin":896,"ymin":1496,"xmax":1064,"ymax":1624}},{"name":"arrow forward","bndbox":{"xmin":472,"ymin":1680,"xmax":568,"ymax":1776}}]},"time_labeled":1697296659605,"labeled":true,"size":{"width":1080,"height":1920,"depth":3}}