{"path":"C:\\Samsung Prism\\myvenv\\datasets\\images\\train\\1_4\\26913.jpg","outputs":{"object":[{"name":"time","bndbox":{"xmin":224,"ymin":1512,"xmax":432,"ymax":1600}},{"name":"search","bndbox":{"xmin":680,"ymin":1488,"xmax":848,"ymax":1624}},{"name":"more","bndbox":{"xmin":912,"ymin":1512,"xmax":1072,"ymax":1584}},{"name":"play","bndbox":{"xmin":936,"ymin":96,"xmax":1072,"ymax":208}},{"name":"play","bndbox":{"xmin":952,"ymin":232,"xmax":1080,"ymax":336}},{"name":"play","bndbox":{"xmin":952,"ymin":496,"xmax":1096,"ymax":592}},{"name":"play","bndbox":{"xmin":952,"ymin":632,"xmax":1104,"ymax":728}},{"name":"play","bndbox":{"xmin":936,"ymin":768,"xmax":1088,"ymax":880}},{"name":"play","bndbox":{"xmin":936,"ymin":912,"xmax":1072,"ymax":1024}},{"name":"play","bndbox":{"xmin":928,"ymin":1040,"xmax":1096,"ymax":1152}},{"name":"play","bndbox":{"xmin":936,"ymin":1168,"xmax":1168,"ymax":1312}},{"name":"play","bndbox":{"xmin":920,"ymin":1304,"xmax":1096,"ymax":1424}},{"name":"arrow forward","bndbox":{"xmin":480,"ymin":1664,"xmax":576,"ymax":1768}}]},"time_labeled":1697296238617,"labeled":true,"size":{"width":1080,"height":1920,"depth":3}}