{"path":"C:\\Samsung Prism\\myvenv\\datasets\\images\\train\\1_4\\26910.jpg","outputs":{"object":[{"name":"menu","bndbox":{"xmin":40,"ymin":64,"xmax":144,"ymax":136}},{"name":"search","bndbox":{"xmin":64,"ymin":192,"xmax":120,"ymax":256}},{"name":"home","bndbox":{"xmin":32,"ymin":1136,"xmax":72,"ymax":1200}},{"name":"arrow forward","bndbox":{"xmin":624,"ymin":432,"xmax":680,"ymax":496}},{"name":"menu","bndbox":{"xmin":984,"ymin":1792,"xmax":1072,"ymax":1904}},{"name":"play","bndbox":{"xmin":352,"ymin":88,"xmax":432,"ymax":144}}]},"time_labeled":1697296056446,"labeled":true,"size":{"width":1080,"height":1920,"depth":3}}