{"path":"C:\\Samsung Prism\\myvenv\\datasets\\images\\train\\1_4\\26917.jpg","outputs":{"object":[{"name":"refresh","bndbox":{"xmin":16,"ymin":56,"xmax":104,"ymax":168}},{"name":"skip next","bndbox":{"xmin":136,"ymin":64,"xmax":256,"ymax":192}},{"name":"time","bndbox":{"xmin":240,"ymin":1496,"xmax":360,"ymax":1680}},{"name":"search","bndbox":{"xmin":672,"ymin":1480,"xmax":848,"ymax":1616}},{"name":"more","bndbox":{"xmin":912,"ymin":1504,"xmax":1048,"ymax":1600}},{"name":"arrow forward","bndbox":{"xmin":448,"ymin":1656,"xmax":584,"ymax":1792}}]},"time_labeled":1697296489775,"labeled":true,"size":{"width":1080,"height":1920,"depth":3}}