{"path":"C:\\Samsung Prism\\myvenv\\datasets\\images\\train\\1_4\\26939.jpg","outputs":{"object":[{"name":"search","bndbox":{"xmin":968,"ymin":96,"xmax":1048,"ymax":184}},{"name":"home","bndbox":{"xmin":40,"ymin":1648,"xmax":176,"ymax":1760}},{"name":"more","bndbox":{"xmin":912,"ymin":1656,"xmax":1032,"ymax":1760}},{"name":"cart","bndbox":{"xmin":704,"ymin":1640,"xmax":832,"ymax":1760}},{"name":"arrow forward","bndbox":{"xmin":952,"ymin":176,"xmax":1096,"ymax":320}},{"name":"arrow forward","bndbox":{"xmin":960,"ymin":328,"xmax":1080,"ymax":464}},{"name":"arrow forward","bndbox":{"xmin":968,"ymin":464,"xmax":1056,"ymax":576}},{"name":"arrow forward","bndbox":{"xmin":968,"ymin":576,"xmax":1056,"ymax":720}},{"name":"arrow forward","bndbox":{"xmin":976,"ymin":744,"xmax":1056,"ymax":848}},{"name":"arrow forward","bndbox":{"xmin":992,"ymin":872,"xmax":1064,"ymax":976}},{"name":"arrow forward","bndbox":{"xmin":984,"ymin":984,"xmax":1080,"ymax":1120}},{"name":"arrow forward","bndbox":{"xmin":1000,"ymin":1128,"xmax":1088,"ymax":1240}},{"name":"arrow forward","bndbox":{"xmin":992,"ymin":1288,"xmax":1056,"ymax":1352}},{"name":"arrow forward","bndbox":{"xmin":976,"ymin":1392,"xmax":1064,"ymax":1480}},{"name":"arrow forward","bndbox":{"xmin":976,"ymin":1520,"xmax":1072,"ymax":1624}}]},"time_labeled":1697297209917,"labeled":true,"size":{"width":1080,"height":1920,"depth":3}}