{"path":"C:\\Samsung Prism\\myvenv\\datasets\\images\\train\\1_4\\26940.jpg","outputs":{"object":[{"name":"search","bndbox":{"xmin":40,"ymin":104,"xmax":128,"ymax":168}},{"name":"star","bndbox":{"xmin":128,"ymin":232,"xmax":272,"ymax":360}},{"name":"more","bndbox":{"xmin":960,"ymin":112,"xmax":1024,"ymax":176}},{"name":"time","bndbox":{"xmin":496,"ymin":248,"xmax":600,"ymax":304}},{"name":"call","bndbox":{"xmin":408,"ymin":768,"xmax":664,"ymax":1080}},{"name":"star","bndbox":{"xmin":288,"ymin":856,"xmax":400,"ymax":944}}]},"time_labeled":1697297338701,"labeled":true,"size":{"width":1080,"height":1920,"depth":3}}