{"path":"C:\\Samsung Prism\\myvenv\\datasets\\images\\train\\1_4\\26950.jpg","outputs":{"object":[{"name":"play","bndbox":{"xmin":128,"ymin":1088,"xmax":232,"ymax":1152}},{"name":"play","bndbox":{"xmin":128,"ymin":128,"xmax":208,"ymax":216}},{"name":"play","bndbox":{"xmin":848,"ymin":112,"xmax":936,"ymax":216}},{"name":"play","bndbox":{"xmin":456,"ymin":592,"xmax":584,"ymax":712}},{"name":"play","bndbox":{"xmin":864,"ymin":1072,"xmax":952,"ymax":1200}},{"name":"play","bndbox":{"xmin":856,"ymin":1552,"xmax":944,"ymax":1656}}]},"time_labeled":1697297623840,"labeled":true,"size":{"width":1080,"height":1920,"depth":3}}