{"path":"C:\\Samsung Prism\\myvenv\\datasets\\images\\train\\1_4\\26966.jpg","outputs":{"object":[{"name":"arrow backward","bndbox":{"xmin":32,"ymin":72,"xmax":120,"ymax":184}},{"name":"more","bndbox":{"xmin":984,"ymin":88,"xmax":1048,"ymax":176}},{"name":"expand more","bndbox":{"xmin":944,"ymin":392,"xmax":1008,"ymax":496}},{"name":"arrow forward","bndbox":{"xmin":896,"ymin":1672,"xmax":960,"ymax":1744}}]},"time_labeled":1697298077217,"labeled":true,"size":{"width":1080,"height":1920,"depth":3}}