{"path":"C:\\Samsung Prism\\myvenv\\datasets\\images\\train\\1_4\\26972.jpg","outputs":{"object":[{"name":"microphone","bndbox":{"xmin":80,"ymin":72,"xmax":256,"ymax":168}},{"name":"expand more","bndbox":{"xmin":24,"ymin":1440,"xmax":88,"ymax":1528}},{"name":"expand more","bndbox":{"xmin":8,"ymin":1608,"xmax":104,"ymax":1712}},{"name":"more","bndbox":{"xmin":992,"ymin":1784,"xmax":1056,"ymax":1904}},{"name":"menu","bndbox":{"xmin":904,"ymin":80,"xmax":1000,"ymax":168}}]},"time_labeled":1697298380354,"labeled":true,"size":{"width":1080,"height":1920,"depth":3}}