{"path":"C:\\Samsung Prism\\myvenv\\datasets\\images\\train\\1_4\\26973.jpg","outputs":{"object":[{"name":"microphone","bndbox":{"xmin":96,"ymin":80,"xmax":168,"ymax":144}},{"name":"menu","bndbox":{"xmin":912,"ymin":80,"xmax":1032,"ymax":144}},{"name":"menu","bndbox":{"xmin":24,"ymin":240,"xmax":184,"ymax":384}},{"name":"menu","bndbox":{"xmin":16,"ymin":400,"xmax":152,"ymax":552}},{"name":"menu","bndbox":{"xmin":16,"ymin":592,"xmax":160,"ymax":720}},{"name":"menu","bndbox":{"xmin":8,"ymin":736,"xmax":160,"ymax":888}},{"name":"more","bndbox":{"xmin":992,"ymin":1800,"xmax":1064,"ymax":1888}}]},"time_labeled":1697298452463,"labeled":true,"size":{"width":1080,"height":1920,"depth":3}}