{"path":"C:\\Samsung Prism\\myvenv\\datasets\\images\\train\\1_4\\27039.jpg","outputs":{"object":[{"name":"skip previous","bndbox":{"xmin":128,"ymin":792,"xmax":204,"ymax":824}},{"name":"skip next","bndbox":{"xmin":344,"ymin":788,"xmax":404,"ymax":836}},{"name":"arrow backward","bndbox":{"xmin":12,"ymin":32,"xmax":56,"ymax":76}},{"name":"play","bndbox":{"xmin":8,"ymin":756,"xmax":40,"ymax":776}},{"name":"close","bndbox":{"xmin":500,"ymin":584,"xmax":532,"ymax":620}},{"name":"more","bndbox":{"xmin":24,"ymin":788,"xmax":72,"ymax":816}},{"name":"refresh","bndbox":{"xmin":12,"ymin":840,"xmax":56,"ymax":880}}]},"time_labeled":1697298765399,"labeled":true,"size":{"width":540,"height":960,"depth":3}}