{"path":"C:\\Samsung Prism\\myvenv\\datasets\\images\\train\\1_4\\27046.jpg","outputs":{"object":[{"name":"home","bndbox":{"xmin":20,"ymin":240,"xmax":60,"ymax":292}},{"name":"cart","bndbox":{"xmin":16,"ymin":572,"xmax":52,"ymax":616}},{"name":"microphone","bndbox":{"xmin":12,"ymin":504,"xmax":60,"ymax":552}},{"name":"settings","bndbox":{"xmin":16,"ymin":636,"xmax":60,"ymax":680}},{"name":"chat","bndbox":{"xmin":8,"ymin":708,"xmax":52,"ymax":736}},{"name":"time","bndbox":{"xmin":412,"ymin":40,"xmax":456,"ymax":84}},{"name":"search","bndbox":{"xmin":472,"ymin":36,"xmax":528,"ymax":100}}]},"time_labeled":1697299412775,"labeled":true,"size":{"width":540,"height":960,"depth":3}}