{"path":"C:\\Samsung Prism\\myvenv\\datasets\\images\\train\\1_4\\27049.jpg","outputs":{"object":[{"name":"play","bndbox":{"xmin":12,"ymin":748,"xmax":64,"ymax":792}},{"name":"arrow backward","bndbox":{"xmin":20,"ymin":48,"xmax":52,"ymax":88}},{"name":"arrow forward","bndbox":{"xmin":48,"ymin":384,"xmax":112,"ymax":436}},{"name":"skip previous","bndbox":{"xmin":120,"ymin":784,"xmax":192,"ymax":824}},{"name":"skip next","bndbox":{"xmin":348,"ymin":788,"xmax":412,"ymax":836}},{"name":"pause","bndbox":{"xmin":236,"ymin":780,"xmax":292,"ymax":844}},{"name":"refresh","bndbox":{"xmin":20,"ymin":836,"xmax":64,"ymax":884}},{"name":"close","bndbox":{"xmin":492,"ymin":580,"xmax":536,"ymax":628}}]},"time_labeled":1697299548688,"labeled":true,"size":{"width":540,"height":960,"depth":3}}