{"path":"C:\\Samsung Prism\\myvenv\\datasets\\images\\train\\1_4\\27056.jpg","outputs":{"object":[{"name":"arrow backward","bndbox":{"xmin":4,"ymin":40,"xmax":64,"ymax":100}},{"name":"play","bndbox":{"xmin":12,"ymin":752,"xmax":64,"ymax":780}},{"name":"close","bndbox":{"xmin":488,"ymin":580,"xmax":544,"ymax":644}},{"name":"refresh","bndbox":{"xmin":32,"ymin":852,"xmax":56,"ymax":880}},{"name":"skip previous","bndbox":{"xmin":124,"ymin":784,"xmax":200,"ymax":824}},{"name":"skip next","bndbox":{"xmin":340,"ymin":780,"xmax":420,"ymax":832}},{"name":"play","bndbox":{"xmin":508,"ymin":732,"xmax":552,"ymax":772}},{"name":"pause","bndbox":{"xmin":236,"ymin":780,"xmax":304,"ymax":840}},{"name":"more","bndbox":{"xmin":24,"ymin":804,"xmax":84,"ymax":828}}]},"time_labeled":1697300435325,"labeled":true,"size":{"width":540,"height":960,"depth":3}}