{"path":"C:\\Samsung Prism\\myvenv\\datasets\\images\\train\\1_4\\27053.jpg","outputs":{"object":[{"name":"arrow backward","bndbox":{"xmin":20,"ymin":48,"xmax":68,"ymax":100}},{"name":"microphone","bndbox":{"xmin":424,"ymin":40,"xmax":472,"ymax":88}},{"name":"search","bndbox":{"xmin":488,"ymin":36,"xmax":536,"ymax":100}},{"name":"arrow forward","bndbox":{"xmin":512,"ymin":340,"xmax":540,"ymax":380}},{"name":"close","bndbox":{"xmin":60,"ymin":808,"xmax":96,"ymax":844}}]},"time_labeled":1697299807727,"labeled":true,"size":{"width":540,"height":960,"depth":3}}