{"path":"C:\\Samsung Prism\\myvenv\\datasets\\images\\train\\1_4\\27055.jpg","outputs":{"object":[{"name":"home","bndbox":{"xmin":4,"ymin":256,"xmax":76,"ymax":284}},{"name":"microphone","bndbox":{"xmin":24,"ymin":520,"xmax":56,"ymax":548}},{"name":"cart","bndbox":{"xmin":16,"ymin":576,"xmax":68,"ymax":628}},{"name":"settings","bndbox":{"xmin":12,"ymin":644,"xmax":44,"ymax":672}},{"name":"chat","bndbox":{"xmin":8,"ymin":704,"xmax":48,"ymax":744}},{"name":"close","bndbox":{"xmin":64,"ymin":820,"xmax":96,"ymax":836}},{"name":"microphone","bndbox":{"xmin":420,"ymin":28,"xmax":456,"ymax":104}},{"name":"search","bndbox":{"xmin":476,"ymin":44,"xmax":528,"ymax":112}},{"name":"pause","bndbox":{"xmin":460,"ymin":752,"xmax":528,"ymax":812}}]},"time_labeled":1697300115352,"labeled":true,"size":{"width":540,"height":960,"depth":3}}