{"path":"C:\\Samsung Prism\\myvenv\\datasets\\images\\train\\1_4\\27058.jpg","outputs":{"object":[{"name":"home","bndbox":{"xmin":8,"ymin":244,"xmax":48,"ymax":288}},{"name":"cart","bndbox":{"xmin":12,"ymin":576,"xmax":60,"ymax":608}},{"name":"settings","bndbox":{"xmin":0,"ymin":636,"xmax":60,"ymax":672}},{"name":"chat","bndbox":{"xmin":8,"ymin":696,"xmax":56,"ymax":744}},{"name":"microphone","bndbox":{"xmin":4,"ymin":508,"xmax":64,"ymax":556}},{"name":"time","bndbox":{"xmin":432,"ymin":44,"xmax":464,"ymax":100}},{"name":"search","bndbox":{"xmin":496,"ymin":44,"xmax":528,"ymax":92}}]},"time_labeled":1697300649847,"labeled":true,"size":{"width":540,"height":960,"depth":3}}