{"path":"C:\\Samsung Prism\\myvenv\\datasets\\images\\train\\1_4\\27052.jpg","outputs":{"object":[{"name":"home","bndbox":{"xmin":12,"ymin":248,"xmax":56,"ymax":284}},{"name":"microphone","bndbox":{"xmin":4,"ymin":508,"xmax":52,"ymax":556}},{"name":"settings","bndbox":{"xmin":8,"ymin":644,"xmax":56,"ymax":684}},{"name":"chat","bndbox":{"xmin":4,"ymin":708,"xmax":56,"ymax":740}},{"name":"close","bndbox":{"xmin":60,"ymin":812,"xmax":104,"ymax":840}}]},"time_labeled":1697299747098,"labeled":true,"size":{"width":540,"height":960,"depth":3}}