{"path":"C:\\Samsung Prism\\myvenv\\datasets\\images\\train\\1_4\\27059.jpg","outputs":{"object":[{"name":"microphone","bndbox":{"xmin":12,"ymin":512,"xmax":44,"ymax":552}},{"name":"cart","bndbox":{"xmin":8,"ymin":576,"xmax":40,"ymax":608}},{"name":"settings","bndbox":{"xmin":0,"ymin":644,"xmax":48,"ymax":684}},{"name":"chat","bndbox":{"xmin":8,"ymin":700,"xmax":48,"ymax":756}},{"name":"pause","bndbox":{"xmin":460,"ymin":744,"xmax":528,"ymax":816}},{"name":"search","bndbox":{"xmin":476,"ymin":40,"xmax":520,"ymax":92}},{"name":"microphone","bndbox":{"xmin":416,"ymin":28,"xmax":456,"ymax":92}}]},"time_labeled":1697300749665,"labeled":true,"size":{"width":540,"height":960,"depth":3}}