{"path":"C:\\Samsung Prism\\myvenv\\datasets\\images\\train\\1_4\\27057.jpg","outputs":{"object":[{"name":"arrow backward","bndbox":{"xmin":12,"ymin":56,"xmax":60,"ymax":88}},{"name":"microphone","bndbox":{"xmin":420,"ymin":36,"xmax":464,"ymax":100}},{"name":"search","bndbox":{"xmin":480,"ymin":36,"xmax":540,"ymax":112}},{"name":"more","bndbox":{"xmin":12,"ymin":864,"xmax":92,"ymax":888}},{"name":"close","bndbox":{"xmin":504,"ymin":656,"xmax":512,"ymax":664}},{"name":"close","bndbox":{"xmin":496,"ymin":636,"xmax":552,"ymax":688}}]},"time_labeled":1697300522450,"labeled":true,"size":{"width":540,"height":960,"depth":3}}