{"path":"C:\\Samsung Prism\\myvenv\\datasets\\images\\train\\1_4\\27069.jpg","outputs":{"object":[{"name":"menu","bndbox":{"xmin":4,"ymin":44,"xmax":64,"ymax":100}},{"name":"microphone","bndbox":{"xmin":424,"ymin":28,"xmax":472,"ymax":100}},{"name":"search","bndbox":{"xmin":488,"ymin":28,"xmax":536,"ymax":128}},{"name":"pause","bndbox":{"xmin":472,"ymin":760,"xmax":524,"ymax":812}},{"name":"arrow forward","bndbox":{"xmin":416,"ymin":840,"xmax":472,"ymax":884}},{"name":"close","bndbox":{"xmin":60,"ymin":820,"xmax":108,"ymax":840}}]},"time_labeled":1697354353624,"labeled":true,"size":{"width":540,"height":960,"depth":3}}