{"path":"C:\\Samsung Prism\\myvenv\\datasets\\images\\train\\1_4\\27068.jpg","outputs":{"object":[{"name":"arrow backward","bndbox":{"xmin":20,"ymin":44,"xmax":68,"ymax":92}},{"name":"microphone","bndbox":{"xmin":420,"ymin":36,"xmax":468,"ymax":120}},{"name":"search","bndbox":{"xmin":476,"ymin":40,"xmax":536,"ymax":96}},{"name":"pause","bndbox":{"xmin":464,"ymin":756,"xmax":536,"ymax":816}},{"name":"close","bndbox":{"xmin":64,"ymin":812,"xmax":96,"ymax":844}}]},"time_labeled":1697354283821,"labeled":true,"size":{"width":540,"height":960,"depth":3}}