{"path":"C:\\Samsung Prism\\myvenv\\datasets\\images\\train\\1_4\\27067.jpg","outputs":{"object":[{"name":"arrow backward","bndbox":{"xmin":16,"ymin":36,"xmax":64,"ymax":88}},{"name":"microphone","bndbox":{"xmin":424,"ymin":32,"xmax":464,"ymax":92}},{"name":"search","bndbox":{"xmin":484,"ymin":44,"xmax":532,"ymax":108}},{"name":"more","bndbox":{"xmin":8,"ymin":844,"xmax":60,"ymax":888}},{"name":"close","bndbox":{"xmin":500,"ymin":648,"xmax":548,"ymax":688}},{"name":"play","bndbox":{"xmin":508,"ymin":784,"xmax":544,"ymax":828}}]},"time_labeled":1697354197258,"labeled":true,"size":{"width":540,"height":960,"depth":3}}