{"path":"C:\\Samsung Prism\\myvenv\\datasets\\images\\train\\1_4\\27065.jpg","outputs":{"object":[{"name":"microphone","bndbox":{"xmin":12,"ymin":504,"xmax":44,"ymax":548}},{"name":"cart","bndbox":{"xmin":12,"ymin":576,"xmax":60,"ymax":604}},{"name":"settings","bndbox":{"xmin":0,"ymin":640,"xmax":56,"ymax":692}},{"name":"chat","bndbox":{"xmin":12,"ymin":704,"xmax":56,"ymax":744}},{"name":"search","bndbox":{"xmin":468,"ymin":40,"xmax":544,"ymax":104}},{"name":"pause","bndbox":{"xmin":456,"ymin":832,"xmax":536,"ymax":892}}]},"time_labeled":1697354054426,"labeled":true,"size":{"width":540,"height":960,"depth":3}}