{"path":"C:\\Samsung Prism\\myvenv\\datasets\\images\\train\\1_4\\27071.jpg","outputs":{"object":[{"name":"arrow backward","bndbox":{"xmin":16,"ymin":44,"xmax":72,"ymax":80}},{"name":"microphone","bndbox":{"xmin":424,"ymin":36,"xmax":468,"ymax":92}},{"name":"search","bndbox":{"xmin":484,"ymin":32,"xmax":536,"ymax":120}},{"name":"close","bndbox":{"xmin":52,"ymin":812,"xmax":100,"ymax":844}},{"name":"arrow forward","bndbox":{"xmin":420,"ymin":848,"xmax":456,"ymax":884}}]},"time_labeled":1697354411361,"labeled":true,"size":{"width":540,"height":960,"depth":3}}