{"path":"C:\\Samsung Prism\\myvenv\\datasets\\images\\train\\1_4\\27082.jpg","outputs":{"object":[{"name":"camera","bndbox":{"xmin":768,"ymin":1440,"xmax":888,"ymax":1528}},{"name":"settings","bndbox":{"xmin":944,"ymin":672,"xmax":1088,"ymax":784}},{"name":"time","bndbox":{"xmin":896,"ymin":832,"xmax":1016,"ymax":928}},{"name":"time","bndbox":{"xmin":904,"ymin":1024,"xmax":1024,"ymax":1144}},{"name":"time","bndbox":{"xmin":864,"ymin":1232,"xmax":1264,"ymax":1344}}]},"time_labeled":1697354846187,"labeled":true,"size":{"width":1080,"height":1920,"depth":3}}