{"path":"C:\\Samsung Prism\\myvenv\\datasets\\images\\train\\1_4\\27091.jpg","outputs":{"object":[{"name":"check","bndbox":{"xmin":952,"ymin":72,"xmax":1064,"ymax":168}},{"name":"close","bndbox":{"xmin":984,"ymin":320,"xmax":1064,"ymax":392}},{"name":"close","bndbox":{"xmin":992,"ymin":424,"xmax":1048,"ymax":496}},{"name":"close","bndbox":{"xmin":992,"ymin":504,"xmax":1064,"ymax":560}},{"name":"close","bndbox":{"xmin":992,"ymin":584,"xmax":1072,"ymax":640}},{"name":"close","bndbox":{"xmin":976,"ymin":648,"xmax":1072,"ymax":728}}]},"time_labeled":1697355274811,"labeled":true,"size":{"width":1080,"height":1920,"depth":3}}