{"path":"C:\\Samsung Prism\\myvenv\\datasets\\images\\train\\1_4\\27098.jpg","outputs":{"object":[{"name":"close","bndbox":{"xmin":920,"ymin":152,"xmax":1032,"ymax":272}},{"name":"arrow forward","bndbox":{"xmin":440,"ymin":1568,"xmax":600,"ymax":1672}},{"name":"info","bndbox":{"xmin":872,"ymin":88,"xmax":928,"ymax":128}},{"name":"refresh","bndbox":{"xmin":968,"ymin":88,"xmax":1040,"ymax":136}},{"name":"star","bndbox":{"xmin":240,"ymin":1704,"xmax":352,"ymax":1792}},{"name":"arrow forward","bndbox":{"xmin":984,"ymin":1688,"xmax":1056,"ymax":1792}},{"name":"chat","bndbox":{"xmin":32,"ymin":1680,"xmax":112,"ymax":1792}}]},"time_labeled":1697355633565,"labeled":true,"size":{"width":1080,"height":1920,"depth":3}}