{"path":"C:\\Samsung Prism\\myvenv\\datasets\\images\\train\\1_4\\27096.jpg","outputs":{"object":[{"name":"arrow forward","bndbox":{"xmin":488,"ymin":1552,"xmax":608,"ymax":1656}},{"name":"arrow backward","bndbox":{"xmin":8,"ymin":56,"xmax":144,"ymax":168}},{"name":"info","bndbox":{"xmin":864,"ymin":72,"xmax":944,"ymax":176}},{"name":"refresh","bndbox":{"xmin":976,"ymin":64,"xmax":1072,"ymax":152}},{"name":"chat","bndbox":{"xmin":24,"ymin":1688,"xmax":120,"ymax":1768}},{"name":"star","bndbox":{"xmin":248,"ymin":1712,"xmax":344,"ymax":1784}},{"name":"arrow forward","bndbox":{"xmin":984,"ymin":1712,"xmax":1016,"ymax":1768}},{"name":"arrow backward","bndbox":{"xmin":744,"ymin":1696,"xmax":840,"ymax":1784}}]},"time_labeled":1697355538427,"labeled":true,"size":{"width":1080,"height":1920,"depth":3}}