{"path":"C:\\Samsung Prism\\myvenv\\datasets\\images\\train\\1_4\\27090.jpg","outputs":{"object":[{"name":"camera","bndbox":{"xmin":328,"ymin":216,"xmax":480,"ymax":344}},{"name":"check","bndbox":{"xmin":952,"ymin":512,"xmax":1040,"ymax":608}},{"name":"check","bndbox":{"xmin":560,"ymin":776,"xmax":624,"ymax":840}},{"name":"close","bndbox":{"xmin":424,"ymin":904,"xmax":536,"ymax":1008}},{"name":"close","bndbox":{"xmin":992,"ymin":888,"xmax":1072,"ymax":976}},{"name":"close","bndbox":{"xmin":976,"ymin":1136,"xmax":1080,"ymax":1248}}]},"time_labeled":1697355225919,"labeled":true,"size":{"width":1080,"height":1920,"depth":3}}