{"path":"C:\\Samsung Prism\\myvenv\\datasets\\images\\train\\1_4\\27100.jpg","outputs":{"object":[{"name":"check","bndbox":{"xmin":968,"ymin":216,"xmax":1064,"ymax":312}},{"name":"arrow forward","bndbox":{"xmin":968,"ymin":344,"xmax":1064,"ymax":440}},{"name":"arrow forward","bndbox":{"xmin":968,"ymin":480,"xmax":1080,"ymax":560}},{"name":"arrow forward","bndbox":{"xmin":960,"ymin":592,"xmax":1072,"ymax":696}},{"name":"arrow forward","bndbox":{"xmin":976,"ymin":720,"xmax":1064,"ymax":840}},{"name":"arrow forward","bndbox":{"xmin":968,"ymin":856,"xmax":1056,"ymax":944}},{"name":"arrow forward","bndbox":{"xmin":976,"ymin":976,"xmax":1056,"ymax":1064}},{"name":"arrow forward","bndbox":{"xmin":984,"ymin":1104,"xmax":1064,"ymax":1208}},{"name":"arrow forward","bndbox":{"xmin":976,"ymin":1240,"xmax":1080,"ymax":1320}},{"name":"arrow forward","bndbox":{"xmin":976,"ymin":1384,"xmax":1056,"ymax":1464}},{"name":"arrow forward","bndbox":{"xmin":984,"ymin":1480,"xmax":1080,"ymax":1560}},{"name":"arrow forward","bndbox":{"xmin":976,"ymin":1616,"xmax":1056,"ymax":1720}}]},"time_labeled":1697355767037,"labeled":true,"size":{"width":1080,"height":1920,"depth":3}}