{"path":"C:\\Samsung Prism\\myvenv\\datasets\\images\\train\\1_4\\27133.jpg","outputs":{"object":[{"name":"arrow backward","bndbox":{"xmin":0,"ymin":816,"xmax":112,"ymax":952}},{"name":"arrow backward","bndbox":{"xmin":64,"ymin":32,"xmax":144,"ymax":128}},{"name":"arrow forward","bndbox":{"xmin":976,"ymin":800,"xmax":1096,"ymax":976}},{"name":"check","bndbox":{"xmin":456,"ymin":1576,"xmax":632,"ymax":1752}},{"name":"share","bndbox":{"xmin":824,"ymin":1608,"xmax":1008,"ymax":1768}}]},"time_labeled":1697373387409,"labeled":true,"size":{"width":1080,"height":1920,"depth":3}}