{"path":"C:\\Samsung Prism\\myvenv\\datasets\\images\\train\\1_4\\27145.jpg","outputs":{"object":[{"name":"arrow backward","bndbox":{"xmin":16,"ymin":8,"xmax":120,"ymax":120}},{"name":"arrow backward","bndbox":{"xmin":40,"ymin":832,"xmax":96,"ymax":968}},{"name":"arrow forward","bndbox":{"xmin":952,"ymin":848,"xmax":1088,"ymax":960}},{"name":"check","bndbox":{"xmin":416,"ymin":1576,"xmax":672,"ymax":1760}},{"name":"share","bndbox":{"xmin":800,"ymin":1608,"xmax":1000,"ymax":1736}}]},"time_labeled":1697373686828,"labeled":true,"size":{"width":1080,"height":1920,"depth":3}}