{"path":"C:\\Samsung Prism\\myvenv\\datasets\\images\\train\\1_4\\27147.jpg","outputs":{"object":[{"name":"more","bndbox":{"xmin":984,"ymin":56,"xmax":1072,"ymax":200}},{"name":"search","bndbox":{"xmin":760,"ymin":192,"xmax":880,"ymax":304}},{"name":"menu","bndbox":{"xmin":944,"ymin":208,"xmax":1072,"ymax":296}},{"name":"more","bndbox":{"xmin":872,"ymin":1320,"xmax":1024,"ymax":1360}},{"name":"share","bndbox":{"xmin":632,"ymin":1296,"xmax":736,"ymax":1368}},{"name":"arrow forward","bndbox":{"xmin":592,"ymin":1192,"xmax":664,"ymax":1264}}]},"time_labeled":1697373756605,"labeled":true,"size":{"width":1080,"height":1920,"depth":3}}