{"path":"C:\\Samsung Prism\\myvenv\\datasets\\images\\train\\1_4\\27152.jpg","outputs":{"object":[{"name":"star","bndbox":{"xmin":480,"ymin":200,"xmax":528,"ymax":240}},{"name":"star","bndbox":{"xmin":484,"ymin":368,"xmax":528,"ymax":420}},{"name":"star","bndbox":{"xmin":484,"ymin":488,"xmax":524,"ymax":532}},{"name":"star","bndbox":{"xmin":484,"ymin":592,"xmax":528,"ymax":636}},{"name":"star","bndbox":{"xmin":472,"ymin":700,"xmax":528,"ymax":748}},{"name":"search","bndbox":{"xmin":8,"ymin":132,"xmax":64,"ymax":176}},{"name":"menu","bndbox":{"xmin":8,"ymin":48,"xmax":60,"ymax":84}},{"name":"expand more","bndbox":{"xmin":248,"ymin":64,"xmax":288,"ymax":96}},{"name":"expand more","bndbox":{"xmin":512,"ymin":48,"xmax":544,"ymax":96}},{"name":"close","bndbox":{"xmin":352,"ymin":140,"xmax":400,"ymax":164}},{"name":"share","bndbox":{"xmin":340,"ymin":308,"xmax":420,"ymax":352}},{"name":"chat","bndbox":{"xmin":452,"ymin":308,"xmax":524,"ymax":364}}]},"time_labeled":1697374130596,"labeled":true,"size":{"width":540,"height":960,"depth":3}}