{"path":"C:\\Samsung Prism\\myvenv\\datasets\\images\\train\\1_4\\27150.jpg","outputs":{"object":[{"name":"menu","bndbox":{"xmin":8,"ymin":40,"xmax":68,"ymax":88}},{"name":"expand more","bndbox":{"xmin":244,"ymin":48,"xmax":284,"ymax":92}},{"name":"expand more","bndbox":{"xmin":504,"ymin":52,"xmax":536,"ymax":88}},{"name":"search","bndbox":{"xmin":12,"ymin":136,"xmax":72,"ymax":184}},{"name":"expand more","bndbox":{"xmin":488,"ymin":268,"xmax":528,"ymax":304}},{"name":"close","bndbox":{"xmin":364,"ymin":124,"xmax":396,"ymax":164}},{"name":"star","bndbox":{"xmin":480,"ymin":328,"xmax":524,"ymax":364}},{"name":"star","bndbox":{"xmin":472,"ymin":440,"xmax":528,"ymax":480}},{"name":"star","bndbox":{"xmin":484,"ymin":544,"xmax":532,"ymax":596}},{"name":"star","bndbox":{"xmin":480,"ymin":644,"xmax":536,"ymax":712}},{"name":"star","bndbox":{"xmin":472,"ymin":764,"xmax":540,"ymax":820}},{"name":"more","bndbox":{"xmin":4,"ymin":832,"xmax":68,"ymax":880}}]},"time_labeled":1697373898255,"labeled":true,"size":{"width":540,"height":960,"depth":3}}