{"path":"C:\\Samsung Prism\\myvenv\\datasets\\images\\train\\1_4\\27151.jpg","outputs":{"object":[{"name":"menu","bndbox":{"xmin":20,"ymin":44,"xmax":68,"ymax":92}},{"name":"expand more","bndbox":{"xmin":248,"ymin":64,"xmax":280,"ymax":84}},{"name":"expand more","bndbox":{"xmin":508,"ymin":48,"xmax":540,"ymax":92}},{"name":"search","bndbox":{"xmin":20,"ymin":124,"xmax":56,"ymax":168}},{"name":"close","bndbox":{"xmin":368,"ymin":140,"xmax":396,"ymax":160}},{"name":"expand more","bndbox":{"xmin":480,"ymin":268,"xmax":540,"ymax":312}},{"name":"star","bndbox":{"xmin":484,"ymin":328,"xmax":536,"ymax":368}},{"name":"share","bndbox":{"xmin":352,"ymin":436,"xmax":412,"ymax":484}},{"name":"chat","bndbox":{"xmin":464,"ymin":436,"xmax":516,"ymax":480}},{"name":"star","bndbox":{"xmin":476,"ymin":504,"xmax":528,"ymax":544}},{"name":"star","bndbox":{"xmin":468,"ymin":612,"xmax":532,"ymax":656}},{"name":"star","bndbox":{"xmin":480,"ymin":728,"xmax":528,"ymax":768}}]},"time_labeled":1697374019964,"labeled":true,"size":{"width":540,"height":960,"depth":3}}