{"path":"C:\\Samsung Prism\\myvenv\\datasets\\images\\train\\1_4\\27153.jpg","outputs":{"object":[{"name":"menu","bndbox":{"xmin":16,"ymin":44,"xmax":56,"ymax":84}},{"name":"search","bndbox":{"xmin":20,"ymin":124,"xmax":64,"ymax":168}},{"name":"expand more","bndbox":{"xmin":236,"ymin":52,"xmax":276,"ymax":84}},{"name":"expand more","bndbox":{"xmin":516,"ymin":40,"xmax":536,"ymax":84}},{"name":"close","bndbox":{"xmin":352,"ymin":128,"xmax":396,"ymax":168}},{"name":"star","bndbox":{"xmin":484,"ymin":200,"xmax":528,"ymax":236}},{"name":"star","bndbox":{"xmin":468,"ymin":308,"xmax":544,"ymax":360}},{"name":"star","bndbox":{"xmin":476,"ymin":432,"xmax":536,"ymax":472}},{"name":"star","bndbox":{"xmin":472,"ymin":536,"xmax":540,"ymax":588}},{"name":"star","bndbox":{"xmin":464,"ymin":652,"xmax":540,"ymax":704}},{"name":"star","bndbox":{"xmin":468,"ymin":740,"xmax":540,"ymax":812}}]},"time_labeled":1697374209302,"labeled":true,"size":{"width":540,"height":960,"depth":3}}