{"path":"C:\\Samsung Prism\\myvenv\\datasets\\images\\train\\1_4\\27156.jpg","outputs":{"object":[{"name":"search","bndbox":{"xmin":24,"ymin":140,"xmax":72,"ymax":196}},{"name":"time","bndbox":{"xmin":16,"ymin":204,"xmax":68,"ymax":244}},{"name":"info","bndbox":{"xmin":16,"ymin":660,"xmax":76,"ymax":716}},{"name":"expand more","bndbox":{"xmin":500,"ymin":40,"xmax":540,"ymax":96}},{"name":"expand more","bndbox":{"xmin":480,"ymin":272,"xmax":536,"ymax":320}},{"name":"star","bndbox":{"xmin":456,"ymin":320,"xmax":536,"ymax":372}},{"name":"chat","bndbox":{"xmin":448,"ymin":444,"xmax":512,"ymax":484}},{"name":"star","bndbox":{"xmin":472,"ymin":508,"xmax":540,"ymax":564}},{"name":"star","bndbox":{"xmin":480,"ymin":620,"xmax":536,"ymax":668}},{"name":"star","bndbox":{"xmin":464,"ymin":712,"xmax":540,"ymax":772}}]},"time_labeled":1697374394924,"labeled":true,"size":{"width":540,"height":960,"depth":3}}