{"path":"C:\\Samsung Prism\\myvenv\\datasets\\images\\train\\1_4\\27155.jpg","outputs":{"object":[{"name":"close","bndbox":{"xmin":420,"ymin":124,"xmax":468,"ymax":164}},{"name":"menu","bndbox":{"xmin":8,"ymin":48,"xmax":84,"ymax":92}},{"name":"expand more","bndbox":{"xmin":224,"ymin":44,"xmax":284,"ymax":88}},{"name":"expand more","bndbox":{"xmin":492,"ymin":36,"xmax":544,"ymax":108}},{"name":"star","bndbox":{"xmin":488,"ymin":200,"xmax":524,"ymax":248}}]},"time_labeled":1697374310447,"labeled":true,"size":{"width":540,"height":960,"depth":3}}