{"path":"C:\\Samsung Prism\\myvenv\\datasets\\images\\train\\1_4\\27154.jpg","outputs":{"object":[{"name":"arrow backward","bndbox":{"xmin":12,"ymin":60,"xmax":68,"ymax":96}},{"name":"menu","bndbox":{"xmin":496,"ymin":104,"xmax":536,"ymax":144}},{"name":"search","bndbox":{"xmin":488,"ymin":228,"xmax":528,"ymax":276}},{"name":"close","bndbox":{"xmin":448,"ymin":236,"xmax":476,"ymax":264}},{"name":"close","bndbox":{"xmin":44,"ymin":436,"xmax":88,"ymax":468}},{"name":"arrow forward","bndbox":{"xmin":404,"ymin":388,"xmax":456,"ymax":456}}]},"time_labeled":1697374260920,"labeled":true,"size":{"width":540,"height":960,"depth":3}}