{"path":"C:\\Samsung Prism\\myvenv\\datasets\\images\\train\\1_4\\27165.jpg","outputs":{"object":[{"name":"play","bndbox":{"xmin":344,"ymin":1152,"xmax":496,"ymax":1296}},{"name":"pause","bndbox":{"xmin":680,"ymin":1168,"xmax":816,"ymax":1272}},{"name":"close","bndbox":{"xmin":480,"ymin":1312,"xmax":632,"ymax":1408}},{"name":"save","bndbox":{"xmin":136,"ymin":1320,"xmax":256,"ymax":1400}},{"name":"chat","bndbox":{"xmin":848,"ymin":1320,"xmax":976,"ymax":1392}},{"name":"expand more","bndbox":{"xmin":824,"ymin":1464,"xmax":920,"ymax":1544}}]},"time_labeled":1697375029032,"labeled":true,"size":{"width":1080,"height":1920,"depth":3}}