{"path":"C:\\Samsung Prism\\myvenv\\datasets\\images\\train\\1_4\\27163.jpg","outputs":{"object":[{"name":"play","bndbox":{"xmin":856,"ymin":88,"xmax":960,"ymax":200}},{"name":"play","bndbox":{"xmin":328,"ymin":1104,"xmax":528,"ymax":1288}},{"name":"pause","bndbox":{"xmin":656,"ymin":1192,"xmax":808,"ymax":1256}},{"name":"more","bndbox":{"xmin":1000,"ymin":96,"xmax":1064,"ymax":208}},{"name":"close","bndbox":{"xmin":472,"ymin":1320,"xmax":608,"ymax":1400}},{"name":"save","bndbox":{"xmin":104,"ymin":1320,"xmax":256,"ymax":1408}},{"name":"chat","bndbox":{"xmin":800,"ymin":1312,"xmax":952,"ymax":1392}},{"name":"expand more","bndbox":{"xmin":832,"ymin":1464,"xmax":904,"ymax":1528}}]},"time_labeled":1697374572079,"labeled":true,"size":{"width":1080,"height":1920,"depth":3}}