{"path":"C:\\Samsung Prism\\myvenv\\datasets\\images\\train\\1_4\\27184.jpg","outputs":{"object":[{"name":"menu","bndbox":{"xmin":4,"ymin":272,"xmax":56,"ymax":316}},{"name":"settings","bndbox":{"xmin":0,"ymin":476,"xmax":60,"ymax":528}},{"name":"star","bndbox":{"xmin":12,"ymin":600,"xmax":60,"ymax":652}},{"name":"close","bndbox":{"xmin":468,"ymin":160,"xmax":528,"ymax":256}},{"name":"search","bndbox":{"xmin":436,"ymin":36,"xmax":476,"ymax":100}},{"name":"more","bndbox":{"xmin":488,"ymin":36,"xmax":536,"ymax":120}},{"name":"add","bndbox":{"xmin":448,"ymin":776,"xmax":516,"ymax":880}}]},"time_labeled":1697377194351,"labeled":true,"size":{"width":540,"height":960,"depth":3}}