{"path":"C:\\Samsung Prism\\myvenv\\datasets\\images\\train\\1_4\\27183.jpg","outputs":{"object":[{"name":"menu","bndbox":{"xmin":-4,"ymin":52,"xmax":68,"ymax":96}},{"name":"search","bndbox":{"xmin":428,"ymin":36,"xmax":480,"ymax":92}},{"name":"more","bndbox":{"xmin":496,"ymin":32,"xmax":536,"ymax":100}},{"name":"close","bndbox":{"xmin":460,"ymin":180,"xmax":528,"ymax":240}},{"name":"add","bndbox":{"xmin":416,"ymin":784,"xmax":532,"ymax":892}},{"name":"expand more","bndbox":{"xmin":224,"ymin":292,"xmax":292,"ymax":340}}]},"time_labeled":1697377130734,"labeled":true,"size":{"width":540,"height":960,"depth":3}}