{"path":"C:\\Samsung Prism\\myvenv\\datasets\\images\\train\\1_4\\27187.jpg","outputs":{"object":[{"name":"settings","bndbox":{"xmin":960,"ymin":56,"xmax":1064,"ymax":184}},{"name":"play","bndbox":{"xmin":120,"ymin":416,"xmax":464,"ymax":712}},{"name":"star","bndbox":{"xmin":344,"ymin":1576,"xmax":456,"ymax":1664}},{"name":"menu","bndbox":{"xmin":928,"ymin":680,"xmax":1008,"ymax":768}},{"name":"menu","bndbox":{"xmin":360,"ymin":704,"xmax":536,"ymax":768}},{"name":"menu","bndbox":{"xmin":424,"ymin":1256,"xmax":528,"ymax":1312}},{"name":"menu","bndbox":{"xmin":928,"ymin":1240,"xmax":1008,"ymax":1328}}]},"time_labeled":1697377456688,"labeled":true,"size":{"width":1080,"height":1920,"depth":3}}