{"path":"C:\\Samsung Prism\\myvenv\\datasets\\images\\train\\1_4\\27182.jpg","outputs":{"object":[{"name":"menu","bndbox":{"xmin":20,"ymin":36,"xmax":60,"ymax":96}},{"name":"search","bndbox":{"xmin":432,"ymin":36,"xmax":480,"ymax":92}},{"name":"more","bndbox":{"xmin":492,"ymin":32,"xmax":528,"ymax":96}},{"name":"expand more","bndbox":{"xmin":220,"ymin":296,"xmax":280,"ymax":336}},{"name":"close","bndbox":{"xmin":468,"ymin":184,"xmax":524,"ymax":244}},{"name":"add","bndbox":{"xmin":448,"ymin":808,"xmax":536,"ymax":880}}]},"time_labeled":1697377071952,"labeled":true,"size":{"width":540,"height":960,"depth":3}}