{"path":"C:\\Samsung Prism\\myvenv\\datasets\\images\\train\\1_4\\27185.jpg","outputs":{"object":[{"name":"arrow backward","bndbox":{"xmin":8,"ymin":72,"xmax":120,"ymax":216}},{"name":"time","bndbox":{"xmin":24,"ymin":368,"xmax":104,"ymax":472}},{"name":"share","bndbox":{"xmin":32,"ymin":656,"xmax":96,"ymax":752}},{"name":"star","bndbox":{"xmin":24,"ymin":800,"xmax":112,"ymax":904}},{"name":"close","bndbox":{"xmin":920,"ymin":1656,"xmax":960,"ymax":1704}}]},"time_labeled":1697377268238,"labeled":true,"size":{"width":1080,"height":1920,"depth":3}}