{"path":"C:\\Samsung Prism\\myvenv\\datasets\\images\\train\\1_4\\27186.jpg","outputs":{"object":[{"name":"bluetooth","bndbox":{"xmin":792,"ymin":1160,"xmax":1016,"ymax":1368}},{"name":"arrow backward","bndbox":{"xmin":16,"ymin":56,"xmax":168,"ymax":224}},{"name":"time","bndbox":{"xmin":8,"ymin":384,"xmax":104,"ymax":472}},{"name":"share","bndbox":{"xmin":16,"ymin":672,"xmax":112,"ymax":752}},{"name":"star","bndbox":{"xmin":24,"ymin":816,"xmax":112,"ymax":896}}]},"time_labeled":1697377336589,"labeled":true,"size":{"width":1080,"height":1920,"depth":3}}