{"path":"C:\\Samsung Prism\\myvenv\\datasets\\images\\train\\1_4\\27180.jpg","outputs":{"object":[{"name":"arrow backward","bndbox":{"xmin":20,"ymin":40,"xmax":52,"ymax":100}},{"name":"star","bndbox":{"xmin":480,"ymin":180,"xmax":524,"ymax":224}},{"name":"star","bndbox":{"xmin":476,"ymin":320,"xmax":516,"ymax":364}},{"name":"more","bndbox":{"xmin":488,"ymin":268,"xmax":528,"ymax":308}},{"name":"more","bndbox":{"xmin":480,"ymin":408,"xmax":512,"ymax":460}}]},"time_labeled":1697376977351,"labeled":true,"size":{"width":540,"height":960,"depth":3}}