{"path":"C:\\Samsung Prism\\myvenv\\datasets\\images\\train\\1_4\\27226.jpg","outputs":{"object":[{"name":"play","bndbox":{"xmin":840,"ymin":1448,"xmax":960,"ymax":1568}},{"name":"close","bndbox":{"xmin":936,"ymin":80,"xmax":1048,"ymax":176}},{"name":"star","bndbox":{"xmin":672,"ymin":1360,"xmax":720,"ymax":1448}},{"name":"star","bndbox":{"xmin":728,"ymin":1352,"xmax":776,"ymax":1440}},{"name":"star","bndbox":{"xmin":784,"ymin":1352,"xmax":832,"ymax":1440}},{"name":"star","bndbox":{"xmin":840,"ymin":1352,"xmax":912,"ymax":1440}}]},"time_labeled":1697393506800,"labeled":true,"size":{"width":1080,"height":1920,"depth":3}}