{"path":"C:\\Samsung Prism\\myvenv\\datasets\\images\\train\\1_4\\27236.jpg","outputs":{"object":[{"name":"share","bndbox":{"xmin":32,"ymin":280,"xmax":96,"ymax":344}},{"name":"arrow forward","bndbox":{"xmin":968,"ymin":248,"xmax":1040,"ymax":328}},{"name":"arrow forward","bndbox":{"xmin":976,"ymin":392,"xmax":1048,"ymax":472}},{"name":"arrow forward","bndbox":{"xmin":992,"ymin":584,"xmax":1056,"ymax":680}},{"name":"arrow forward","bndbox":{"xmin":968,"ymin":760,"xmax":1048,"ymax":856}},{"name":"arrow forward","bndbox":{"xmin":968,"ymin":936,"xmax":1048,"ymax":1040}},{"name":"arrow forward","bndbox":{"xmin":984,"ymin":1120,"xmax":1056,"ymax":1232}},{"name":"arrow forward","bndbox":{"xmin":944,"ymin":1304,"xmax":1048,"ymax":1416}},{"name":"arrow forward","bndbox":{"xmin":952,"ymin":1480,"xmax":1072,"ymax":1616}},{"name":"arrow forward","bndbox":{"xmin":992,"ymin":1672,"xmax":1040,"ymax":1776}}]},"time_labeled":1697393889652,"labeled":true,"size":{"width":1080,"height":1920,"depth":3}}