{"path":"C:\\Samsung Prism\\myvenv\\datasets\\images\\train\\1_4\\27232.jpg","outputs":{"object":[{"name":"play","bndbox":{"xmin":288,"ymin":1408,"xmax":376,"ymax":1520}},{"name":"close","bndbox":{"xmin":960,"ymin":40,"xmax":1040,"ymax":120}},{"name":"star","bndbox":{"xmin":312,"ymin":1192,"xmax":360,"ymax":1240}},{"name":"star","bndbox":{"xmin":368,"ymin":1200,"xmax":408,"ymax":1240}},{"name":"star","bndbox":{"xmin":408,"ymin":1200,"xmax":448,"ymax":1256}},{"name":"star","bndbox":{"xmin":448,"ymin":1200,"xmax":512,"ymax":1264}},{"name":"star","bndbox":{"xmin":496,"ymin":1200,"xmax":552,"ymax":1264}}]},"time_labeled":1697393625287,"labeled":true,"size":{"width":1080,"height":1920,"depth":3}}