{"path":"C:\\Samsung Prism\\myvenv\\datasets\\images\\train\\1_4\\27258.jpg","outputs":{"object":[{"name":"arrow backward","bndbox":{"xmin":208,"ymin":1120,"xmax":312,"ymax":1264}},{"name":"arrow forward","bndbox":{"xmin":760,"ymin":1128,"xmax":952,"ymax":1296}},{"name":"arrow forward","bndbox":{"xmin":808,"ymin":1688,"xmax":896,"ymax":1768}},{"name":"close","bndbox":{"xmin":888,"ymin":1664,"xmax":952,"ymax":1736}}]},"time_labeled":1697394451841,"labeled":true,"size":{"width":1080,"height":1920,"depth":3}}