{"path":"C:\\Samsung Prism\\myvenv\\datasets\\images\\train\\1_4\\27267.jpg","outputs":{"object":[{"name":"arrow backward","bndbox":{"xmin":8,"ymin":836,"xmax":48,"ymax":892}},{"name":"menu","bndbox":{"xmin":60,"ymin":840,"xmax":104,"ymax":888}},{"name":"cart","bndbox":{"xmin":456,"ymin":832,"xmax":548,"ymax":896}},{"name":"star","bndbox":{"xmin":12,"ymin":444,"xmax":28,"ymax":464}},{"name":"star","bndbox":{"xmin":32,"ymin":444,"xmax":48,"ymax":472}},{"name":"star","bndbox":{"xmin":48,"ymin":448,"xmax":68,"ymax":472}},{"name":"star","bndbox":{"xmin":64,"ymin":440,"xmax":92,"ymax":476}}]},"time_labeled":1697465209085,"labeled":true,"size":{"width":540,"height":960,"depth":3}}