{"path":"C:\\Samsung Prism\\myvenv\\datasets\\images\\train\\1_4\\27275.jpg","outputs":{"object":[{"name":"arrow backward","bndbox":{"xmin":4,"ymin":36,"xmax":64,"ymax":84}},{"name":"expand more","bndbox":{"xmin":68,"ymin":104,"xmax":96,"ymax":132}},{"name":"expand more","bndbox":{"xmin":164,"ymin":104,"xmax":196,"ymax":132}},{"name":"expand more","bndbox":{"xmin":296,"ymin":100,"xmax":328,"ymax":144}},{"name":"expand more","bndbox":{"xmin":388,"ymin":96,"xmax":420,"ymax":136}},{"name":"expand more","bndbox":{"xmin":480,"ymin":100,"xmax":524,"ymax":140}},{"name":"search","bndbox":{"xmin":76,"ymin":832,"xmax":124,"ymax":876}},{"name":"cart","bndbox":{"xmin":140,"ymin":832,"xmax":200,"ymax":884}}]},"time_labeled":1697465338887,"labeled":true,"size":{"width":540,"height":960,"depth":3}}