{"path":"C:\\Samsung Prism\\myvenv\\datasets\\images\\train\\1_4\\27277.jpg","outputs":{"object":[{"name":"cart","bndbox":{"xmin":144,"ymin":824,"xmax":192,"ymax":880}},{"name":"search","bndbox":{"xmin":80,"ymin":832,"xmax":128,"ymax":884}},{"name":"arrow backward","bndbox":{"xmin":12,"ymin":36,"xmax":44,"ymax":84}},{"name":"expand more","bndbox":{"xmin":68,"ymin":108,"xmax":104,"ymax":136}},{"name":"expand more","bndbox":{"xmin":168,"ymin":108,"xmax":188,"ymax":124}},{"name":"expand more","bndbox":{"xmin":304,"ymin":104,"xmax":316,"ymax":132}},{"name":"expand more","bndbox":{"xmin":380,"ymin":104,"xmax":420,"ymax":136}},{"name":"expand more","bndbox":{"xmin":492,"ymin":100,"xmax":524,"ymax":152}}]},"time_labeled":1697465403277,"labeled":true,"size":{"width":540,"height":960,"depth":3}}