{"path":"C:\\Samsung Prism\\myvenv\\datasets\\images\\train\\1_4\\27282.jpg","outputs":{"object":[{"name":"menu","bndbox":{"xmin":16,"ymin":44,"xmax":64,"ymax":92}},{"name":"arrow forward","bndbox":{"xmin":488,"ymin":276,"xmax":536,"ymax":316}},{"name":"arrow forward","bndbox":{"xmin":488,"ymin":324,"xmax":520,"ymax":360}},{"name":"search","bndbox":{"xmin":84,"ymin":836,"xmax":116,"ymax":880}},{"name":"cart","bndbox":{"xmin":148,"ymin":828,"xmax":200,"ymax":896}}]},"time_labeled":1697465722507,"labeled":true,"size":{"width":540,"height":960,"depth":3}}