{"path":"C:\\Samsung Prism\\myvenv\\datasets\\images\\train\\1_4\\27280.jpg","outputs":{"object":[{"name":"arrow backward","bndbox":{"xmin":12,"ymin":36,"xmax":60,"ymax":92}},{"name":"expand more","bndbox":{"xmin":72,"ymin":104,"xmax":92,"ymax":132}},{"name":"expand more","bndbox":{"xmin":168,"ymin":108,"xmax":192,"ymax":136}},{"name":"expand more","bndbox":{"xmin":300,"ymin":100,"xmax":320,"ymax":128}},{"name":"expand more","bndbox":{"xmin":388,"ymin":96,"xmax":420,"ymax":140}},{"name":"expand more","bndbox":{"xmin":492,"ymin":96,"xmax":528,"ymax":152}},{"name":"search","bndbox":{"xmin":76,"ymin":832,"xmax":128,"ymax":880}},{"name":"cart","bndbox":{"xmin":144,"ymin":828,"xmax":200,"ymax":884}}]},"time_labeled":1697465502652,"labeled":true,"size":{"width":540,"height":960,"depth":3}}