{"path":"C:\\Samsung Prism\\myvenv\\datasets\\images\\train\\1_4\\27321.jpg","outputs":{"object":[{"name":"arrow backward","bndbox":{"xmin":24,"ymin":80,"xmax":152,"ymax":200}},{"name":"expand more","bndbox":{"xmin":984,"ymin":224,"xmax":1064,"ymax":304}},{"name":"expand more","bndbox":{"xmin":1000,"ymin":744,"xmax":1072,"ymax":816}},{"name":"expand more","bndbox":{"xmin":976,"ymin":1032,"xmax":1064,"ymax":1120}}]},"time_labeled":1697466097292,"labeled":true,"size":{"width":1080,"height":1920,"depth":3}}