{"path":"C:\\Samsung Prism\\myvenv\\datasets\\images\\train\\1_4\\27322.jpg","outputs":{"object":[{"name":"expand more","bndbox":{"xmin":984,"ymin":248,"xmax":1080,"ymax":312}},{"name":"expand more","bndbox":{"xmin":984,"ymin":720,"xmax":1080,"ymax":816}},{"name":"expand more","bndbox":{"xmin":984,"ymin":1032,"xmax":1064,"ymax":1104}},{"name":"arrow backward","bndbox":{"xmin":40,"ymin":96,"xmax":128,"ymax":160}}]},"time_labeled":1697466126773,"labeled":true,"size":{"width":1080,"height":1920,"depth":3}}