{"path":"C:\\Samsung Prism\\myvenv\\datasets\\images\\train\\1_4\\27328.jpg","outputs":{"object":[{"name":"arrow forward","bndbox":{"xmin":928,"ymin":432,"xmax":1048,"ymax":520}},{"name":"arrow forward","bndbox":{"xmin":928,"ymin":632,"xmax":1064,"ymax":776}},{"name":"arrow forward","bndbox":{"xmin":920,"ymin":880,"xmax":1080,"ymax":1008}},{"name":"arrow forward","bndbox":{"xmin":928,"ymin":1120,"xmax":1304,"ymax":1240}},{"name":"arrow forward","bndbox":{"xmin":904,"ymin":1368,"xmax":1048,"ymax":1512}},{"name":"arrow forward","bndbox":{"xmin":920,"ymin":1616,"xmax":1024,"ymax":1920}}]},"time_labeled":1697466598807,"labeled":true,"size":{"width":1080,"height":1920,"depth":3}}