{"path":"C:\\Samsung Prism\\myvenv\\datasets\\images\\train\\1_4\\27326.jpg","outputs":{"object":[{"name":"arrow backward","bndbox":{"xmin":24,"ymin":80,"xmax":136,"ymax":200}},{"name":"expand more","bndbox":{"xmin":984,"ymin":248,"xmax":1048,"ymax":296}},{"name":"expand more","bndbox":{"xmin":968,"ymin":712,"xmax":1056,"ymax":800}},{"name":"expand more","bndbox":{"xmin":976,"ymin":840,"xmax":1056,"ymax":904}}]},"time_labeled":1697466529859,"labeled":true,"size":{"width":1080,"height":1920,"depth":3}}