{"path":"C:\\Samsung Prism\\myvenv\\datasets\\images\\train\\1_4\\27338.jpg","outputs":{"object":[{"name":"arrow backward","bndbox":{"xmin":20,"ymin":44,"xmax":52,"ymax":88}},{"name":"notifications","bndbox":{"xmin":432,"ymin":184,"xmax":464,"ymax":228}},{"name":"notifications","bndbox":{"xmin":432,"ymin":296,"xmax":468,"ymax":344}},{"name":"notifications","bndbox":{"xmin":420,"ymin":404,"xmax":468,"ymax":448}}]},"time_labeled":1697468783671,"labeled":true,"size":{"width":540,"height":960,"depth":3}}