{"path":"C:\\Samsung Prism\\myvenv\\datasets\\images\\train\\1_4\\27339.jpg","outputs":{"object":[{"name":"arrow backward","bndbox":{"xmin":16,"ymin":44,"xmax":68,"ymax":88}},{"name":"arrow backward","bndbox":{"xmin":-8,"ymin":256,"xmax":48,"ymax":304}},{"name":"arrow forward","bndbox":{"xmin":500,"ymin":236,"xmax":544,"ymax":300}},{"name":"close","bndbox":{"xmin":408,"ymin":428,"xmax":452,"ymax":460}},{"name":"info","bndbox":{"xmin":440,"ymin":332,"xmax":500,"ymax":400}}]},"time_labeled":1697468831395,"labeled":true,"size":{"width":540,"height":960,"depth":3}}