{"path":"C:\\Samsung Prism\\myvenv\\datasets\\images\\train\\1_4\\27340.jpg","outputs":{"object":[{"name":"arrow backward","bndbox":{"xmin":12,"ymin":40,"xmax":60,"ymax":92}},{"name":"info","bndbox":{"xmin":20,"ymin":116,"xmax":84,"ymax":156}},{"name":"info","bndbox":{"xmin":8,"ymin":168,"xmax":76,"ymax":224}},{"name":"info","bndbox":{"xmin":8,"ymin":236,"xmax":64,"ymax":284}},{"name":"info","bndbox":{"xmin":24,"ymin":344,"xmax":64,"ymax":400}},{"name":"info","bndbox":{"xmin":24,"ymin":428,"xmax":72,"ymax":476}},{"name":"info","bndbox":{"xmin":12,"ymin":492,"xmax":76,"ymax":548}},{"name":"info","bndbox":{"xmin":12,"ymin":560,"xmax":72,"ymax":616}},{"name":"info","bndbox":{"xmin":16,"ymin":628,"xmax":76,"ymax":688}},{"name":"info","bndbox":{"xmin":16,"ymin":700,"xmax":76,"ymax":756}},{"name":"info","bndbox":{"xmin":4,"ymin":808,"xmax":76,"ymax":868}}]},"time_labeled":1697468904068,"labeled":true,"size":{"width":540,"height":960,"depth":3}}