{"path":"C:\\Samsung Prism\\myvenv\\datasets\\images\\train\\1_4\\27355.jpg","outputs":{"object":[{"name":"arrow backward","bndbox":{"xmin":-8,"ymin":96,"xmax":32,"ymax":152}},{"name":"arrow backward","bndbox":{"xmin":376,"ymin":72,"xmax":456,"ymax":160}},{"name":"share","bndbox":{"xmin":512,"ymin":72,"xmax":624,"ymax":168}},{"name":"more","bndbox":{"xmin":960,"ymin":40,"xmax":1048,"ymax":168}},{"name":"search","bndbox":{"xmin":984,"ymin":208,"xmax":1048,"ymax":296}},{"name":"refresh","bndbox":{"xmin":656,"ymin":80,"xmax":744,"ymax":160}}]},"time_labeled":1697469218175,"labeled":true,"size":{"width":1080,"height":1920,"depth":3}}