{"path":"C:\\Samsung Prism\\myvenv\\datasets\\images\\train\\1_4\\27357.jpg","outputs":{"object":[{"name":"arrow backward","bndbox":{"xmin":-8,"ymin":80,"xmax":40,"ymax":184}},{"name":"camera","bndbox":{"xmin":184,"ymin":472,"xmax":264,"ymax":568}},{"name":"add","bndbox":{"xmin":352,"ymin":768,"xmax":440,"ymax":848}},{"name":"add","bndbox":{"xmin":248,"ymin":1288,"xmax":344,"ymax":1368}},{"name":"add","bndbox":{"xmin":296,"ymin":1536,"xmax":384,"ymax":1648}},{"name":"menu","bndbox":{"xmin":888,"ymin":1656,"xmax":1024,"ymax":1800}}]},"time_labeled":1697469349464,"labeled":true,"size":{"width":1080,"height":1920,"depth":3}}