{"path":"C:\\Samsung Prism\\myvenv\\datasets\\images\\train\\1_4\\27366.jpg","outputs":{"object":[{"name":"arrow backward","bndbox":{"xmin":0,"ymin":72,"xmax":40,"ymax":168}},{"name":"arrow forward","bndbox":{"xmin":968,"ymin":1128,"xmax":1072,"ymax":1240}},{"name":"share","bndbox":{"xmin":816,"ymin":88,"xmax":920,"ymax":184}},{"name":"expand more","bndbox":{"xmin":648,"ymin":1448,"xmax":752,"ymax":1528}},{"name":"menu","bndbox":{"xmin":880,"ymin":1672,"xmax":1080,"ymax":1824}}]},"time_labeled":1697865239330,"labeled":true,"size":{"width":1080,"height":1920,"depth":3}}