{"path":"C:\\Samsung Prism\\myvenv\\datasets\\images\\train\\1_4\\27368.jpg","outputs":{"object":[{"name":"arrow backward","bndbox":{"xmin":8,"ymin":80,"xmax":56,"ymax":192}},{"name":"check","bndbox":{"xmin":992,"ymin":280,"xmax":1056,"ymax":344}},{"name":"refresh","bndbox":{"xmin":448,"ymin":664,"xmax":616,"ymax":816}},{"name":"arrow forward","bndbox":{"xmin":992,"ymin":1352,"xmax":1104,"ymax":1480}},{"name":"menu","bndbox":{"xmin":888,"ymin":1664,"xmax":1008,"ymax":1784}}]},"time_labeled":1697865333291,"labeled":true,"size":{"width":1080,"height":1920,"depth":3}}