{"path":"C:\\Samsung Prism\\myvenv\\datasets\\images\\train\\1_4\\27373.jpg","outputs":{"object":[{"name":"edit","bndbox":{"xmin":40,"ymin":600,"xmax":176,"ymax":696}},{"name":"settings","bndbox":{"xmin":32,"ymin":736,"xmax":152,"ymax":864}},{"name":"chat","bndbox":{"xmin":40,"ymin":1464,"xmax":176,"ymax":1648}},{"name":"menu","bndbox":{"xmin":888,"ymin":1664,"xmax":1024,"ymax":1816}},{"name":"arrow forward","bndbox":{"xmin":1000,"ymin":1480,"xmax":1080,"ymax":1600}},{"name":"arrow forward","bndbox":{"xmin":1000,"ymin":1256,"xmax":1072,"ymax":1416}},{"name":"arrow forward","bndbox":{"xmin":1008,"ymin":240,"xmax":1080,"ymax":376}},{"name":"arrow forward","bndbox":{"xmin":1008,"ymin":408,"xmax":1064,"ymax":528}},{"name":"arrow forward","bndbox":{"xmin":992,"ymin":584,"xmax":1104,"ymax":672}},{"name":"arrow forward","bndbox":{"xmin":984,"ymin":720,"xmax":1064,"ymax":880}},{"name":"arrow forward","bndbox":{"xmin":960,"ymin":944,"xmax":1232,"ymax":1032}},{"name":"arrow forward","bndbox":{"xmin":1000,"ymin":1080,"xmax":1072,"ymax":1224}}]},"time_labeled":1697865551190,"labeled":true,"size":{"width":1080,"height":1920,"depth":3}}