{"path":"C:\\Samsung Prism\\myvenv\\datasets\\images\\train\\1_4\\27372.jpg","outputs":{"object":[{"name":"time","bndbox":{"xmin":16,"ymin":592,"xmax":240,"ymax":768}},{"name":"arrow backward","bndbox":{"xmin":-8,"ymin":96,"xmax":56,"ymax":184}},{"name":"share","bndbox":{"xmin":792,"ymin":64,"xmax":944,"ymax":208}},{"name":"time","bndbox":{"xmin":32,"ymin":880,"xmax":80,"ymax":928}},{"name":"menu","bndbox":{"xmin":888,"ymin":1648,"xmax":1064,"ymax":1784}}]},"time_labeled":1697865456473,"labeled":true,"size":{"width":1080,"height":1920,"depth":3}}