{"path":"C:\\Samsung Prism\\myvenv\\datasets\\images\\train\\1_4\\27375.jpg","outputs":{"object":[{"name":"arrow backward","bndbox":{"xmin":-8,"ymin":64,"xmax":48,"ymax":208}},{"name":"check","bndbox":{"xmin":968,"ymin":264,"xmax":1064,"ymax":376}},{"name":"refresh","bndbox":{"xmin":432,"ymin":680,"xmax":608,"ymax":832}},{"name":"arrow forward","bndbox":{"xmin":984,"ymin":1336,"xmax":1072,"ymax":1488}},{"name":"menu","bndbox":{"xmin":888,"ymin":1664,"xmax":1024,"ymax":1808}}]},"time_labeled":1697865627600,"labeled":true,"size":{"width":1080,"height":1920,"depth":3}}