{"path":"C:\\Samsung Prism\\myvenv\\datasets\\images\\train\\1_4\\27378.jpg","outputs":{"object":[{"name":"menu","bndbox":{"xmin":864,"ymin":1640,"xmax":1024,"ymax":1792}},{"name":"expand more","bndbox":{"xmin":136,"ymin":1160,"xmax":248,"ymax":1264}},{"name":"arrow backward","bndbox":{"xmin":0,"ymin":96,"xmax":40,"ymax":168}},{"name":"arrow forward","bndbox":{"xmin":936,"ymin":584,"xmax":1040,"ymax":712}},{"name":"settings","bndbox":{"xmin":88,"ymin":424,"xmax":304,"ymax":608}},{"name":"share","bndbox":{"xmin":784,"ymin":56,"xmax":944,"ymax":192}}]},"time_labeled":1697865736999,"labeled":true,"size":{"width":1080,"height":1920,"depth":3}}