{"path":"C:\\Samsung Prism\\myvenv\\datasets\\images\\train\\1_4\\27387.jpg","outputs":{"object":[{"name":"close","bndbox":{"xmin":24,"ymin":16,"xmax":176,"ymax":176}},{"name":"star","bndbox":{"xmin":368,"ymin":1616,"xmax":424,"ymax":1664}},{"name":"star","bndbox":{"xmin":424,"ymin":1624,"xmax":472,"ymax":1664}},{"name":"star","bndbox":{"xmin":472,"ymin":1624,"xmax":504,"ymax":1680}},{"name":"star","bndbox":{"xmin":504,"ymin":1608,"xmax":552,"ymax":1688}},{"name":"star","bndbox":{"xmin":544,"ymin":1640,"xmax":592,"ymax":1680}},{"name":"camera","bndbox":{"xmin":440,"ymin":1344,"xmax":656,"ymax":1544}},{"name":"camera","bndbox":{"xmin":760,"ymin":1080,"xmax":1240,"ymax":1328}}]},"time_labeled":1697866353352,"labeled":true,"size":{"width":1080,"height":1920,"depth":3}}