{"path":"C:\\Samsung Prism\\myvenv\\datasets\\images\\train\\1_4\\27384.jpg","outputs":{"object":[{"name":"arrow backward","bndbox":{"xmin":-8,"ymin":72,"xmax":40,"ymax":168}},{"name":"arrow backward","bndbox":{"xmin":-8,"ymin":600,"xmax":128,"ymax":720}},{"name":"share","bndbox":{"xmin":824,"ymin":56,"xmax":920,"ymax":184}},{"name":"expand more","bndbox":{"xmin":152,"ymin":1160,"xmax":256,"ymax":1248}},{"name":"menu","bndbox":{"xmin":888,"ymin":1664,"xmax":1024,"ymax":1792}}]},"time_labeled":1697866215738,"labeled":true,"size":{"width":1080,"height":1920,"depth":3}}