{"path":"C:\\Samsung Prism\\myvenv\\datasets\\images\\train\\1_4\\27391.jpg","outputs":{"object":[{"name":"more","bndbox":{"xmin":992,"ymin":80,"xmax":1048,"ymax":208}},{"name":"arrow backward","bndbox":{"xmin":0,"ymin":88,"xmax":120,"ymax":208}},{"name":"check","bndbox":{"xmin":896,"ymin":360,"xmax":984,"ymax":496}},{"name":"check","bndbox":{"xmin":904,"ymin":808,"xmax":984,"ymax":920}},{"name":"check","bndbox":{"xmin":904,"ymin":1008,"xmax":1032,"ymax":1120}},{"name":"arrow forward","bndbox":{"xmin":904,"ymin":1656,"xmax":1032,"ymax":1808}}]},"time_labeled":1697866479511,"labeled":true,"size":{"width":1080,"height":1920,"depth":3}}