{"path":"C:\\Samsung Prism\\myvenv\\datasets\\images\\train\\1_4\\27400.jpg","outputs":{"object":[{"name":"arrow backward","bndbox":{"xmin":48,"ymin":88,"xmax":120,"ymax":216}},{"name":"search","bndbox":{"xmin":24,"ymin":216,"xmax":96,"ymax":288}},{"name":"check","bndbox":{"xmin":40,"ymin":328,"xmax":144,"ymax":408}},{"name":"check","bndbox":{"xmin":248,"ymin":312,"xmax":368,"ymax":424}},{"name":"expand more","bndbox":{"xmin":1032,"ymin":104,"xmax":1064,"ymax":168}},{"name":"close","bndbox":{"xmin":952,"ymin":216,"xmax":1080,"ymax":312}}]},"time_labeled":1697866699707,"labeled":true,"size":{"width":1080,"height":1920,"depth":3}}