{"path":"C:\\Samsung Prism\\myvenv\\datasets\\images\\train\\1_4\\27402.jpg","outputs":{"object":[{"name":"menu","bndbox":{"xmin":32,"ymin":88,"xmax":144,"ymax":184}},{"name":"arrow backward","bndbox":{"xmin":176,"ymin":88,"xmax":288,"ymax":192}},{"name":"arrow forward","bndbox":{"xmin":664,"ymin":80,"xmax":752,"ymax":184}},{"name":"expand more","bndbox":{"xmin":888,"ymin":80,"xmax":960,"ymax":200}},{"name":"search","bndbox":{"xmin":960,"ymin":56,"xmax":1080,"ymax":216}}]},"time_labeled":1697866770522,"labeled":true,"size":{"width":1080,"height":1920,"depth":3}}