{"path":"C:\\Samsung Prism\\myvenv\\datasets\\images\\train\\1_4\\27407.jpg","outputs":{"object":[{"name":"arrow backward","bndbox":{"xmin":56,"ymin":880,"xmax":176,"ymax":976}},{"name":"arrow forward","bndbox":{"xmin":488,"ymin":872,"xmax":568,"ymax":968}},{"name":"refresh","bndbox":{"xmin":256,"ymin":848,"xmax":384,"ymax":976}},{"name":"settings","bndbox":{"xmin":48,"ymin":1024,"xmax":104,"ymax":1088}},{"name":"time","bndbox":{"xmin":856,"ymin":80,"xmax":960,"ymax":200}},{"name":"more","bndbox":{"xmin":1000,"ymin":80,"xmax":1048,"ymax":160}}]},"time_labeled":1697866988993,"labeled":true,"size":{"width":1080,"height":1920,"depth":3}}